{
"type": "FeatureCollection",
"name": "populated-places-clipped",
"crs": { "type": "name", "properties": { "name": "urn:ogc:def:crs:OGC:1.3:CRS84" } },
"features": [
{"type":"Feature","properties":{"SCALERANK":8,"NATSCALE":10,"LABELRANK":2,"FEATURECLA":"Populated place","NAME":"Shilka","NAMEPAR":null,"NAMEALT":null,"NAMEASCII":"Shilka","ADM0CAP":0,"CAPIN":null,"WORLDCITY":0,"MEGACITY":0,"SOV0NAME":"Russia","SOV_A3":"RUS","ADM0NAME":"Russia","ADM0_A3":"RUS","ADM1NAME":"Chita","ISO_A2":"RU","NOTE":null,"LATITUDE":51.870566,"LONGITUDE":116.030633,"POP_MAX":14132,"POP_MIN":6990,"POP_OTHER":0,"RANK_MAX":6,"RANK_MIN":5,"MEGANAME":null,"LS_NAME":"Shilka","MAX_POP10":6990,"MAX_POP20":0,"MAX_POP50":0,"MAX_POP300":0,"MAX_POP310":0,"MAX_NATSCA":10,"MIN_AREAKM":12,"MAX_AREAKM":12,"MIN_AREAMI":5,"MAX_AREAMI":5,"MIN_PERKM":24,"MAX_PERKM":24,"MIN_PERMI":15,"MAX_PERMI":15,"MIN_BBXMIN":116.0,"MAX_BBXMIN":116.0,"MIN_BBXMAX":116.075,"MAX_BBXMAX":116.075,"MIN_BBYMIN":51.833333,"MAX_BBYMIN":51.833333,"MIN_BBYMAX":51.875,"MAX_BBYMAX":51.875,"MEAN_BBXC":116.033712,"MEAN_BBYC":51.854545,"TIMEZONE":"Asia/Yakutsk","UN_FID":0,"POP1950":0,"POP1955":0,"POP1960":0,"POP1965":0,"POP1970":0,"POP1975":0,"POP1980":0,"POP1985":0,"POP1990":0,"POP1995":0,"POP2000":0,"POP2005":0,"POP2010":0,"POP2015":0,"POP2020":0,"POP2025":0,"POP2050":0,"MIN_ZOOM":7.0,"WIKIDATAID":"Q198306","WOF_ID":890485799,"CAPALT":0,"NAME_EN":"Shilka","NAME_DE":"Schilka","NAME_ES":"Shilka","NAME_FR":"Chilka","NAME_PT":"Shilka","NAME_RU":"Шилка","NAME_ZH":"石勒喀","LABEL":null,"NAME_AR":"شيلكا","NAME_BN":"শিলকা","NAME_EL":"Σίλκα","NAME_HI":"शिल्का","NAME_HU":"Silka","NAME_ID":"Shilka","NAME_IT":"Šilka","NAME_JA":"シルカ","NAME_KO":"실카","NAME_NL":"Sjilka","NAME_PL":"Szyłka","NAME_SV":"Sjilka","NAME_TR":"Şilka","NAME_VI":"Shilka","NE_ID":1159128955,"NAME_FA":"شیلکا","NAME_HE":"שילקה","NAME_UK":"Шилка","NAME_UR":"شلکا","NAME_ZHT":"石勒喀","GEONAMESID":2016708,"FCLASS_ISO":null,"FCLASS_US":null,"FCLASS_FR":null,"FCLASS_RU":null,"FCLASS_ES":null,"FCLASS_CN":null,"FCLASS_TW":null,"FCLASS_IN":null,"FCLASS_NP":null,"FCLASS_PK":null,"FCLASS_DE":null,"FCLASS_GB":null,"FCLASS_BR":null,"FCLASS_IL":null,"FCLASS_PS":null,"FCLASS_SA":null,"FCLASS_EG":null,"FCLASS_MA":null,"FCLASS_PT":null,"FCLASS_AR":null,"FCLASS_JP":null,"FCLASS_KO":null,"FCLASS_VN":null,"FCLASS_TR":null,"FCLASS_ID":null,"FCLASS_PL":null,"FCLASS_GR":null,"FCLASS_IT":null,"FCLASS_NL":null,"FCLASS_SE":null,"FCLASS_BD":null,"FCLASS_UA":null,"FCLASS_TLC":null},"geometry":{"type":"Point","coordinates":[116.0306331,51.8705664]}},
{"type":"Feature","properties":{"SCALERANK":8,"NATSCALE":10,"LABELRANK":2,"FEATURECLA":"Populated place","NAME":"Sherlovaya Gora","NAMEPAR":null,"NAMEALT":null,"NAMEASCII":"Sherlovaya Gora","ADM0CAP":0,"CAPIN":null,"WORLDCITY":0,"MEGACITY":0,"SOV0NAME":"Russia","SOV_A3":"RUS","ADM0NAME":"Russia","ADM0_A3":"RUS","ADM1NAME":"Chita","ISO_A2":"RU","NOTE":null,"LATITUDE":50.530597,"LONGITUDE":116.300643,"POP_MAX":411,"POP_MIN":411,"POP_OTHER":411,"RANK_MAX":2,"RANK_MIN":2,"MEGANAME":null,"LS_NAME":"Sherlovaya Gora","MAX_POP10":411,"MAX_POP20":0,"MAX_POP50":0,"MAX_POP300":0,"MAX_POP310":0,"MAX_NATSCA":10,"MIN_AREAKM":1,"MAX_AREAKM":1,"MIN_AREAMI":0,"MAX_AREAMI":0,"MIN_PERKM":5,"MAX_PERKM":5,"MIN_PERMI":3,"MAX_PERMI":3,"MIN_BBXMIN":116.291667,"MAX_BBXMIN":116.291667,"MIN_BBXMAX":116.308333,"MAX_BBXMAX":116.308333,"MIN_BBYMIN":50.525,"MAX_BBYMIN":50.525,"MIN_BBYMAX":50.533333,"MAX_BBYMAX":50.533333,"MEAN_BBXC":116.3,"MEAN_BBYC":50.529167,"TIMEZONE":null,"UN_FID":0,"POP1950":0,"POP1955":0,"POP1960":0,"POP1965":0,"POP1970":0,"POP1975":0,"POP1980":0,"POP1985":0,"POP1990":0,"POP1995":0,"POP2000":0,"POP2005":0,"POP2010":0,"POP2015":0,"POP2020":0,"POP2025":0,"POP2050":0,"MIN_ZOOM":7.0,"WIKIDATAID":"Q1627105","WOF_ID":1141906463,"CAPALT":0,"NAME_EN":"Sherlovaya Gora","NAME_DE":"Scherlowaja Gora","NAME_ES":"Sherlovaya Gora","NAME_FR":"Sherlovaya Gora","NAME_PT":"Sherlovaya Gora","NAME_RU":"Шерловая Гора","NAME_ZH":"外贝加尔边疆区","LABEL":"Sherlovaya Gora","NAME_AR":"شيرلوفايا جورا","NAME_BN":"শেরলোভায়া গোরা","NAME_EL":"Σερλόβαγια Γκόρα","NAME_HI":"शेर्लोवाया गोरा","NAME_HU":"Sherlovaya Gora","NAME_ID":"Sherlovaya Gora","NAME_IT":"Sherlovaya Gora","NAME_JA":"シェルロヴァヤゴラ","NAME_KO":"셜로바야 고라","NAME_NL":"Sjerlovaja Gora","NAME_PL":"Sherlovaya Gora","NAME_SV":"Sjerlovaja Gora","NAME_TR":"Sherlovaya Gora","NAME_VI":"Sherlovaya Gora","NE_ID":1159128959,"NAME_FA":"شرلووایا گورا","NAME_HE":"שרלובאיה גורה","NAME_UK":"Шерловая Гора","NAME_UR":"شیرلوایا گورا","NAME_ZHT":"雪洛娃山","GEONAMESID":-1,"FCLASS_ISO":null,"FCLASS_US":null,"FCLASS_FR":null,"FCLASS_RU":null,"FCLASS_ES":null,"FCLASS_CN":null,"FCLASS_TW":null,"FCLASS_IN":null,"FCLASS_NP":null,"FCLASS_PK":null,"FCLASS_DE":null,"FCLASS_GB":null,"FCLASS_BR":null,"FCLASS_IL":null,"FCLASS_PS":null,"FCLASS_SA":null,"FCLASS_EG":null,"FCLASS_MA":null,"FCLASS_PT":null,"FCLASS_AR":null,"FCLASS_JP":null,"FCLASS_KO":null,"FCLASS_VN":null,"FCLASS_TR":null,"FCLASS_ID":null,"FCLASS_PL":null,"FCLASS_GR":null,"FCLASS_IT":null,"FCLASS_NL":null,"FCLASS_SE":null,"FCLASS_BD":null,"FCLASS_UA":null,"FCLASS_TLC":null},"geometry":{"type":"Point","coordinates":[116.3006425,50.5305965]}},
{"type":"Feature","properties":{"SCALERANK":8,"NATSCALE":10,"LABELRANK":2,"FEATURECLA":"Populated place","NAME":"Arsenyev","NAMEPAR":null,"NAMEALT":null,"NAMEASCII":"Arsenyev","ADM0CAP":0,"CAPIN":null,"WORLDCITY":0,"MEGACITY":0,"SOV0NAME":"Russia","SOV_A3":"RUS","ADM0NAME":"Russia","ADM0_A3":"RUS","ADM1NAME":"Primor'ye","ISO_A2":"RU","NOTE":null,"LATITUDE":44.162303,"LONGITUDE":133.282345,"POP_MAX":58700,"POP_MIN":54742,"POP_OTHER":54329,"RANK_MAX":8,"RANK_MIN":8,"MEGANAME":null,"LS_NAME":"Arsenyev","MAX_POP10":54742,"MAX_POP20":0,"MAX_POP50":0,"MAX_POP300":0,"MAX_POP310":0,"MAX_NATSCA":10,"MIN_AREAKM":20,"MAX_AREAKM":20,"MIN_AREAMI":8,"MAX_AREAMI":8,"MIN_PERKM":24,"MAX_PERKM":24,"MIN_PERMI":15,"MAX_PERMI":15,"MIN_BBXMIN":133.241667,"MAX_BBXMIN":133.241667,"MIN_BBXMAX":133.3,"MAX_BBXMAX":133.3,"MIN_BBYMIN":44.125,"MAX_BBYMIN":44.125,"MIN_BBYMAX":44.183333,"MAX_BBYMAX":44.183333,"MEAN_BBXC":133.273698,"MEAN_BBYC":44.157292,"TIMEZONE":"Asia/Vladivostok","UN_FID":0,"POP1950":0,"POP1955":0,"POP1960":0,"POP1965":0,"POP1970":0,"POP1975":0,"POP1980":0,"POP1985":0,"POP1990":0,"POP1995":0,"POP2000":0,"POP2005":0,"POP2010":0,"POP2015":0,"POP2020":0,"POP2025":0,"POP2050":0,"MIN_ZOOM":7.0,"WIKIDATAID":"Q103850","WOF_ID":102001709,"CAPALT":0,"NAME_EN":"Arsenyev","NAME_DE":"Arsenjew","NAME_ES":"Arséniev","NAME_FR":"Arseniev","NAME_PT":"Arseniev","NAME_RU":"Арсеньев","NAME_ZH":"黄土坎子","LABEL":null,"NAME_AR":"أرسينييف","NAME_BN":"আর্সেনিয়েভ","NAME_EL":"Αρσένιεβ","NAME_HI":"आर्सेनेव","NAME_HU":"Arszenyjev","NAME_ID":"Arsenyev","NAME_IT":"Arsen'ev","NAME_JA":"アルセーニエフ","NAME_KO":"아르세니예프","NAME_NL":"Arsenjev","NAME_PL":"Arseniew","NAME_SV":"Arsenjev","NAME_TR":"Arsenyev","NAME_VI":"Arsenyev","NE_ID":1159129029,"NAME_FA":"آرسنیف","NAME_HE":"ארסנייב","NAME_UK":"Арсеньєв","NAME_UR":"ارسینیف","NAME_ZHT":"黄土坎子","GEONAMESID":2027468,"FCLASS_ISO":null,"FCLASS_US":null,"FCLASS_FR":null,"FCLASS_RU":null,"FCLASS_ES":null,"FCLASS_CN":null,"FCLASS_TW":null,"FCLASS_IN":null,"FCLASS_NP":null,"FCLASS_PK":null,"FCLASS_DE":null,"FCLASS_GB":null,"FCLASS_BR":null,"FCLASS_IL":null,"FCLASS_PS":null,"FCLASS_SA":null,"FCLASS_EG":null,"FCLASS_MA":null,"FCLASS_PT":null,"FCLASS_AR":null,"FCLASS_JP":null,"FCLASS_KO":null,"FCLASS_VN":null,"FCLASS_TR":null,"FCLASS_ID":null,"FCLASS_PL":null,"FCLASS_GR":null,"FCLASS_IT":null,"FCLASS_NL":null,"FCLASS_SE":null,"FCLASS_BD":null,"FCLASS_UA":null,"FCLASS_TLC":null},"geometry":{"type":"Point","coordinates":[133.2823449,44.1623031]}},
{"type":"Feature","properties":{"SCALERANK":8,"NATSCALE":10,"LABELRANK":2,"FEATURECLA":"Populated place","NAME":"Partizansk","NAMEPAR":null,"NAMEALT":null,"NAMEASCII":"Partizansk","ADM0CAP":0,"CAPIN":null,"WORLDCITY":0,"MEGACITY":0,"SOV0NAME":"Russia","SOV_A3":"RUS","ADM0NAME":"Russia","ADM0_A3":"RUS","ADM1NAME":"Primor'ye","ISO_A2":"RU","NOTE":null,"LATITUDE":43.134872,"LONGITUDE":133.134912,"POP_MAX":42489,"POP_MIN":38980,"POP_OTHER":38041,"RANK_MAX":7,"RANK_MIN":7,"MEGANAME":null,"LS_NAME":"Partizansk","MAX_POP10":38980,"MAX_POP20":0,"MAX_POP50":0,"MAX_POP300":0,"MAX_POP310":0,"MAX_NATSCA":10,"MIN_AREAKM":47,"MAX_AREAKM":47,"MIN_AREAMI":18,"MAX_AREAMI":18,"MIN_PERKM":50,"MAX_PERKM":50,"MIN_PERMI":31,"MAX_PERMI":31,"MIN_BBXMIN":133.083333,"MAX_BBXMIN":133.083333,"MIN_BBXMAX":133.208333,"MAX_BBXMAX":133.208333,"MIN_BBYMIN":43.083333,"MAX_BBYMIN":43.083333,"MIN_BBYMAX":43.175,"MAX_BBYMAX":43.175,"MEAN_BBXC":133.137167,"MEAN_BBYC":43.134278,"TIMEZONE":"Asia/Vladivostok","UN_FID":0,"POP1950":0,"POP1955":0,"POP1960":0,"POP1965":0,"POP1970":0,"POP1975":0,"POP1980":0,"POP1985":0,"POP1990":0,"POP1995":0,"POP2000":0,"POP2005":0,"POP2010":0,"POP2015":0,"POP2020":0,"POP2025":0,"POP2050":0,"MIN_ZOOM":7.0,"WIKIDATAID":"Q178090","WOF_ID":102001795,"CAPALT":0,"NAME_EN":"Partizansk","NAME_DE":"Partisansk","NAME_ES":"Partizansk","NAME_FR":"Partizansk","NAME_PT":"Partizansk","NAME_RU":"Партизанск","NAME_ZH":"游击队城","LABEL":null,"NAME_AR":"بارتيزانسك","NAME_BN":"পারতিজানাস্ক","NAME_EL":"Παρτιζάνσκ","NAME_HI":"पार्तीजन्स्क","NAME_HU":"Partyizanszk","NAME_ID":"Partizansk","NAME_IT":"Partizansk","NAME_JA":"パルチザンスク","NAME_KO":"파르티잔스크","NAME_NL":"Partizansk","NAME_PL":"Partizansk","NAME_SV":"Partizansk","NAME_TR":"Partizansk","NAME_VI":"Partizansk","NE_ID":1159129037,"NAME_FA":"پارتیزانسک","NAME_HE":"פרטיזנסק","NAME_UK":"Партизанськ","NAME_UR":"پارتیزانسک","NAME_ZHT":"游击队城","GEONAMESID":2018116,"FCLASS_ISO":null,"FCLASS_US":null,"FCLASS_FR":null,"FCLASS_RU":null,"FCLASS_ES":null,"FCLASS_CN":null,"FCLASS_TW":null,"FCLASS_IN":null,"FCLASS_NP":null,"FCLASS_PK":null,"FCLASS_DE":null,"FCLASS_GB":null,"FCLASS_BR":null,"FCLASS_IL":null,"FCLASS_PS":null,"FCLASS_SA":null,"FCLASS_EG":null,"FCLASS_MA":null,"FCLASS_PT":null,"FCLASS_AR":null,"FCLASS_JP":null,"FCLASS_KO":null,"FCLASS_VN":null,"FCLASS_TR":null,"FCLASS_ID":null,"FCLASS_PL":null,"FCLASS_GR":null,"FCLASS_IT":null,"FCLASS_NL":null,"FCLASS_SE":null,"FCLASS_BD":null,"FCLASS_UA":null,"FCLASS_TLC":null},"geometry":{"type":"Point","coordinates":[133.1349121,43.1348723]}},
{"type":"Feature","properties":{"SCALERANK":8,"NATSCALE":10,"LABELRANK":2,"FEATURECLA":"Populated place","NAME":"Dalnerechensk","NAMEPAR":null,"NAMEALT":null,"NAMEASCII":"Dalnerechensk","ADM0CAP":0,"CAPIN":null,"WORLDCITY":0,"MEGACITY":0,"SOV0NAME":"Russia","SOV_A3":"RUS","ADM0NAME":"Russia","ADM0_A3":"RUS","ADM1NAME":"Primor'ye","ISO_A2":"RU","NOTE":null,"LATITUDE":45.927286,"LONGITUDE":133.722318,"POP_MAX":28300,"POP_MIN":23535,"POP_OTHER":23535,"RANK_MAX":7,"RANK_MIN":7,"MEGANAME":null,"LS_NAME":"Dalnerechensk","MAX_POP10":23535,"MAX_POP20":0,"MAX_POP50":0,"MAX_POP300":0,"MAX_POP310":0,"MAX_NATSCA":10,"MIN_AREAKM":13,"MAX_AREAKM":13,"MIN_AREAMI":5,"MAX_AREAMI":5,"MIN_PERKM":22,"MAX_PERKM":22,"MIN_PERMI":14,"MAX_PERMI":14,"MIN_BBXMIN":133.7,"MAX_BBXMIN":133.7,"MIN_BBXMAX":133.775,"MAX_BBXMAX":133.775,"MIN_BBYMIN":45.916667,"MAX_BBYMIN":45.916667,"MIN_BBYMAX":45.941667,"MAX_BBYMAX":45.941667,"MEAN_BBXC":133.735985,"MEAN_BBYC":45.928788,"TIMEZONE":"Asia/Vladivostok","UN_FID":0,"POP1950":0,"POP1955":0,"POP1960":0,"POP1965":0,"POP1970":0,"POP1975":0,"POP1980":0,"POP1985":0,"POP1990":0,"POP1995":0,"POP2000":0,"POP2005":0,"POP2010":0,"POP2015":0,"POP2020":0,"POP2025":0,"POP2050":0,"MIN_ZOOM":7.0,"WIKIDATAID":"Q134760","WOF_ID":102015307,"CAPALT":0,"NAME_EN":"Dalnerechensk","NAME_DE":"Dalneretschensk","NAME_ES":"Dalnerechensk","NAME_FR":"Dalneretchensk","NAME_PT":"Dalnerechensk","NAME_RU":"Дальнереченск","NAME_ZH":"达利涅列琴斯克","LABEL":null,"NAME_AR":"دالنيريتشينسك","NAME_BN":"দালনেরেচেনস্ক","NAME_EL":"Νταλνερέτσενσκ","NAME_HI":"दालनेरेचेन्स्क","NAME_HU":"Dalnyerecsenszk","NAME_ID":"Dalnerechensk","NAME_IT":"Dal'nerečensk","NAME_JA":"ダリネレチェンスク","NAME_KO":"달네레첸스크","NAME_NL":"Dalneretsjensk","NAME_PL":"Dalnierieczensk","NAME_SV":"Dalneretjensk","NAME_TR":"Dalnereçensk","NAME_VI":"Dalnerechensk","NE_ID":1159129043,"NAME_FA":"دالنرچنسک","NAME_HE":"דלנרצ'נסק","NAME_UK":"Дальнєрєченськ","NAME_UR":"دالنیریچینسک","NAME_ZHT":"达利涅列琴斯克","GEONAMESID":2025159,"FCLASS_ISO":null,"FCLASS_US":null,"FCLASS_FR":null,"FCLASS_RU":null,"FCLASS_ES":null,"FCLASS_CN":null,"FCLASS_TW":null,"FCLASS_IN":null,"FCLASS_NP":null,"FCLASS_PK":null,"FCLASS_DE":null,"FCLASS_GB":null,"FCLASS_BR":null,"FCLASS_IL":null,"FCLASS_PS":null,"FCLASS_SA":null,"FCLASS_EG":null,"FCLASS_MA":null,"FCLASS_PT":null,"FCLASS_AR":null,"FCLASS_JP":null,"FCLASS_KO":null,"FCLASS_VN":null,"FCLASS_TR":null,"FCLASS_ID":null,"FCLASS_PL":null,"FCLASS_GR":null,"FCLASS_IT":null,"FCLASS_NL":null,"FCLASS_SE":null,"FCLASS_BD":null,"FCLASS_UA":null,"FCLASS_TLC":null},"geometry":{"type":"Point","coordinates":[133.7223181,45.9272858]}},
{"type":"Feature","properties":{"SCALERANK":8,"NATSCALE":10,"LABELRANK":2,"FEATURECLA":"Populated place","NAME":"Obluchye","NAMEPAR":null,"NAMEALT":null,"NAMEASCII":"Obluchye","ADM0CAP":0,"CAPIN":null,"WORLDCITY":0,"MEGACITY":0,"SOV0NAME":"Russia","SOV_A3":"RUS","ADM0NAME":"Russia","ADM0_A3":"RUS","ADM1NAME":"Yevrey","ISO_A2":"RU","NOTE":null,"LATITUDE":48.999992,"LONGITUDE":131.083306,"POP_MAX":10000,"POP_MIN":9379,"POP_OTHER":0,"RANK_MAX":5,"RANK_MIN":5,"MEGANAME":null,"LS_NAME":"Obluchye","MAX_POP10":0,"MAX_POP20":0,"MAX_POP50":0,"MAX_POP300":0,"MAX_POP310":0,"MAX_NATSCA":0,"MIN_AREAKM":0,"MAX_AREAKM":0,"MIN_AREAMI":0,"MAX_AREAMI":0,"MIN_PERKM":0,"MAX_PERKM":0,"MIN_PERMI":0,"MAX_PERMI":0,"MIN_BBXMIN":0.0,"MAX_BBXMIN":0.0,"MIN_BBXMAX":0.0,"MAX_BBXMAX":0.0,"MIN_BBYMIN":0.0,"MAX_BBYMIN":0.0,"MIN_BBYMAX":0.0,"MAX_BBYMAX":0.0,"MEAN_BBXC":0.0,"MEAN_BBYC":0.0,"TIMEZONE":null,"UN_FID":0,"POP1950":0,"POP1955":0,"POP1960":0,"POP1965":0,"POP1970":0,"POP1975":0,"POP1980":0,"POP1985":0,"POP1990":0,"POP1995":0,"POP2000":0,"POP2005":0,"POP2010":0,"POP2015":0,"POP2020":0,"POP2025":0,"POP2050":0,"MIN_ZOOM":7.0,"WIKIDATAID":"Q175617","WOF_ID":1141906471,"CAPALT":0,"NAME_EN":"Obluchye","NAME_DE":"Oblutschje","NAME_ES":"Obluchye","NAME_FR":"Obloutchie","NAME_PT":"Obluchye","NAME_RU":"Облучье","NAME_ZH":"奥布卢奇耶","LABEL":null,"NAME_AR":"أوبلوتشاي","NAME_BN":"অবলুচেয়ে","NAME_EL":"Ομπλουκιε","NAME_HI":"ओब्लूच्ये","NAME_HU":"Oblucsje","NAME_ID":"Obluchye","NAME_IT":"Obluč'e","NAME_JA":"オブルチエ","NAME_KO":"오블루치예","NAME_NL":"Obloetsje","NAME_PL":"Obłuczje","NAME_SV":"Oblutje","NAME_TR":"Obluçye","NAME_VI":"Obluchye","NE_ID":1159129069,"NAME_FA":"اوبلوچیه","NAME_HE":"אובלוצ'ה","NAME_UK":"Облуч'є","NAME_UR":"اوبلوچے","NAME_ZHT":"奥布卢奇耶","GEONAMESID":-1,"FCLASS_ISO":null,"FCLASS_US":null,"FCLASS_FR":null,"FCLASS_RU":null,"FCLASS_ES":null,"FCLASS_CN":null,"FCLASS_TW":null,"FCLASS_IN":null,"FCLASS_NP":null,"FCLASS_PK":null,"FCLASS_DE":null,"FCLASS_GB":null,"FCLASS_BR":null,"FCLASS_IL":null,"FCLASS_PS":null,"FCLASS_SA":null,"FCLASS_EG":null,"FCLASS_MA":null,"FCLASS_PT":null,"FCLASS_AR":null,"FCLASS_JP":null,"FCLASS_KO":null,"FCLASS_VN":null,"FCLASS_TR":null,"FCLASS_ID":null,"FCLASS_PL":null,"FCLASS_GR":null,"FCLASS_IT":null,"FCLASS_NL":null,"FCLASS_SE":null,"FCLASS_BD":null,"FCLASS_UA":null,"FCLASS_TLC":null},"geometry":{"type":"Point","coordinates":[131.083306,48.9999923]}},
{"type":"Feature","properties":{"SCALERANK":8,"NATSCALE":10,"LABELRANK":6,"FEATURECLA":"Populated place","NAME":"Anbyon","NAMEPAR":null,"NAMEALT":null,"NAMEASCII":"Anbyon","ADM0CAP":0,"CAPIN":null,"WORLDCITY":0,"MEGACITY":0,"SOV0NAME":"Korea, North","SOV_A3":"PRK","ADM0NAME":"North Korea","ADM0_A3":"PRK","ADM1NAME":"Kangwon-do","ISO_A2":"KP","NOTE":null,"LATITUDE":39.028172,"LONGITUDE":127.518562,"POP_MAX":38142,"POP_MIN":31845,"POP_OTHER":0,"RANK_MAX":7,"RANK_MIN":7,"MEGANAME":null,"LS_NAME":"Anbyon","MAX_POP10":38142,"MAX_POP20":0,"MAX_POP50":0,"MAX_POP300":0,"MAX_POP310":0,"MAX_NATSCA":10,"MIN_AREAKM":5,"MAX_AREAKM":5,"MIN_AREAMI":2,"MAX_AREAMI":2,"MIN_PERKM":15,"MAX_PERKM":15,"MIN_PERMI":9,"MAX_PERMI":9,"MIN_BBXMIN":127.5,"MAX_BBXMIN":127.5,"MIN_BBXMAX":127.533333,"MAX_BBXMAX":127.533333,"MIN_BBYMIN":39.008333,"MAX_BBYMIN":39.008333,"MIN_BBYMAX":39.066667,"MAX_BBYMAX":39.066667,"MEAN_BBXC":127.522024,"MEAN_BBYC":39.044643,"TIMEZONE":"Asia/Pyongyang","UN_FID":0,"POP1950":0,"POP1955":0,"POP1960":0,"POP1965":0,"POP1970":0,"POP1975":0,"POP1980":0,"POP1985":0,"POP1990":0,"POP1995":0,"POP2000":0,"POP2005":0,"POP2010":0,"POP2015":0,"POP2020":0,"POP2025":0,"POP2050":0,"MIN_ZOOM":7.0,"WIKIDATAID":null,"WOF_ID":890444167,"CAPALT":0,"NAME_EN":"Anbyon","NAME_DE":"Anbyon","NAME_ES":"Anbyon","NAME_FR":"Anbyŏn","NAME_PT":"Anbyŏn","NAME_RU":"Анбён","NAME_ZH":"安边","LABEL":null,"NAME_AR":"أنبيون","NAME_BN":"অ্যানব্যয়ন","NAME_EL":"Ανμπιόν","NAME_HI":"एनब्योन","NAME_HU":"Anbyon","NAME_ID":"Anbyon","NAME_IT":"Anbyon","NAME_JA":"安辺","NAME_KO":"안변","NAME_NL":"Anbyon","NAME_PL":"Anbyŏn","NAME_SV":"Anbyŏn","NAME_TR":"Anbyon","NAME_VI":"Anbyon","NE_ID":1159129619,"NAME_FA":"آنبیون","NAME_HE":"אנביון","NAME_UK":"Анбьон","NAME_UR":"اینبیون","NAME_ZHT":"安邊","GEONAMESID":1879672,"FCLASS_ISO":null,"FCLASS_US":null,"FCLASS_FR":null,"FCLASS_RU":null,"FCLASS_ES":null,"FCLASS_CN":null,"FCLASS_TW":null,"FCLASS_IN":null,"FCLASS_NP":null,"FCLASS_PK":null,"FCLASS_DE":null,"FCLASS_GB":null,"FCLASS_BR":null,"FCLASS_IL":null,"FCLASS_PS":null,"FCLASS_SA":null,"FCLASS_EG":null,"FCLASS_MA":null,"FCLASS_PT":null,"FCLASS_AR":null,"FCLASS_JP":null,"FCLASS_KO":null,"FCLASS_VN":null,"FCLASS_TR":null,"FCLASS_ID":null,"FCLASS_PL":null,"FCLASS_GR":null,"FCLASS_IT":null,"FCLASS_NL":null,"FCLASS_SE":null,"FCLASS_BD":null,"FCLASS_UA":null,"FCLASS_TLC":null},"geometry":{"type":"Point","coordinates":[127.5185624,39.028172]}},
{"type":"Feature","properties":{"SCALERANK":8,"NATSCALE":10,"LABELRANK":6,"FEATURECLA":"Populated place","NAME":"Munchon","NAMEPAR":null,"NAMEALT":null,"NAMEASCII":"Munchon","ADM0CAP":0,"CAPIN":null,"WORLDCITY":0,"MEGACITY":0,"SOV0NAME":"Korea, North","SOV_A3":"PRK","ADM0NAME":"North Korea","ADM0_A3":"PRK","ADM1NAME":"Kangwon-do","ISO_A2":"KP","NOTE":null,"LATITUDE":39.381303,"LONGITUDE":127.251705,"POP_MAX":73619,"POP_MIN":73619,"POP_OTHER":0,"RANK_MAX":8,"RANK_MIN":8,"MEGANAME":null,"LS_NAME":"Munchon","MAX_POP10":73619,"MAX_POP20":0,"MAX_POP50":0,"MAX_POP300":0,"MAX_POP310":0,"MAX_NATSCA":10,"MIN_AREAKM":29,"MAX_AREAKM":29,"MIN_AREAMI":11,"MAX_AREAMI":11,"MIN_PERKM":59,"MAX_PERKM":59,"MIN_PERMI":36,"MAX_PERMI":36,"MIN_BBXMIN":127.2,"MAX_BBXMIN":127.2,"MIN_BBXMAX":127.333333,"MAX_BBXMAX":127.333333,"MIN_BBYMIN":39.333333,"MAX_BBYMIN":39.333333,"MIN_BBYMAX":39.4,"MAX_BBYMAX":39.4,"MEAN_BBXC":127.25303,"MEAN_BBYC":39.375,"TIMEZONE":null,"UN_FID":0,"POP1950":0,"POP1955":0,"POP1960":0,"POP1965":0,"POP1970":0,"POP1975":0,"POP1980":0,"POP1985":0,"POP1990":0,"POP1995":0,"POP2000":0,"POP2005":0,"POP2010":0,"POP2015":0,"POP2020":0,"POP2025":0,"POP2050":0,"MIN_ZOOM":7.0,"WIKIDATAID":"Q494606","WOF_ID":1141906499,"CAPALT":0,"NAME_EN":"Munchon","NAME_DE":"Munchŏn","NAME_ES":"Munchŏn","NAME_FR":"Munchŏn","NAME_PT":"Munchon","NAME_RU":"Мунчхон","NAME_ZH":"文川","LABEL":null,"NAME_AR":"مونتشون","NAME_BN":"মুনচান","NAME_EL":"Μούντσον","NAME_HI":"मंचों","NAME_HU":"Munchon","NAME_ID":"Munchon","NAME_IT":"Muchon","NAME_JA":"文川市","NAME_KO":"문천시","NAME_NL":"Munchon","NAME_PL":"Munch'ŏn","NAME_SV":"Munchon","NAME_TR":"Munchon","NAME_VI":"Munchon","NE_ID":1159129625,"NAME_FA":"مونچون","NAME_HE":"מונצ'ון","NAME_UK":"Мунчхон","NAME_UR":"مونچون","NAME_ZHT":"文川市","GEONAMESID":-1,"FCLASS_ISO":null,"FCLASS_US":null,"FCLASS_FR":null,"FCLASS_RU":null,"FCLASS_ES":null,"FCLASS_CN":null,"FCLASS_TW":null,"FCLASS_IN":null,"FCLASS_NP":null,"FCLASS_PK":null,"FCLASS_DE":null,"FCLASS_GB":null,"FCLASS_BR":null,"FCLASS_IL":null,"FCLASS_PS":null,"FCLASS_SA":null,"FCLASS_EG":null,"FCLASS_MA":null,"FCLASS_PT":null,"FCLASS_AR":null,"FCLASS_JP":null,"FCLASS_KO":null,"FCLASS_VN":null,"FCLASS_TR":null,"FCLASS_ID":null,"FCLASS_PL":null,"FCLASS_GR":null,"FCLASS_IT":null,"FCLASS_NL":null,"FCLASS_SE":null,"FCLASS_BD":null,"FCLASS_UA":null,"FCLASS_TLC":null},"geometry":{"type":"Point","coordinates":[127.2517053,39.3813029]}},
{"type":"Feature","properties":{"SCALERANK":8,"NATSCALE":10,"LABELRANK":6,"FEATURECLA":"Populated place","NAME":"Chosan","NAMEPAR":null,"NAMEALT":null,"NAMEASCII":"Chosan","ADM0CAP":0,"CAPIN":null,"WORLDCITY":0,"MEGACITY":0,"SOV0NAME":"Korea, North","SOV_A3":"PRK","ADM0NAME":"North Korea","ADM0_A3":"PRK","ADM1NAME":"Chagang-do","ISO_A2":"KP","NOTE":null,"LATITUDE":40.825478,"LONGITUDE":125.800838,"POP_MAX":7786,"POP_MIN":7786,"POP_OTHER":7630,"RANK_MAX":5,"RANK_MIN":5,"MEGANAME":null,"LS_NAME":"Chosan","MAX_POP10":7786,"MAX_POP20":0,"MAX_POP50":0,"MAX_POP300":0,"MAX_POP310":0,"MAX_NATSCA":10,"MIN_AREAKM":5,"MAX_AREAKM":5,"MIN_AREAMI":2,"MAX_AREAMI":2,"MIN_PERKM":13,"MAX_PERKM":13,"MIN_PERMI":8,"MAX_PERMI":8,"MIN_BBXMIN":125.791667,"MAX_BBXMIN":125.791667,"MIN_BBXMAX":125.825,"MAX_BBXMAX":125.825,"MIN_BBYMIN":40.816667,"MAX_BBYMIN":40.816667,"MIN_BBYMAX":40.841667,"MAX_BBYMAX":40.841667,"MEAN_BBXC":125.80625,"MEAN_BBYC":40.829167,"TIMEZONE":null,"UN_FID":0,"POP1950":0,"POP1955":0,"POP1960":0,"POP1965":0,"POP1970":0,"POP1975":0,"POP1980":0,"POP1985":0,"POP1990":0,"POP1995":0,"POP2000":0,"POP2005":0,"POP2010":0,"POP2015":0,"POP2020":0,"POP2025":0,"POP2050":0,"MIN_ZOOM":7.0,"WIKIDATAID":null,"WOF_ID":1141906501,"CAPALT":0,"NAME_EN":"Chosan","NAME_DE":"Chosan","NAME_ES":"Chosan","NAME_FR":"Chosan","NAME_PT":"Ch'osan","NAME_RU":"Чосон","NAME_ZH":"长山","LABEL":null,"NAME_AR":"تشوزان","NAME_BN":"চোসান","NAME_EL":"Τσοσάν","NAME_HI":"चोसान","NAME_HU":"Chosan","NAME_ID":"Chosan","NAME_IT":"Chosan","NAME_JA":"長山","NAME_KO":"초산","NAME_NL":"Chosan","NAME_PL":"Ch'osan","NAME_SV":"Chosan","NAME_TR":"Chosan","NAME_VI":"Chosan","NE_ID":1159129639,"NAME_FA":"چوسان","NAME_HE":"צ'וסאן","NAME_UK":"Чхосан","NAME_UR":"چوسان","NAME_ZHT":"楚山","GEONAMESID":-1,"FCLASS_ISO":null,"FCLASS_US":null,"FCLASS_FR":null,"FCLASS_RU":null,"FCLASS_ES":null,"FCLASS_CN":null,"FCLASS_TW":null,"FCLASS_IN":null,"FCLASS_NP":null,"FCLASS_PK":null,"FCLASS_DE":null,"FCLASS_GB":null,"FCLASS_BR":null,"FCLASS_IL":null,"FCLASS_PS":null,"FCLASS_SA":null,"FCLASS_EG":null,"FCLASS_MA":null,"FCLASS_PT":null,"FCLASS_AR":null,"FCLASS_JP":null,"FCLASS_KO":null,"FCLASS_VN":null,"FCLASS_TR":null,"FCLASS_ID":null,"FCLASS_PL":null,"FCLASS_GR":null,"FCLASS_IT":null,"FCLASS_NL":null,"FCLASS_SE":null,"FCLASS_BD":null,"FCLASS_UA":null,"FCLASS_TLC":null},"geometry":{"type":"Point","coordinates":[125.8008378,40.8254783]}},
{"type":"Feature","properties":{"SCALERANK":8,"NATSCALE":10,"LABELRANK":6,"FEATURECLA":"Populated place","NAME":"Manpo","NAMEPAR":null,"NAMEALT":null,"NAMEASCII":"Manpo","ADM0CAP":0,"CAPIN":null,"WORLDCITY":0,"MEGACITY":0,"SOV0NAME":"Korea, North","SOV_A3":"PRK","ADM0NAME":"North Korea","ADM0_A3":"PRK","ADM1NAME":"Chagang-do","ISO_A2":"KP","NOTE":null,"LATITUDE":41.145433,"LONGITUDE":126.295846,"POP_MAX":186827,"POP_MIN":186827,"POP_OTHER":186222,"RANK_MAX":9,"RANK_MIN":9,"MEGANAME":null,"LS_NAME":"Manpo","MAX_POP10":186827,"MAX_POP20":0,"MAX_POP50":0,"MAX_POP300":0,"MAX_POP310":0,"MAX_NATSCA":10,"MIN_AREAKM":43,"MAX_AREAKM":43,"MIN_AREAMI":17,"MAX_AREAMI":17,"MIN_PERKM":67,"MAX_PERKM":67,"MIN_PERMI":42,"MAX_PERMI":42,"MIN_BBXMIN":126.166667,"MAX_BBXMIN":126.166667,"MIN_BBXMAX":126.325,"MAX_BBXMAX":126.325,"MIN_BBYMIN":41.1,"MAX_BBYMIN":41.1,"MIN_BBYMAX":41.2,"MAX_BBYMAX":41.2,"MEAN_BBXC":126.250187,"MEAN_BBYC":41.14546,"TIMEZONE":null,"UN_FID":0,"POP1950":0,"POP1955":0,"POP1960":0,"POP1965":0,"POP1970":0,"POP1975":0,"POP1980":0,"POP1985":0,"POP1990":0,"POP1995":0,"POP2000":0,"POP2005":0,"POP2010":0,"POP2015":0,"POP2020":0,"POP2025":0,"POP2050":0,"MIN_ZOOM":7.0,"WIKIDATAID":"Q698064","WOF_ID":1141906503,"CAPALT":0,"NAME_EN":"Manpo","NAME_DE":"Manp'o","NAME_ES":"Manpo","NAME_FR":"Manpho","NAME_PT":"Manpo","NAME_RU":"Манпхо","NAME_ZH":"满浦","LABEL":null,"NAME_AR":"مانبو","NAME_BN":"মানাপো","NAME_EL":"Μάνπο","NAME_HI":"मानपो","NAME_HU":"Manpho","NAME_ID":"Manpo","NAME_IT":"Manpo","NAME_JA":"満浦市","NAME_KO":"만포시","NAME_NL":"Manpo","NAME_PL":"Manp'o","NAME_SV":"Manpo","NAME_TR":"Manpo","NAME_VI":"Manpo","NE_ID":1159129645,"NAME_FA":"مانپو","NAME_HE":"מנפו","NAME_UK":"Манпхо","NAME_UR":"مانپو","NAME_ZHT":"滿浦市","GEONAMESID":-1,"FCLASS_ISO":null,"FCLASS_US":null,"FCLASS_FR":null,"FCLASS_RU":null,"FCLASS_ES":null,"FCLASS_CN":null,"FCLASS_TW":null,"FCLASS_IN":null,"FCLASS_NP":null,"FCLASS_PK":null,"FCLASS_DE":null,"FCLASS_GB":null,"FCLASS_BR":null,"FCLASS_IL":null,"FCLASS_PS":null,"FCLASS_SA":null,"FCLASS_EG":null,"FCLASS_MA":null,"FCLASS_PT":null,"FCLASS_AR":null,"FCLASS_JP":null,"FCLASS_KO":null,"FCLASS_VN":null,"FCLASS_TR":null,"FCLASS_ID":null,"FCLASS_PL":null,"FCLASS_GR":null,"FCLASS_IT":null,"FCLASS_NL":null,"FCLASS_SE":null,"FCLASS_BD":null,"FCLASS_UA":null,"FCLASS_TLC":null},"geometry":{"type":"Point","coordinates":[126.2958463,41.145433]}},
{"type":"Feature","properties":{"SCALERANK":8,"NATSCALE":10,"LABELRANK":6,"FEATURECLA":"Populated place","NAME":"Kimhyonggwon","NAMEPAR":null,"NAMEALT":null,"NAMEASCII":"Kimhyonggwon","ADM0CAP":0,"CAPIN":null,"WORLDCITY":0,"MEGACITY":0,"SOV0NAME":"Korea, North","SOV_A3":"PRK","ADM0NAME":"North Korea","ADM0_A3":"PRK","ADM1NAME":"Ryanggang","ISO_A2":"KP","NOTE":null,"LATITUDE":40.81752,"LONGITUDE":128.155319,"POP_MAX":3839,"POP_MIN":3839,"POP_OTHER":3703,"RANK_MAX":4,"RANK_MIN":4,"MEGANAME":null,"LS_NAME":"Kimhyonggwon","MAX_POP10":3839,"MAX_POP20":0,"MAX_POP50":0,"MAX_POP300":0,"MAX_POP310":0,"MAX_NATSCA":10,"MIN_AREAKM":5,"MAX_AREAKM":5,"MIN_AREAMI":2,"MAX_AREAMI":2,"MIN_PERKM":10,"MAX_PERKM":10,"MIN_PERMI":6,"MAX_PERMI":6,"MIN_BBXMIN":128.141667,"MAX_BBXMIN":128.141667,"MIN_BBXMAX":128.175,"MAX_BBXMAX":128.175,"MIN_BBYMIN":40.808333,"MAX_BBYMIN":40.808333,"MIN_BBYMAX":40.825,"MAX_BBYMAX":40.825,"MEAN_BBXC":128.156548,"MEAN_BBYC":40.816071,"TIMEZONE":null,"UN_FID":0,"POP1950":0,"POP1955":0,"POP1960":0,"POP1965":0,"POP1970":0,"POP1975":0,"POP1980":0,"POP1985":0,"POP1990":0,"POP1995":0,"POP2000":0,"POP2005":0,"POP2010":0,"POP2015":0,"POP2020":0,"POP2025":0,"POP2050":0,"MIN_ZOOM":7.0,"WIKIDATAID":null,"WOF_ID":1141906507,"CAPALT":0,"NAME_EN":"Kimhyonggwon","NAME_DE":"Kimhyonggwon","NAME_ES":"Kimhyonggwon","NAME_FR":"Kimhyonggwon","NAME_PT":"Kimhyonggwon","NAME_RU":"Кимхёнгван","NAME_ZH":"金亨权","LABEL":null,"NAME_AR":"كيم يونج جين","NAME_BN":"কিমহয়ংগোয়ন","NAME_EL":"Κιμχουονγκγκγουόν","NAME_HI":"किमह्योंगवोन","NAME_HU":"Kimhyonggwon","NAME_ID":"Kimhyonggwon","NAME_IT":"Kimhyonggwon","NAME_JA":"金亨権","NAME_KO":"김형권","NAME_NL":"Kimhyonggwon","NAME_PL":"Kimhyŏnggwŏn","NAME_SV":"Kimhyonggwon","NAME_TR":"Kimhyonggwon","NAME_VI":"Kimhyonggwon","NE_ID":1159129659,"NAME_FA":"کیمهیونگون","NAME_HE":"קמהיונגגוון","NAME_UK":"Кімхенгвон","NAME_UR":"کمہیونگوون","NAME_ZHT":"金亨權","GEONAMESID":-1,"FCLASS_ISO":null,"FCLASS_US":null,"FCLASS_FR":null,"FCLASS_RU":null,"FCLASS_ES":null,"FCLASS_CN":null,"FCLASS_TW":null,"FCLASS_IN":null,"FCLASS_NP":null,"FCLASS_PK":null,"FCLASS_DE":null,"FCLASS_GB":null,"FCLASS_BR":null,"FCLASS_IL":null,"FCLASS_PS":null,"FCLASS_SA":null,"FCLASS_EG":null,"FCLASS_MA":null,"FCLASS_PT":null,"FCLASS_AR":null,"FCLASS_JP":null,"FCLASS_KO":null,"FCLASS_VN":null,"FCLASS_TR":null,"FCLASS_ID":null,"FCLASS_PL":null,"FCLASS_GR":null,"FCLASS_IT":null,"FCLASS_NL":null,"FCLASS_SE":null,"FCLASS_BD":null,"FCLASS_UA":null,"FCLASS_TLC":null},"geometry":{"type":"Point","coordinates":[128.1553194,40.8175202]}},
{"type":"Feature","properties":{"SCALERANK":8,"NATSCALE":10,"LABELRANK":1,"FEATURECLA":"Populated place","NAME":"Tonghua","NAMEPAR":null,"NAMEALT":null,"NAMEASCII":"Tonghua","ADM0CAP":0,"CAPIN":null,"WORLDCITY":0,"MEGACITY":0,"SOV0NAME":"China","SOV_A3":"CHN","ADM0NAME":"China","ADM0_A3":"CHN","ADM1NAME":"Jilin","ISO_A2":"CN","NOTE":null,"LATITUDE":41.679974,"LONGITUDE":125.749988,"POP_MAX":27227,"POP_MIN":27227,"POP_OTHER":27227,"RANK_MAX":7,"RANK_MIN":7,"MEGANAME":null,"LS_NAME":"Tonghua","MAX_POP10":27227,"MAX_POP20":0,"MAX_POP50":0,"MAX_POP300":0,"MAX_POP310":0,"MAX_NATSCA":10,"MIN_AREAKM":15,"MAX_AREAKM":15,"MIN_AREAMI":6,"MAX_AREAMI":6,"MIN_PERKM":29,"MAX_PERKM":29,"MIN_PERMI":18,"MAX_PERMI":18,"MIN_BBXMIN":125.725,"MAX_BBXMIN":125.725,"MIN_BBXMAX":125.808333,"MAX_BBXMAX":125.808333,"MIN_BBYMIN":41.658333,"MAX_BBYMIN":41.658333,"MIN_BBYMAX":41.7,"MAX_BBYMAX":41.7,"MEAN_BBXC":125.761051,"MEAN_BBYC":41.678442,"TIMEZONE":null,"UN_FID":0,"POP1950":0,"POP1955":0,"POP1960":0,"POP1965":0,"POP1970":0,"POP1975":0,"POP1980":0,"POP1985":0,"POP1990":0,"POP1995":0,"POP2000":0,"POP2005":0,"POP2010":0,"POP2015":0,"POP2020":0,"POP2025":0,"POP2050":0,"MIN_ZOOM":6.1,"WIKIDATAID":"Q92324","WOF_ID":1141906551,"CAPALT":0,"NAME_EN":"Tonghua","NAME_DE":"Tonghua","NAME_ES":"Tonghua","NAME_FR":"Tonghua","NAME_PT":"Tonghua","NAME_RU":"Тунхуа","NAME_ZH":"通化","LABEL":null,"NAME_AR":"تونغهوا","NAME_BN":"তংহুয়া","NAME_EL":"Τόνγκουα","NAME_HI":"तोंग्हुआ","NAME_HU":"Tonghua","NAME_ID":"Tonghua","NAME_IT":"Tonghua","NAME_JA":"通化市","NAME_KO":"퉁화시","NAME_NL":"Tonghua","NAME_PL":"Tonghua","NAME_SV":"Tonghua","NAME_TR":"Tonghua","NAME_VI":"Thông Hóa","NE_ID":1159130247,"NAME_FA":"تانگهوا","NAME_HE":"טונגואה","NAME_UK":"Тунхуа","NAME_UR":"تونگہوا","NAME_ZHT":"通化市","GEONAMESID":-1,"FCLASS_ISO":null,"FCLASS_US":null,"FCLASS_FR":null,"FCLASS_RU":null,"FCLASS_ES":null,"FCLASS_CN":null,"FCLASS_TW":null,"FCLASS_IN":null,"FCLASS_NP":null,"FCLASS_PK":null,"FCLASS_DE":null,"FCLASS_GB":null,"FCLASS_BR":null,"FCLASS_IL":null,"FCLASS_PS":null,"FCLASS_SA":null,"FCLASS_EG":null,"FCLASS_MA":null,"FCLASS_PT":null,"FCLASS_AR":null,"FCLASS_JP":null,"FCLASS_KO":null,"FCLASS_VN":null,"FCLASS_TR":null,"FCLASS_ID":null,"FCLASS_PL":null,"FCLASS_GR":null,"FCLASS_IT":null,"FCLASS_NL":null,"FCLASS_SE":null,"FCLASS_BD":null,"FCLASS_UA":null,"FCLASS_TLC":null},"geometry":{"type":"Point","coordinates":[125.7499882,41.679974]}},
{"type":"Feature","properties":{"SCALERANK":8,"NATSCALE":10,"LABELRANK":1,"FEATURECLA":"Populated place","NAME":"Baishan","NAMEPAR":"Hunjiang","NAMEALT":null,"NAMEASCII":"Baishan","ADM0CAP":0,"CAPIN":null,"WORLDCITY":0,"MEGACITY":0,"SOV0NAME":"China","SOV_A3":"CHN","ADM0NAME":"China","ADM0_A3":"CHN","ADM1NAME":"Jilin","ISO_A2":"CN","NOTE":null,"LATITUDE":41.900012,"LONGITUDE":126.429998,"POP_MAX":330000,"POP_MIN":330000,"POP_OTHER":0,"RANK_MAX":10,"RANK_MIN":10,"MEGANAME":null,"LS_NAME":"Hunjiang","MAX_POP10":0,"MAX_POP20":0,"MAX_POP50":0,"MAX_POP300":0,"MAX_POP310":0,"MAX_NATSCA":0,"MIN_AREAKM":0,"MAX_AREAKM":0,"MIN_AREAMI":0,"MAX_AREAMI":0,"MIN_PERKM":0,"MAX_PERKM":0,"MIN_PERMI":0,"MAX_PERMI":0,"MIN_BBXMIN":0.0,"MAX_BBXMIN":0.0,"MIN_BBXMAX":0.0,"MAX_BBXMAX":0.0,"MIN_BBYMIN":0.0,"MAX_BBYMIN":0.0,"MIN_BBYMAX":0.0,"MAX_BBYMAX":0.0,"MEAN_BBXC":0.0,"MEAN_BBYC":0.0,"TIMEZONE":null,"UN_FID":0,"POP1950":0,"POP1955":0,"POP1960":0,"POP1965":0,"POP1970":0,"POP1975":0,"POP1980":0,"POP1985":0,"POP1990":0,"POP1995":0,"POP2000":0,"POP2005":0,"POP2010":0,"POP2015":0,"POP2020":0,"POP2025":0,"POP2050":0,"MIN_ZOOM":7.0,"WIKIDATAID":"Q92348","WOF_ID":1141906553,"CAPALT":0,"NAME_EN":"Baishan","NAME_DE":"Baishan","NAME_ES":"Baishan","NAME_FR":"Baishan","NAME_PT":"Baishan","NAME_RU":"Байшань","NAME_ZH":"白山","LABEL":null,"NAME_AR":"بايشان","NAME_BN":"বাইসান","NAME_EL":"Μπαϊσάν","NAME_HI":"बाई शान","NAME_HU":"Baishan","NAME_ID":"Baishan","NAME_IT":"Baishan","NAME_JA":"白山市","NAME_KO":"바이산시","NAME_NL":"Baishan","NAME_PL":"Baishan","NAME_SV":"Baishan","NAME_TR":"Baishan","NAME_VI":"Bạch Sơn","NE_ID":1159130253,"NAME_FA":"بایشان","NAME_HE":"באיישאן","NAME_UK":"Байшань","NAME_UR":"بائشان","NAME_ZHT":"白山市","GEONAMESID":-1,"FCLASS_ISO":null,"FCLASS_US":null,"FCLASS_FR":null,"FCLASS_RU":null,"FCLASS_ES":null,"FCLASS_CN":null,"FCLASS_TW":null,"FCLASS_IN":null,"FCLASS_NP":null,"FCLASS_PK":null,"FCLASS_DE":null,"FCLASS_GB":null,"FCLASS_BR":null,"FCLASS_IL":null,"FCLASS_PS":null,"FCLASS_SA":null,"FCLASS_EG":null,"FCLASS_MA":null,"FCLASS_PT":null,"FCLASS_AR":null,"FCLASS_JP":null,"FCLASS_KO":null,"FCLASS_VN":null,"FCLASS_TR":null,"FCLASS_ID":null,"FCLASS_PL":null,"FCLASS_GR":null,"FCLASS_IT":null,"FCLASS_NL":null,"FCLASS_SE":null,"FCLASS_BD":null,"FCLASS_UA":null,"FCLASS_TLC":null},"geometry":{"type":"Point","coordinates":[126.4299983,41.9000122]}},
{"type":"Feature","properties":{"SCALERANK":8,"NATSCALE":10,"LABELRANK":1,"FEATURECLA":"Populated place","NAME":"Yanji","NAMEPAR":null,"NAMEALT":null,"NAMEASCII":"Yanji","ADM0CAP":0,"CAPIN":null,"WORLDCITY":0,"MEGACITY":0,"SOV0NAME":"China","SOV_A3":"CHN","ADM0NAME":"China","ADM0_A3":"CHN","ADM1NAME":"Jilin","ISO_A2":"CN","NOTE":null,"LATITUDE":42.882304,"LONGITUDE":129.512756,"POP_MAX":488740,"POP_MIN":326957,"POP_OTHER":480295,"RANK_MAX":10,"RANK_MIN":10,"MEGANAME":null,"LS_NAME":"Yanji","MAX_POP10":488740,"MAX_POP20":0,"MAX_POP50":0,"MAX_POP300":0,"MAX_POP310":0,"MAX_NATSCA":10,"MIN_AREAKM":106,"MAX_AREAKM":106,"MIN_AREAMI":41,"MAX_AREAMI":41,"MIN_PERKM":122,"MAX_PERKM":122,"MIN_PERMI":76,"MAX_PERMI":76,"MIN_BBXMIN":129.3,"MAX_BBXMIN":129.3,"MIN_BBXMAX":129.566667,"MAX_BBXMAX":129.566667,"MIN_BBYMIN":42.833333,"MAX_BBYMIN":42.833333,"MIN_BBYMAX":42.983333,"MAX_BBYMAX":42.983333,"MEAN_BBXC":129.451935,"MEAN_BBYC":42.900198,"TIMEZONE":"Asia/Harbin","UN_FID":0,"POP1950":0,"POP1955":0,"POP1960":0,"POP1965":0,"POP1970":0,"POP1975":0,"POP1980":0,"POP1985":0,"POP1990":0,"POP1995":0,"POP2000":0,"POP2005":0,"POP2010":0,"POP2015":0,"POP2020":0,"POP2025":0,"POP2050":0,"MIN_ZOOM":7.0,"WIKIDATAID":"Q713362","WOF_ID":102027853,"CAPALT":0,"NAME_EN":"Yanji","NAME_DE":"Yanji","NAME_ES":"Yanji","NAME_FR":"Yanji","NAME_PT":"Yanji","NAME_RU":"Яньцзи","NAME_ZH":"延吉","LABEL":null,"NAME_AR":"يانجي","NAME_BN":"ইয়ানজি","NAME_EL":"Γιάντζι","NAME_HI":"यांजी","NAME_HU":"Yanji","NAME_ID":"Yanji","NAME_IT":"Yanji","NAME_JA":"延吉市","NAME_KO":"옌지시","NAME_NL":"Yanji","NAME_PL":"Yanji","NAME_SV":"Yanji","NAME_TR":"Yanji","NAME_VI":"Diên Cát","NE_ID":1159130257,"NAME_FA":"یانگژی","NAME_HE":"יאנג'י","NAME_UK":"Яньцзі","NAME_UR":"یانجی","NAME_ZHT":"延吉市","GEONAMESID":2033467,"FCLASS_ISO":null,"FCLASS_US":null,"FCLASS_FR":null,"FCLASS_RU":null,"FCLASS_ES":null,"FCLASS_CN":null,"FCLASS_TW":null,"FCLASS_IN":null,"FCLASS_NP":null,"FCLASS_PK":null,"FCLASS_DE":null,"FCLASS_GB":null,"FCLASS_BR":null,"FCLASS_IL":null,"FCLASS_PS":null,"FCLASS_SA":null,"FCLASS_EG":null,"FCLASS_MA":null,"FCLASS_PT":null,"FCLASS_AR":null,"FCLASS_JP":null,"FCLASS_KO":null,"FCLASS_VN":null,"FCLASS_TR":null,"FCLASS_ID":null,"FCLASS_PL":null,"FCLASS_GR":null,"FCLASS_IT":null,"FCLASS_NL":null,"FCLASS_SE":null,"FCLASS_BD":null,"FCLASS_UA":null,"FCLASS_TLC":null},"geometry":{"type":"Point","coordinates":[129.5127559,42.8823037]}},
{"type":"Feature","properties":{"SCALERANK":8,"NATSCALE":10,"LABELRANK":1,"FEATURECLA":"Populated place","NAME":"Genhe","NAMEPAR":"Ergun Zuoqi","NAMEALT":null,"NAMEASCII":"Genhe","ADM0CAP":0,"CAPIN":null,"WORLDCITY":0,"MEGACITY":0,"SOV0NAME":"China","SOV_A3":"CHN","ADM0NAME":"China","ADM0_A3":"CHN","ADM1NAME":"Nei Mongol","ISO_A2":"CN","NOTE":null,"LATITUDE":50.78332,"LONGITUDE":121.516655,"POP_MAX":42849,"POP_MIN":42849,"POP_OTHER":42330,"RANK_MAX":7,"RANK_MIN":7,"MEGANAME":null,"LS_NAME":"Ergun Zuoqi","MAX_POP10":42849,"MAX_POP20":0,"MAX_POP50":0,"MAX_POP300":0,"MAX_POP310":0,"MAX_NATSCA":10,"MIN_AREAKM":24,"MAX_AREAKM":24,"MIN_AREAMI":9,"MAX_AREAMI":9,"MIN_PERKM":30,"MAX_PERKM":30,"MIN_PERMI":19,"MAX_PERMI":19,"MIN_BBXMIN":121.483333,"MAX_BBXMIN":121.483333,"MIN_BBXMAX":121.583333,"MAX_BBXMAX":121.583333,"MIN_BBYMIN":50.766667,"MAX_BBYMIN":50.766667,"MIN_BBYMAX":50.816667,"MAX_BBYMAX":50.816667,"MEAN_BBXC":121.537311,"MEAN_BBYC":50.788068,"TIMEZONE":null,"UN_FID":0,"POP1950":0,"POP1955":0,"POP1960":0,"POP1965":0,"POP1970":0,"POP1975":0,"POP1980":0,"POP1985":0,"POP1990":0,"POP1995":0,"POP2000":0,"POP2005":0,"POP2010":0,"POP2015":0,"POP2020":0,"POP2025":0,"POP2050":0,"MIN_ZOOM":7.0,"WIKIDATAID":"Q1354108","WOF_ID":1141906555,"CAPALT":0,"NAME_EN":"Genhe","NAME_DE":"Genhe","NAME_ES":"Genhe","NAME_FR":"Genhe","NAME_PT":"Genhe","NAME_RU":"Гэньхэ","NAME_ZH":"根河","LABEL":null,"NAME_AR":"جينغي","NAME_BN":"গেনহে","NAME_EL":"Γκένχε","NAME_HI":"गेन्हे","NAME_HU":"Genhe","NAME_ID":"Genhe","NAME_IT":"Genhe","NAME_JA":"根河市","NAME_KO":"건허시","NAME_NL":"Genhe","NAME_PL":"Genhe","NAME_SV":"Genhe","NAME_TR":"Genhe","NAME_VI":"Căn Hà","NE_ID":1159130275,"NAME_FA":"ژنه","NAME_HE":"גנהה","NAME_UK":"Геньхе","NAME_UR":"گینہے","NAME_ZHT":"根河市","GEONAMESID":-1,"FCLASS_ISO":null,"FCLASS_US":null,"FCLASS_FR":null,"FCLASS_RU":null,"FCLASS_ES":null,"FCLASS_CN":null,"FCLASS_TW":null,"FCLASS_IN":null,"FCLASS_NP":null,"FCLASS_PK":null,"FCLASS_DE":null,"FCLASS_GB":null,"FCLASS_BR":null,"FCLASS_IL":null,"FCLASS_PS":null,"FCLASS_SA":null,"FCLASS_EG":null,"FCLASS_MA":null,"FCLASS_PT":null,"FCLASS_AR":null,"FCLASS_JP":null,"FCLASS_KO":null,"FCLASS_VN":null,"FCLASS_TR":null,"FCLASS_ID":null,"FCLASS_PL":null,"FCLASS_GR":null,"FCLASS_IT":null,"FCLASS_NL":null,"FCLASS_SE":null,"FCLASS_BD":null,"FCLASS_UA":null,"FCLASS_TLC":null},"geometry":{"type":"Point","coordinates":[121.5166548,50.7833201]}},
{"type":"Feature","properties":{"SCALERANK":8,"NATSCALE":10,"LABELRANK":1,"FEATURECLA":"Populated place","NAME":"Orongen Zizhiqi","NAMEPAR":null,"NAMEALT":null,"NAMEASCII":"Orongen Zizhiqi","ADM0CAP":0,"CAPIN":null,"WORLDCITY":0,"MEGACITY":0,"SOV0NAME":"China","SOV_A3":"CHN","ADM0NAME":"China","ADM0_A3":"CHN","ADM1NAME":"Nei Mongol","ISO_A2":"CN","NOTE":null,"LATITUDE":50.566667,"LONGITUDE":123.716676,"POP_MAX":40128,"POP_MIN":40128,"POP_OTHER":39849,"RANK_MAX":7,"RANK_MIN":7,"MEGANAME":null,"LS_NAME":"Orongen Zizhiqi","MAX_POP10":40128,"MAX_POP20":0,"MAX_POP50":0,"MAX_POP300":0,"MAX_POP310":0,"MAX_NATSCA":10,"MIN_AREAKM":19,"MAX_AREAKM":19,"MIN_AREAMI":7,"MAX_AREAMI":7,"MIN_PERKM":19,"MAX_PERKM":19,"MIN_PERMI":12,"MAX_PERMI":12,"MIN_BBXMIN":123.7,"MAX_BBXMIN":123.7,"MIN_BBXMAX":123.75,"MAX_BBXMAX":123.75,"MIN_BBYMIN":50.558333,"MAX_BBYMIN":50.558333,"MIN_BBYMAX":50.616667,"MAX_BBYMAX":50.616667,"MEAN_BBXC":123.723452,"MEAN_BBYC":50.588452,"TIMEZONE":null,"UN_FID":0,"POP1950":0,"POP1955":0,"POP1960":0,"POP1965":0,"POP1970":0,"POP1975":0,"POP1980":0,"POP1985":0,"POP1990":0,"POP1995":0,"POP2000":0,"POP2005":0,"POP2010":0,"POP2015":0,"POP2020":0,"POP2025":0,"POP2050":0,"MIN_ZOOM":7.0,"WIKIDATAID":"Q14230874","WOF_ID":1141906559,"CAPALT":0,"NAME_EN":"Orongen Zizhiqi","NAME_DE":"Oroqenisches Autonomes Banner","NAME_ES":"Orongen Zizhiqi","NAME_FR":"Région autonome du Tibet","NAME_PT":"Oroqen Zizhiqi","NAME_RU":"Орочонский автономный хошун","NAME_ZH":"阿里河镇","LABEL":"Orongen Zizhiqi","NAME_AR":"أورونجزن زيزيكي","NAME_BN":"ওরেনগেন জিঝিকি","NAME_EL":"Οροντζέν Ζιζικί","NAME_HI":"ओरोंगेन","NAME_HU":"Orongen Zizhiqi","NAME_ID":"Orongen Zizhiqi","NAME_IT":"Bandiera autonoma di Oroqen","NAME_JA":"オロチョン自治旗","NAME_KO":"오롱겐 지즈치","NAME_NL":"Orongen Zizhiqi","NAME_PL":"Orongen Zizhiqi","NAME_SV":"Oroqen Zizhiqi","NAME_TR":"Orongen Zizhiqi","NAME_VI":"Khu tự trị Ngạc Luân Xuân","NE_ID":1159130285,"NAME_FA":"اورونگن زیژیقی","NAME_HE":"אורונגן זיז'יקי","NAME_UK":"Оронген-Цзичжици","NAME_UR":"اورونگن زیزیقی","NAME_ZHT":"阿里河镇","GEONAMESID":-1,"FCLASS_ISO":null,"FCLASS_US":null,"FCLASS_FR":null,"FCLASS_RU":null,"FCLASS_ES":null,"FCLASS_CN":null,"FCLASS_TW":null,"FCLASS_IN":null,"FCLASS_NP":null,"FCLASS_PK":null,"FCLASS_DE":null,"FCLASS_GB":null,"FCLASS_BR":null,"FCLASS_IL":null,"FCLASS_PS":null,"FCLASS_SA":null,"FCLASS_EG":null,"FCLASS_MA":null,"FCLASS_PT":null,"FCLASS_AR":null,"FCLASS_JP":null,"FCLASS_KO":null,"FCLASS_VN":null,"FCLASS_TR":null,"FCLASS_ID":null,"FCLASS_PL":null,"FCLASS_GR":null,"FCLASS_IT":null,"FCLASS_NL":null,"FCLASS_SE":null,"FCLASS_BD":null,"FCLASS_UA":null,"FCLASS_TLC":null},"geometry":{"type":"Point","coordinates":[123.7166756,50.5666667]}},
{"type":"Feature","properties":{"SCALERANK":8,"NATSCALE":10,"LABELRANK":1,"FEATURECLA":"Populated place","NAME":"Zalantun","NAMEPAR":null,"NAMEALT":null,"NAMEASCII":"Zalantun","ADM0CAP":0,"CAPIN":null,"WORLDCITY":0,"MEGACITY":0,"SOV0NAME":"China","SOV_A3":"CHN","ADM0NAME":"China","ADM0_A3":"CHN","ADM1NAME":"Nei Mongol","ISO_A2":"CN","NOTE":null,"LATITUDE":48.000002,"LONGITUDE":122.719992,"POP_MAX":138032,"POP_MIN":132224,"POP_OTHER":136305,"RANK_MAX":9,"RANK_MIN":9,"MEGANAME":null,"LS_NAME":"Zalantun","MAX_POP10":138032,"MAX_POP20":0,"MAX_POP50":0,"MAX_POP300":0,"MAX_POP310":0,"MAX_NATSCA":10,"MIN_AREAKM":30,"MAX_AREAKM":30,"MIN_AREAMI":12,"MAX_AREAMI":12,"MIN_PERKM":40,"MAX_PERKM":40,"MIN_PERMI":25,"MAX_PERMI":25,"MIN_BBXMIN":122.691667,"MAX_BBXMIN":122.691667,"MIN_BBXMAX":122.783333,"MAX_BBXMAX":122.783333,"MIN_BBYMIN":47.958333,"MAX_BBYMIN":47.958333,"MIN_BBYMAX":48.05,"MAX_BBYMAX":48.05,"MEAN_BBXC":122.737981,"MEAN_BBYC":47.996955,"TIMEZONE":"Asia/Harbin","UN_FID":0,"POP1950":0,"POP1955":0,"POP1960":0,"POP1965":0,"POP1970":0,"POP1975":0,"POP1980":0,"POP1985":0,"POP1990":0,"POP1995":0,"POP2000":0,"POP2005":0,"POP2010":0,"POP2015":0,"POP2020":0,"POP2025":0,"POP2050":0,"MIN_ZOOM":7.0,"WIKIDATAID":"Q145015","WOF_ID":102027849,"CAPALT":0,"NAME_EN":"Zalantun","NAME_DE":"Zalantun","NAME_ES":"Zhalantun","NAME_FR":"Zhalantun","NAME_PT":"Zhalantun","NAME_RU":"Чжаланьтунь","NAME_ZH":"扎兰屯","LABEL":null,"NAME_AR":"زالانتون","NAME_BN":"জানাতুন","NAME_EL":"Ζαλάντουν","NAME_HI":"ज़लानतुन","NAME_HU":"Zalantun","NAME_ID":"Zalantun","NAME_IT":"Zhalantun","NAME_JA":"ジャラントン市","NAME_KO":"자란툰시","NAME_NL":"Zalantun","NAME_PL":"Zhalantun","NAME_SV":"Zhalantun","NAME_TR":"Zalantun","NAME_VI":"Zalantun","NE_ID":1159130289,"NAME_FA":"زالانتون","NAME_HE":"זלנטון","NAME_UK":"Чжаланьтунь","NAME_UR":"ژالانتون","NAME_ZHT":"扎兰屯市","GEONAMESID":2033225,"FCLASS_ISO":null,"FCLASS_US":null,"FCLASS_FR":null,"FCLASS_RU":null,"FCLASS_ES":null,"FCLASS_CN":null,"FCLASS_TW":null,"FCLASS_IN":null,"FCLASS_NP":null,"FCLASS_PK":null,"FCLASS_DE":null,"FCLASS_GB":null,"FCLASS_BR":null,"FCLASS_IL":null,"FCLASS_PS":null,"FCLASS_SA":null,"FCLASS_EG":null,"FCLASS_MA":null,"FCLASS_PT":null,"FCLASS_AR":null,"FCLASS_JP":null,"FCLASS_KO":null,"FCLASS_VN":null,"FCLASS_TR":null,"FCLASS_ID":null,"FCLASS_PL":null,"FCLASS_GR":null,"FCLASS_IT":null,"FCLASS_NL":null,"FCLASS_SE":null,"FCLASS_BD":null,"FCLASS_UA":null,"FCLASS_TLC":null},"geometry":{"type":"Point","coordinates":[122.7199922,48.0000016]}},
{"type":"Feature","properties":{"SCALERANK":8,"NATSCALE":10,"LABELRANK":1,"FEATURECLA":"Populated place","NAME":"Anda","NAMEPAR":null,"NAMEALT":null,"NAMEASCII":"Anda","ADM0CAP":0,"CAPIN":null,"WORLDCITY":0,"MEGACITY":0,"SOV0NAME":"China","SOV_A3":"CHN","ADM0NAME":"China","ADM0_A3":"CHN","ADM1NAME":"Heilongjiang","ISO_A2":"CN","NOTE":null,"LATITUDE":46.399996,"LONGITUDE":125.32004,"POP_MAX":181533,"POP_MIN":181271,"POP_OTHER":122156,"RANK_MAX":9,"RANK_MIN":9,"MEGANAME":null,"LS_NAME":"Anda","MAX_POP10":181533,"MAX_POP20":0,"MAX_POP50":0,"MAX_POP300":0,"MAX_POP310":0,"MAX_NATSCA":10,"MIN_AREAKM":82,"MAX_AREAKM":82,"MIN_AREAMI":32,"MAX_AREAMI":32,"MIN_PERKM":94,"MAX_PERKM":94,"MIN_PERMI":58,"MAX_PERMI":58,"MIN_BBXMIN":125.141667,"MAX_BBXMIN":125.141667,"MIN_BBXMAX":125.375,"MAX_BBXMAX":125.375,"MIN_BBYMIN":46.375,"MAX_BBYMIN":46.375,"MIN_BBYMAX":46.483333,"MAX_BBYMAX":46.483333,"MEAN_BBXC":125.263104,"MEAN_BBYC":46.428019,"TIMEZONE":"Asia/Harbin","UN_FID":0,"POP1950":0,"POP1955":0,"POP1960":0,"POP1965":0,"POP1970":0,"POP1975":0,"POP1980":0,"POP1985":0,"POP1990":0,"POP1995":0,"POP2000":0,"POP2005":0,"POP2010":0,"POP2015":0,"POP2020":0,"POP2025":0,"POP2050":0,"MIN_ZOOM":7.0,"WIKIDATAID":"Q489631","WOF_ID":890514645,"CAPALT":0,"NAME_EN":"Anda","NAME_DE":"Anda","NAME_ES":"Anda","NAME_FR":"Anda","NAME_PT":"Anda","NAME_RU":"Аньда","NAME_ZH":"安达","LABEL":null,"NAME_AR":"أندا","NAME_BN":"আনতা","NAME_EL":"Αντά","NAME_HI":"ऐंडा","NAME_HU":"Anda","NAME_ID":"Anda","NAME_IT":"Anda","NAME_JA":"安達市","NAME_KO":"안다시","NAME_NL":"Anda","NAME_PL":"Anda","NAME_SV":"Anda","NAME_TR":"Anda","NAME_VI":"An Đạt","NE_ID":1159130303,"NAME_FA":"اندا","NAME_HE":"אנדה","NAME_UK":"Анда","NAME_UR":"اندا","NAME_ZHT":"安达市","GEONAMESID":2038650,"FCLASS_ISO":null,"FCLASS_US":null,"FCLASS_FR":null,"FCLASS_RU":null,"FCLASS_ES":null,"FCLASS_CN":null,"FCLASS_TW":null,"FCLASS_IN":null,"FCLASS_NP":null,"FCLASS_PK":null,"FCLASS_DE":null,"FCLASS_GB":null,"FCLASS_BR":null,"FCLASS_IL":null,"FCLASS_PS":null,"FCLASS_SA":null,"FCLASS_EG":null,"FCLASS_MA":null,"FCLASS_PT":null,"FCLASS_AR":null,"FCLASS_JP":null,"FCLASS_KO":null,"FCLASS_VN":null,"FCLASS_TR":null,"FCLASS_ID":null,"FCLASS_PL":null,"FCLASS_GR":null,"FCLASS_IT":null,"FCLASS_NL":null,"FCLASS_SE":null,"FCLASS_BD":null,"FCLASS_UA":null,"FCLASS_TLC":null},"geometry":{"type":"Point","coordinates":[125.3200402,46.399996]}},
{"type":"Feature","properties":{"SCALERANK":8,"NATSCALE":10,"LABELRANK":1,"FEATURECLA":"Populated place","NAME":"Qinggang","NAMEPAR":null,"NAMEALT":null,"NAMEASCII":"Qinggang","ADM0CAP":0,"CAPIN":null,"WORLDCITY":0,"MEGACITY":0,"SOV0NAME":"China","SOV_A3":"CHN","ADM0NAME":"China","ADM0_A3":"CHN","ADM1NAME":"Heilongjiang","ISO_A2":"CN","NOTE":null,"LATITUDE":46.69003,"LONGITUDE":126.100044,"POP_MAX":64182,"POP_MIN":57728,"POP_OTHER":53173,"RANK_MAX":8,"RANK_MIN":8,"MEGANAME":null,"LS_NAME":"Qinggang","MAX_POP10":57728,"MAX_POP20":0,"MAX_POP50":0,"MAX_POP300":0,"MAX_POP310":0,"MAX_NATSCA":10,"MIN_AREAKM":48,"MAX_AREAKM":48,"MIN_AREAMI":18,"MAX_AREAMI":18,"MIN_PERKM":87,"MAX_PERKM":87,"MIN_PERMI":54,"MAX_PERMI":54,"MIN_BBXMIN":126.025,"MAX_BBXMIN":126.025,"MIN_BBXMAX":126.15,"MAX_BBXMAX":126.15,"MIN_BBYMIN":46.633333,"MAX_BBYMIN":46.633333,"MIN_BBYMAX":46.75,"MAX_BBYMAX":46.75,"MEAN_BBXC":126.096348,"MEAN_BBYC":46.687603,"TIMEZONE":"Asia/Harbin","UN_FID":0,"POP1950":0,"POP1955":0,"POP1960":0,"POP1965":0,"POP1970":0,"POP1975":0,"POP1980":0,"POP1985":0,"POP1990":0,"POP1995":0,"POP2000":0,"POP2005":0,"POP2010":0,"POP2015":0,"POP2020":0,"POP2025":0,"POP2050":0,"MIN_ZOOM":7.0,"WIKIDATAID":"Q8836938","WOF_ID":890512957,"CAPALT":0,"NAME_EN":"Qinggang","NAME_DE":"Qinggang","NAME_ES":"Qinggang","NAME_FR":"Qinggang","NAME_PT":"Qinggang","NAME_RU":"Цинган","NAME_ZH":"青冈镇","LABEL":null,"NAME_AR":"تشينكانغ","NAME_BN":"কুইংগ্যাং","NAME_EL":"Κινγκγκάνγκ","NAME_HI":"किंगैंग","NAME_HU":"Qinggang","NAME_ID":"Qinggang","NAME_IT":"Qinggang","NAME_JA":"青岡鎮","NAME_KO":"칭강","NAME_NL":"Qinggang","NAME_PL":"Qinggang","NAME_SV":"Qinggang","NAME_TR":"Qinggang","NAME_VI":"Thanh Cương","NE_ID":1159130307,"NAME_FA":"چینگگانگ","NAME_HE":"קווינגאנג","NAME_UK":"Цинган","NAME_UR":"قنگانگ","NAME_ZHT":"青冈镇","GEONAMESID":2035325,"FCLASS_ISO":null,"FCLASS_US":null,"FCLASS_FR":null,"FCLASS_RU":null,"FCLASS_ES":null,"FCLASS_CN":null,"FCLASS_TW":null,"FCLASS_IN":null,"FCLASS_NP":null,"FCLASS_PK":null,"FCLASS_DE":null,"FCLASS_GB":null,"FCLASS_BR":null,"FCLASS_IL":null,"FCLASS_PS":null,"FCLASS_SA":null,"FCLASS_EG":null,"FCLASS_MA":null,"FCLASS_PT":null,"FCLASS_AR":null,"FCLASS_JP":null,"FCLASS_KO":null,"FCLASS_VN":null,"FCLASS_TR":null,"FCLASS_ID":null,"FCLASS_PL":null,"FCLASS_GR":null,"FCLASS_IT":null,"FCLASS_NL":null,"FCLASS_SE":null,"FCLASS_BD":null,"FCLASS_UA":null,"FCLASS_TLC":null},"geometry":{"type":"Point","coordinates":[126.1000443,46.6900299]}},
{"type":"Feature","properties":{"SCALERANK":8,"NATSCALE":10,"LABELRANK":1,"FEATURECLA":"Populated place","NAME":"Angangxi","NAMEPAR":null,"NAMEALT":null,"NAMEASCII":"Angangxi","ADM0CAP":0,"CAPIN":null,"WORLDCITY":0,"MEGACITY":0,"SOV0NAME":"China","SOV_A3":"CHN","ADM0NAME":"China","ADM0_A3":"CHN","ADM1NAME":"Heilongjiang","ISO_A2":"CN","NOTE":null,"LATITUDE":47.160053,"LONGITUDE":123.80003,"POP_MAX":24317,"POP_MIN":24317,"POP_OTHER":23431,"RANK_MAX":7,"RANK_MIN":7,"MEGANAME":null,"LS_NAME":"Angangxi","MAX_POP10":24317,"MAX_POP20":0,"MAX_POP50":0,"MAX_POP300":0,"MAX_POP310":0,"MAX_NATSCA":10,"MIN_AREAKM":16,"MAX_AREAKM":16,"MIN_AREAMI":6,"MAX_AREAMI":6,"MIN_PERKM":29,"MAX_PERKM":29,"MIN_PERMI":18,"MAX_PERMI":18,"MIN_BBXMIN":123.775,"MAX_BBXMIN":123.775,"MIN_BBXMAX":123.858333,"MAX_BBXMAX":123.858333,"MIN_BBYMIN":47.133333,"MAX_BBYMIN":47.133333,"MIN_BBYMAX":47.191667,"MAX_BBYMAX":47.191667,"MEAN_BBXC":123.815895,"MEAN_BBYC":47.156636,"TIMEZONE":null,"UN_FID":0,"POP1950":0,"POP1955":0,"POP1960":0,"POP1965":0,"POP1970":0,"POP1975":0,"POP1980":0,"POP1985":0,"POP1990":0,"POP1995":0,"POP2000":0,"POP2005":0,"POP2010":0,"POP2015":0,"POP2020":0,"POP2025":0,"POP2050":0,"MIN_ZOOM":7.0,"WIKIDATAID":null,"WOF_ID":1141906567,"CAPALT":0,"NAME_EN":"Ang’angxi","NAME_DE":"Ang’angxi","NAME_ES":"Angangxi","NAME_FR":"Ang'angxi","NAME_PT":"Ang'angxi","NAME_RU":"Анъанси","NAME_ZH":"昂昂溪区","LABEL":null,"NAME_AR":"أنجونشي","NAME_BN":"অ্যাংআনশি","NAME_EL":"Ανγκανξί","NAME_HI":"ऐंगांग्ज़ी","NAME_HU":"Angangxi","NAME_ID":"Angangxi","NAME_IT":"Ang'angxi","NAME_JA":"昂昂溪区","NAME_KO":"안강시","NAME_NL":"Angangxi","NAME_PL":"Angangxi","NAME_SV":"Ang'angxi","NAME_TR":"Angangxi","NAME_VI":"Ngang Ngang Khê","NE_ID":1159130315,"NAME_FA":"آنگانگشی","NAME_HE":"אנגנקסי","NAME_UK":"Аньаньсі","NAME_UR":"اینگینگزی","NAME_ZHT":"昂昂溪","GEONAMESID":-1,"FCLASS_ISO":null,"FCLASS_US":null,"FCLASS_FR":null,"FCLASS_RU":null,"FCLASS_ES":null,"FCLASS_CN":null,"FCLASS_TW":null,"FCLASS_IN":null,"FCLASS_NP":null,"FCLASS_PK":null,"FCLASS_DE":null,"FCLASS_GB":null,"FCLASS_BR":null,"FCLASS_IL":null,"FCLASS_PS":null,"FCLASS_SA":null,"FCLASS_EG":null,"FCLASS_MA":null,"FCLASS_PT":null,"FCLASS_AR":null,"FCLASS_JP":null,"FCLASS_KO":null,"FCLASS_VN":null,"FCLASS_TR":null,"FCLASS_ID":null,"FCLASS_PL":null,"FCLASS_GR":null,"FCLASS_IT":null,"FCLASS_NL":null,"FCLASS_SE":null,"FCLASS_BD":null,"FCLASS_UA":null,"FCLASS_TLC":null},"geometry":{"type":"Point","coordinates":[123.8000297,47.1600529]}},
{"type":"Feature","properties":{"SCALERANK":8,"NATSCALE":10,"LABELRANK":1,"FEATURECLA":"Populated place","NAME":"Hulan Ergi","NAMEPAR":null,"NAMEALT":null,"NAMEASCII":"Hulan Ergi","ADM0CAP":0,"CAPIN":null,"WORLDCITY":0,"MEGACITY":0,"SOV0NAME":"China","SOV_A3":"CHN","ADM0NAME":"China","ADM0_A3":"CHN","ADM1NAME":"Heilongjiang","ISO_A2":"CN","NOTE":null,"LATITUDE":47.209972,"LONGITUDE":123.610015,"POP_MAX":289999,"POP_MIN":265344,"POP_OTHER":282418,"RANK_MAX":10,"RANK_MIN":10,"MEGANAME":null,"LS_NAME":"Hulan Ergi","MAX_POP10":289999,"MAX_POP20":0,"MAX_POP50":0,"MAX_POP300":0,"MAX_POP310":0,"MAX_NATSCA":10,"MIN_AREAKM":92,"MAX_AREAKM":92,"MIN_AREAMI":35,"MAX_AREAMI":35,"MIN_PERKM":88,"MAX_PERKM":88,"MIN_PERMI":55,"MAX_PERMI":55,"MIN_BBXMIN":123.541667,"MAX_BBXMIN":123.541667,"MIN_BBXMAX":123.7,"MAX_BBXMAX":123.7,"MIN_BBYMIN":47.141667,"MAX_BBYMIN":47.141667,"MIN_BBYMAX":47.3,"MAX_BBYMAX":47.3,"MEAN_BBXC":123.617436,"MEAN_BBYC":47.219772,"TIMEZONE":"Asia/Harbin","UN_FID":0,"POP1950":0,"POP1955":0,"POP1960":0,"POP1965":0,"POP1970":0,"POP1975":0,"POP1980":0,"POP1985":0,"POP1990":0,"POP1995":0,"POP2000":0,"POP2005":0,"POP2010":0,"POP2015":0,"POP2020":0,"POP2025":0,"POP2050":0,"MIN_ZOOM":7.0,"WIKIDATAID":"Q34761","WOF_ID":890512819,"CAPALT":0,"NAME_EN":"Fularji","NAME_DE":"Hulan Ergi","NAME_ES":"Hulan Ergi","NAME_FR":"Fularji","NAME_PT":"Hulan Ergi","NAME_RU":"Фулаэрцзи","NAME_ZH":"富拉尔基区","LABEL":null,"NAME_AR":"هولان إيرجي","NAME_BN":"হুলান এরগি","NAME_EL":"Χουλάν Εργκί","NAME_HI":"हुलान अर्गी","NAME_HU":"Hulan Ergi","NAME_ID":"Hulan Ergi","NAME_IT":"Fularji","NAME_JA":"フラルキ区","NAME_KO":"푸라얼지구","NAME_NL":"Hulan Ergi","NAME_PL":"Hulan Ergi","NAME_SV":"Hulan Ergi","NAME_TR":"Hulan Ergi","NAME_VI":"Phú Lạp Nhĩ Cơ","NE_ID":1159130319,"NAME_FA":"هولان ارگی","NAME_HE":"הולאן ארגי","NAME_UK":"Хулан-Ергі","NAME_UR":"ہولان ایرگی","NAME_ZHT":"富拉尔基区","GEONAMESID":2036670,"FCLASS_ISO":null,"FCLASS_US":null,"FCLASS_FR":null,"FCLASS_RU":null,"FCLASS_ES":null,"FCLASS_CN":null,"FCLASS_TW":null,"FCLASS_IN":null,"FCLASS_NP":null,"FCLASS_PK":null,"FCLASS_DE":null,"FCLASS_GB":null,"FCLASS_BR":null,"FCLASS_IL":null,"FCLASS_PS":null,"FCLASS_SA":null,"FCLASS_EG":null,"FCLASS_MA":null,"FCLASS_PT":null,"FCLASS_AR":null,"FCLASS_JP":null,"FCLASS_KO":null,"FCLASS_VN":null,"FCLASS_TR":null,"FCLASS_ID":null,"FCLASS_PL":null,"FCLASS_GR":null,"FCLASS_IT":null,"FCLASS_NL":null,"FCLASS_SE":null,"FCLASS_BD":null,"FCLASS_UA":null,"FCLASS_TLC":null},"geometry":{"type":"Point","coordinates":[123.6100154,47.2099724]}},
{"type":"Feature","properties":{"SCALERANK":8,"NATSCALE":10,"LABELRANK":1,"FEATURECLA":"Populated place","NAME":"Qingan","NAMEPAR":null,"NAMEALT":null,"NAMEASCII":"Qingan","ADM0CAP":0,"CAPIN":null,"WORLDCITY":0,"MEGACITY":0,"SOV0NAME":"China","SOV_A3":"CHN","ADM0NAME":"China","ADM0_A3":"CHN","ADM1NAME":"Heilongjiang","ISO_A2":"CN","NOTE":null,"LATITUDE":46.871854,"LONGITUDE":127.511844,"POP_MAX":53206,"POP_MIN":53206,"POP_OTHER":48388,"RANK_MAX":8,"RANK_MIN":8,"MEGANAME":null,"LS_NAME":"Qingan","MAX_POP10":53206,"MAX_POP20":0,"MAX_POP50":0,"MAX_POP300":0,"MAX_POP310":0,"MAX_NATSCA":10,"MIN_AREAKM":45,"MAX_AREAKM":45,"MIN_AREAMI":17,"MAX_AREAMI":17,"MIN_PERKM":76,"MAX_PERKM":76,"MIN_PERMI":47,"MAX_PERMI":47,"MIN_BBXMIN":127.375,"MAX_BBXMIN":127.375,"MIN_BBXMAX":127.558333,"MAX_BBXMAX":127.558333,"MIN_BBYMIN":46.833333,"MAX_BBYMIN":46.833333,"MIN_BBYMAX":46.908333,"MAX_BBYMAX":46.908333,"MEAN_BBXC":127.483991,"MEAN_BBYC":46.876754,"TIMEZONE":null,"UN_FID":0,"POP1950":0,"POP1955":0,"POP1960":0,"POP1965":0,"POP1970":0,"POP1975":0,"POP1980":0,"POP1985":0,"POP1990":0,"POP1995":0,"POP2000":0,"POP2005":0,"POP2010":0,"POP2015":0,"POP2020":0,"POP2025":0,"POP2050":0,"MIN_ZOOM":7.0,"WIKIDATAID":null,"WOF_ID":1141906569,"CAPALT":0,"NAME_EN":"Qing’an","NAME_DE":"Qing’an","NAME_ES":"Qingan","NAME_FR":"Qing'an","NAME_PT":"Qing'an","NAME_RU":"Цинъань","NAME_ZH":"庆安县","LABEL":null,"NAME_AR":"تشينغان","NAME_BN":"কুইংঅ্যান","NAME_EL":"Κινγκάν","NAME_HI":"किंगैन","NAME_HU":"Qingan","NAME_ID":"Qingan","NAME_IT":"Qing'an","NAME_JA":"慶安","NAME_KO":"칭안","NAME_NL":"Qingan","NAME_PL":"Qingan","NAME_SV":"Qing'an","NAME_TR":"Qingan","NAME_VI":"Khánh An","NE_ID":1159130323,"NAME_FA":"چینگان","NAME_HE":"קווינגאן","NAME_UK":"Цінань","NAME_UR":"قنگن","NAME_ZHT":"慶安","GEONAMESID":-1,"FCLASS_ISO":null,"FCLASS_US":null,"FCLASS_FR":null,"FCLASS_RU":null,"FCLASS_ES":null,"FCLASS_CN":null,"FCLASS_TW":null,"FCLASS_IN":null,"FCLASS_NP":null,"FCLASS_PK":null,"FCLASS_DE":null,"FCLASS_GB":null,"FCLASS_BR":null,"FCLASS_IL":null,"FCLASS_PS":null,"FCLASS_SA":null,"FCLASS_EG":null,"FCLASS_MA":null,"FCLASS_PT":null,"FCLASS_AR":null,"FCLASS_JP":null,"FCLASS_KO":null,"FCLASS_VN":null,"FCLASS_TR":null,"FCLASS_ID":null,"FCLASS_PL":null,"FCLASS_GR":null,"FCLASS_IT":null,"FCLASS_NL":null,"FCLASS_SE":null,"FCLASS_BD":null,"FCLASS_UA":null,"FCLASS_TLC":null},"geometry":{"type":"Point","coordinates":[127.5118444,46.8718535]}},
{"type":"Feature","properties":{"SCALERANK":8,"NATSCALE":10,"LABELRANK":1,"FEATURECLA":"Populated place","NAME":"Baiquan","NAMEPAR":null,"NAMEALT":null,"NAMEASCII":"Baiquan","ADM0CAP":0,"CAPIN":null,"WORLDCITY":0,"MEGACITY":0,"SOV0NAME":"China","SOV_A3":"CHN","ADM0NAME":"China","ADM0_A3":"CHN","ADM1NAME":"Heilongjiang","ISO_A2":"CN","NOTE":null,"LATITUDE":47.601835,"LONGITUDE":126.081854,"POP_MAX":70472,"POP_MIN":34887,"POP_OTHER":34253,"RANK_MAX":8,"RANK_MIN":7,"MEGANAME":null,"LS_NAME":"Baiquan","MAX_POP10":34887,"MAX_POP20":0,"MAX_POP50":0,"MAX_POP300":0,"MAX_POP310":0,"MAX_NATSCA":10,"MIN_AREAKM":23,"MAX_AREAKM":23,"MIN_AREAMI":9,"MAX_AREAMI":9,"MIN_PERKM":40,"MAX_PERKM":40,"MIN_PERMI":25,"MAX_PERMI":25,"MIN_BBXMIN":126.008333,"MAX_BBXMIN":126.008333,"MIN_BBXMAX":126.108333,"MAX_BBXMAX":126.108333,"MIN_BBYMIN":47.583333,"MAX_BBYMIN":47.583333,"MIN_BBYMAX":47.65,"MAX_BBYMAX":47.65,"MEAN_BBXC":126.075,"MEAN_BBYC":47.612083,"TIMEZONE":"Asia/Harbin","UN_FID":0,"POP1950":0,"POP1955":0,"POP1960":0,"POP1965":0,"POP1970":0,"POP1975":0,"POP1980":0,"POP1985":0,"POP1990":0,"POP1995":0,"POP2000":0,"POP2005":0,"POP2010":0,"POP2015":0,"POP2020":0,"POP2025":0,"POP2050":0,"MIN_ZOOM":7.0,"WIKIDATAID":"Q649215","WOF_ID":890512969,"CAPALT":0,"NAME_EN":"Baiquan County","NAME_DE":"Baiquan","NAME_ES":"Baiquan","NAME_FR":"Xian de Baiquan","NAME_PT":"Baiquan","NAME_RU":"Байцюань","NAME_ZH":"拜泉县","LABEL":null,"NAME_AR":"بايكوان","NAME_BN":"বাইকুয়ান","NAME_EL":"Μπαϊκουάν","NAME_HI":"बाइकुआन","NAME_HU":"Baiquan","NAME_ID":"Baiquan","NAME_IT":"Baiquan","NAME_JA":"拝泉県","NAME_KO":"바이취안현","NAME_NL":"Baiquan","NAME_PL":"Baiquan","NAME_SV":"Baiquan","NAME_TR":"Baiquan","NAME_VI":"Bái Tuyền","NE_ID":1159130327,"NAME_FA":"شهرستان بایچوان","NAME_HE":"באינגואן","NAME_UK":"Байцюань","NAME_UR":"بایچوان کاؤنٹی","NAME_ZHT":"拜泉县","GEONAMESID":2038541,"FCLASS_ISO":null,"FCLASS_US":null,"FCLASS_FR":null,"FCLASS_RU":null,"FCLASS_ES":null,"FCLASS_CN":null,"FCLASS_TW":null,"FCLASS_IN":null,"FCLASS_NP":null,"FCLASS_PK":null,"FCLASS_DE":null,"FCLASS_GB":null,"FCLASS_BR":null,"FCLASS_IL":null,"FCLASS_PS":null,"FCLASS_SA":null,"FCLASS_EG":null,"FCLASS_MA":null,"FCLASS_PT":null,"FCLASS_AR":null,"FCLASS_JP":null,"FCLASS_KO":null,"FCLASS_VN":null,"FCLASS_TR":null,"FCLASS_ID":null,"FCLASS_PL":null,"FCLASS_GR":null,"FCLASS_IT":null,"FCLASS_NL":null,"FCLASS_SE":null,"FCLASS_BD":null,"FCLASS_UA":null,"FCLASS_TLC":null},"geometry":{"type":"Point","coordinates":[126.0818542,47.6018347]}},
{"type":"Feature","properties":{"SCALERANK":8,"NATSCALE":10,"LABELRANK":1,"FEATURECLA":"Populated place","NAME":"Suileng","NAMEPAR":null,"NAMEALT":null,"NAMEASCII":"Suileng","ADM0CAP":0,"CAPIN":null,"WORLDCITY":0,"MEGACITY":0,"SOV0NAME":"China","SOV_A3":"CHN","ADM0NAME":"China","ADM0_A3":"CHN","ADM1NAME":"Heilongjiang","ISO_A2":"CN","NOTE":null,"LATITUDE":47.245991,"LONGITUDE":127.105978,"POP_MAX":57789,"POP_MIN":57124,"POP_OTHER":47811,"RANK_MAX":8,"RANK_MIN":8,"MEGANAME":null,"LS_NAME":"Suileng","MAX_POP10":57789,"MAX_POP20":0,"MAX_POP50":0,"MAX_POP300":0,"MAX_POP310":0,"MAX_NATSCA":10,"MIN_AREAKM":38,"MAX_AREAKM":38,"MIN_AREAMI":15,"MAX_AREAMI":15,"MIN_PERKM":73,"MAX_PERKM":73,"MIN_PERMI":46,"MAX_PERMI":46,"MIN_BBXMIN":127.025,"MAX_BBXMIN":127.025,"MIN_BBXMAX":127.241667,"MAX_BBXMAX":127.241667,"MIN_BBYMIN":47.208333,"MAX_BBYMIN":47.208333,"MIN_BBYMAX":47.283333,"MAX_BBYMAX":47.283333,"MEAN_BBXC":127.121474,"MEAN_BBYC":47.23891,"TIMEZONE":"Asia/Harbin","UN_FID":0,"POP1950":0,"POP1955":0,"POP1960":0,"POP1965":0,"POP1970":0,"POP1975":0,"POP1980":0,"POP1985":0,"POP1990":0,"POP1995":0,"POP2000":0,"POP2005":0,"POP2010":0,"POP2015":0,"POP2020":0,"POP2025":0,"POP2050":0,"MIN_ZOOM":7.0,"WIKIDATAID":"Q13992688","WOF_ID":890512955,"CAPALT":0,"NAME_EN":"Suiling Town","NAME_DE":"Suileng","NAME_ES":"Suileng","NAME_FR":"Suileng","NAME_PT":"Suiling","NAME_RU":"Суйлин","NAME_ZH":"绥棱镇","LABEL":null,"NAME_AR":"سويلينج","NAME_BN":"সুইলেং","NAME_EL":"Σουϊλένγκ","NAME_HI":"स्यूलेंग","NAME_HU":"Suileng","NAME_ID":"Suileng","NAME_IT":"Suileng","NAME_JA":"綏稜鎮","NAME_KO":"수이렝","NAME_NL":"Suileng","NAME_PL":"Suiling","NAME_SV":"Suileng","NAME_TR":"Suileng","NAME_VI":"Tuy Lăng","NE_ID":1159130333,"NAME_FA":"سولینگ","NAME_HE":"שואילנג","NAME_UK":"Суйлен","NAME_UR":"سوئیلینگ","NAME_ZHT":"绥棱镇","GEONAMESID":2034651,"FCLASS_ISO":null,"FCLASS_US":null,"FCLASS_FR":null,"FCLASS_RU":null,"FCLASS_ES":null,"FCLASS_CN":null,"FCLASS_TW":null,"FCLASS_IN":null,"FCLASS_NP":null,"FCLASS_PK":null,"FCLASS_DE":null,"FCLASS_GB":null,"FCLASS_BR":null,"FCLASS_IL":null,"FCLASS_PS":null,"FCLASS_SA":null,"FCLASS_EG":null,"FCLASS_MA":null,"FCLASS_PT":null,"FCLASS_AR":null,"FCLASS_JP":null,"FCLASS_KO":null,"FCLASS_VN":null,"FCLASS_TR":null,"FCLASS_ID":null,"FCLASS_PL":null,"FCLASS_GR":null,"FCLASS_IT":null,"FCLASS_NL":null,"FCLASS_SE":null,"FCLASS_BD":null,"FCLASS_UA":null,"FCLASS_TLC":null},"geometry":{"type":"Point","coordinates":[127.1059777,47.2459908]}},
{"type":"Feature","properties":{"SCALERANK":8,"NATSCALE":10,"LABELRANK":1,"FEATURECLA":"Populated place","NAME":"Linkou","NAMEPAR":null,"NAMEALT":null,"NAMEASCII":"Linkou","ADM0CAP":0,"CAPIN":null,"WORLDCITY":0,"MEGACITY":0,"SOV0NAME":"China","SOV_A3":"CHN","ADM0NAME":"China","ADM0_A3":"CHN","ADM1NAME":"Heilongjiang","ISO_A2":"CN","NOTE":null,"LATITUDE":45.281899,"LONGITUDE":130.251884,"POP_MAX":77754,"POP_MIN":55099,"POP_OTHER":54687,"RANK_MAX":8,"RANK_MIN":8,"MEGANAME":null,"LS_NAME":"Linkou","MAX_POP10":55099,"MAX_POP20":0,"MAX_POP50":0,"MAX_POP300":0,"MAX_POP310":0,"MAX_NATSCA":10,"MIN_AREAKM":24,"MAX_AREAKM":24,"MIN_AREAMI":9,"MAX_AREAMI":9,"MIN_PERKM":38,"MAX_PERKM":38,"MIN_PERMI":23,"MAX_PERMI":23,"MIN_BBXMIN":130.208333,"MAX_BBXMIN":130.208333,"MIN_BBXMAX":130.308333,"MAX_BBXMAX":130.308333,"MIN_BBYMIN":45.25,"MAX_BBYMIN":45.25,"MIN_BBYMAX":45.316667,"MAX_BBYMAX":45.316667,"MEAN_BBXC":130.262917,"MEAN_BBYC":45.282083,"TIMEZONE":"Asia/Harbin","UN_FID":0,"POP1950":0,"POP1955":0,"POP1960":0,"POP1965":0,"POP1970":0,"POP1975":0,"POP1980":0,"POP1985":0,"POP1990":0,"POP1995":0,"POP2000":0,"POP2005":0,"POP2010":0,"POP2015":0,"POP2020":0,"POP2025":0,"POP2050":0,"MIN_ZOOM":7.0,"WIKIDATAID":null,"WOF_ID":890512967,"CAPALT":0,"NAME_EN":"Linkou","NAME_DE":"Linkou","NAME_ES":"Linkou","NAME_FR":"Linkou","NAME_PT":"Linkou","NAME_RU":"Линькоу","NAME_ZH":"林口","LABEL":null,"NAME_AR":"لينكو","NAME_BN":"লিনকোউ","NAME_EL":"Λίνκου","NAME_HI":"लिंकाउ","NAME_HU":"Linkou","NAME_ID":"Linkou","NAME_IT":"Linkou","NAME_JA":"林口","NAME_KO":"린커우","NAME_NL":"Linkou","NAME_PL":"Linkou","NAME_SV":"Linkou","NAME_TR":"Linkou","NAME_VI":"Lâm Khẩu","NE_ID":1159130337,"NAME_FA":"لینکو","NAME_HE":"לינוקואו","NAME_UK":"Лінькоу","NAME_UR":"لنکو","NAME_ZHT":"林口","GEONAMESID":2036066,"FCLASS_ISO":null,"FCLASS_US":null,"FCLASS_FR":null,"FCLASS_RU":null,"FCLASS_ES":null,"FCLASS_CN":null,"FCLASS_TW":null,"FCLASS_IN":null,"FCLASS_NP":null,"FCLASS_PK":null,"FCLASS_DE":null,"FCLASS_GB":null,"FCLASS_BR":null,"FCLASS_IL":null,"FCLASS_PS":null,"FCLASS_SA":null,"FCLASS_EG":null,"FCLASS_MA":null,"FCLASS_PT":null,"FCLASS_AR":null,"FCLASS_JP":null,"FCLASS_KO":null,"FCLASS_VN":null,"FCLASS_TR":null,"FCLASS_ID":null,"FCLASS_PL":null,"FCLASS_GR":null,"FCLASS_IT":null,"FCLASS_NL":null,"FCLASS_SE":null,"FCLASS_BD":null,"FCLASS_UA":null,"FCLASS_TLC":null},"geometry":{"type":"Point","coordinates":[130.2518839,45.2818988]}},
{"type":"Feature","properties":{"SCALERANK":7,"NATSCALE":20,"LABELRANK":3,"FEATURECLA":"Populated place","NAME":"Sokcho","NAMEPAR":null,"NAMEALT":null,"NAMEASCII":"Sokcho","ADM0CAP":0,"CAPIN":null,"WORLDCITY":0,"MEGACITY":0,"SOV0NAME":"Korea, South","SOV_A3":"KOR","ADM0NAME":"South Korea","ADM0_A3":"KOR","ADM1NAME":"Gangwon-do","ISO_A2":"KR","NOTE":null,"LATITUDE":38.208713,"LONGITUDE":128.591158,"POP_MAX":85430,"POP_MIN":85430,"POP_OTHER":85430,"RANK_MAX":8,"RANK_MIN":8,"MEGANAME":null,"LS_NAME":"Sokcho","MAX_POP10":85430,"MAX_POP20":85430,"MAX_POP50":0,"MAX_POP300":0,"MAX_POP310":0,"MAX_NATSCA":20,"MIN_AREAKM":24,"MAX_AREAKM":24,"MIN_AREAMI":9,"MAX_AREAMI":9,"MIN_PERKM":37,"MAX_PERKM":37,"MIN_PERMI":23,"MAX_PERMI":23,"MIN_BBXMIN":128.525,"MAX_BBXMIN":128.525,"MIN_BBXMAX":128.608333,"MAX_BBXMAX":128.608333,"MIN_BBYMIN":38.166667,"MAX_BBYMIN":38.166667,"MIN_BBYMAX":38.233333,"MAX_BBYMAX":38.233333,"MEAN_BBXC":128.574074,"MEAN_BBYC":38.201157,"TIMEZONE":null,"UN_FID":0,"POP1950":0,"POP1955":0,"POP1960":0,"POP1965":0,"POP1970":0,"POP1975":0,"POP1980":0,"POP1985":0,"POP1990":0,"POP1995":0,"POP2000":0,"POP2005":0,"POP2010":0,"POP2015":0,"POP2020":0,"POP2025":0,"POP2050":0,"MIN_ZOOM":6.7,"WIKIDATAID":"Q42109","WOF_ID":1141907261,"CAPALT":0,"NAME_EN":"Sokcho","NAME_DE":"Sokcho","NAME_ES":"Sokcho","NAME_FR":"Sokcho","NAME_PT":"Sokcho","NAME_RU":"Сокчхо","NAME_ZH":"束草","LABEL":null,"NAME_AR":"سوكوتشو","NAME_BN":"সোকচো","NAME_EL":"Σόκτσο","NAME_HI":"सोक्चो","NAME_HU":"Szokcsó","NAME_ID":"Sokcho","NAME_IT":"Sokcho","NAME_JA":"束草市","NAME_KO":"속초시","NAME_NL":"Sokcho","NAME_PL":"Sokcho","NAME_SV":"Sokcho","NAME_TR":"Sokcho","NAME_VI":"Sokcho","NE_ID":1159137921,"NAME_FA":"سوکچو","NAME_HE":"סוקצ'ו","NAME_UK":"Сокчхо","NAME_UR":"سوکچو","NAME_ZHT":"束草市","GEONAMESID":1836553,"FCLASS_ISO":null,"FCLASS_US":null,"FCLASS_FR":null,"FCLASS_RU":null,"FCLASS_ES":null,"FCLASS_CN":null,"FCLASS_TW":null,"FCLASS_IN":null,"FCLASS_NP":null,"FCLASS_PK":null,"FCLASS_DE":null,"FCLASS_GB":null,"FCLASS_BR":null,"FCLASS_IL":null,"FCLASS_PS":null,"FCLASS_SA":null,"FCLASS_EG":null,"FCLASS_MA":null,"FCLASS_PT":null,"FCLASS_AR":null,"FCLASS_JP":null,"FCLASS_KO":null,"FCLASS_VN":null,"FCLASS_TR":null,"FCLASS_ID":null,"FCLASS_PL":null,"FCLASS_GR":null,"FCLASS_IT":null,"FCLASS_NL":null,"FCLASS_SE":null,"FCLASS_BD":null,"FCLASS_UA":null,"FCLASS_TLC":null},"geometry":{"type":"Point","coordinates":[128.591158400000012,38.208713]}},
{"type":"Feature","properties":{"SCALERANK":7,"NATSCALE":20,"LABELRANK":2,"FEATURECLA":"Admin-1 capital","NAME":"Aginskoye","NAMEPAR":null,"NAMEALT":null,"NAMEASCII":"Aginskoye","ADM0CAP":0,"CAPIN":null,"WORLDCITY":0,"MEGACITY":0,"SOV0NAME":"Russia","SOV_A3":"RUS","ADM0NAME":"Russia","ADM0_A3":"RUS","ADM1NAME":"Aga Buryat","ISO_A2":"RU","NOTE":null,"LATITUDE":51.103068,"LONGITUDE":114.522818,"POP_MAX":11491,"POP_MIN":11491,"POP_OTHER":0,"RANK_MAX":6,"RANK_MIN":6,"MEGANAME":null,"LS_NAME":"Aginskoye","MAX_POP10":0,"MAX_POP20":0,"MAX_POP50":0,"MAX_POP300":0,"MAX_POP310":0,"MAX_NATSCA":0,"MIN_AREAKM":0,"MAX_AREAKM":0,"MIN_AREAMI":0,"MAX_AREAMI":0,"MIN_PERKM":0,"MAX_PERKM":0,"MIN_PERMI":0,"MAX_PERMI":0,"MIN_BBXMIN":0.0,"MAX_BBXMIN":0.0,"MIN_BBXMAX":0.0,"MAX_BBXMAX":0.0,"MIN_BBYMIN":0.0,"MAX_BBYMIN":0.0,"MIN_BBYMAX":0.0,"MAX_BBYMAX":0.0,"MEAN_BBXC":0.0,"MEAN_BBYC":0.0,"TIMEZONE":"Asia/Yakutsk","UN_FID":0,"POP1950":0,"POP1955":0,"POP1960":0,"POP1965":0,"POP1970":0,"POP1975":0,"POP1980":0,"POP1985":0,"POP1990":0,"POP1995":0,"POP2000":0,"POP2005":0,"POP2010":0,"POP2015":0,"POP2020":0,"POP2025":0,"POP2050":0,"MIN_ZOOM":6.7,"WIKIDATAID":"Q393898","WOF_ID":102014767,"CAPALT":0,"NAME_EN":"Aginskoye","NAME_DE":"Aginskoje","NAME_ES":"Agínskoye","NAME_FR":"Aguinskoïe","NAME_PT":"Aguinskoe","NAME_RU":"Агинское","NAME_ZH":"阿金斯科耶","LABEL":null,"NAME_AR":"أغينسكويي","NAME_BN":"আগিনস্কোয়ে","NAME_EL":"Αγκινσκόιε","NAME_HI":"अगिनस्कोए","NAME_HU":"Aginszkoje","NAME_ID":"Aginskoye","NAME_IT":"Aginskoe","NAME_JA":"アギンスコエ","NAME_KO":"아긴스코예","NAME_NL":"Aginskoje","NAME_PL":"Aginskoje","NAME_SV":"Aginskoje","NAME_TR":"Aginskoye","NAME_VI":"Aginskoye","NE_ID":1159138103,"NAME_FA":"آگینسکویه","NAME_HE":"אגינסקויה","NAME_UK":"Агінське","NAME_UR":"اگنسکوئی","NAME_ZHT":"阿金斯科耶","GEONAMESID":2028078,"FCLASS_ISO":null,"FCLASS_US":null,"FCLASS_FR":null,"FCLASS_RU":null,"FCLASS_ES":null,"FCLASS_CN":null,"FCLASS_TW":null,"FCLASS_IN":null,"FCLASS_NP":null,"FCLASS_PK":null,"FCLASS_DE":null,"FCLASS_GB":null,"FCLASS_BR":null,"FCLASS_IL":null,"FCLASS_PS":null,"FCLASS_SA":null,"FCLASS_EG":null,"FCLASS_MA":null,"FCLASS_PT":null,"FCLASS_AR":null,"FCLASS_JP":null,"FCLASS_KO":null,"FCLASS_VN":null,"FCLASS_TR":null,"FCLASS_ID":null,"FCLASS_PL":null,"FCLASS_GR":null,"FCLASS_IT":null,"FCLASS_NL":null,"FCLASS_SE":null,"FCLASS_BD":null,"FCLASS_UA":null,"FCLASS_TLC":null},"geometry":{"type":"Point","coordinates":[114.5228182,51.1030681]}},
{"type":"Feature","properties":{"SCALERANK":7,"NATSCALE":20,"LABELRANK":2,"FEATURECLA":"Populated place","NAME":"Progress","NAMEPAR":null,"NAMEALT":null,"NAMEASCII":"Progress","ADM0CAP":0,"CAPIN":null,"WORLDCITY":0,"MEGACITY":0,"SOV0NAME":"Russia","SOV_A3":"RUS","ADM0NAME":"Russia","ADM0_A3":"RUS","ADM1NAME":"Amur","ISO_A2":"RU","NOTE":null,"LATITUDE":49.750386,"LONGITUDE":129.616677,"POP_MAX":146,"POP_MIN":146,"POP_OTHER":0,"RANK_MAX":1,"RANK_MIN":1,"MEGANAME":null,"LS_NAME":"Progress","MAX_POP10":146,"MAX_POP20":146,"MAX_POP50":0,"MAX_POP300":0,"MAX_POP310":0,"MAX_NATSCA":20,"MIN_AREAKM":1,"MAX_AREAKM":1,"MIN_AREAMI":0,"MAX_AREAMI":0,"MIN_PERKM":3,"MAX_PERKM":3,"MIN_PERMI":2,"MAX_PERMI":2,"MIN_BBXMIN":129.608333,"MAX_BBXMIN":129.608333,"MIN_BBXMAX":129.616667,"MAX_BBXMAX":129.616667,"MIN_BBYMIN":49.758333,"MAX_BBYMIN":49.758333,"MIN_BBYMAX":49.766667,"MAX_BBYMAX":49.766667,"MEAN_BBXC":129.6125,"MEAN_BBYC":49.7625,"TIMEZONE":null,"UN_FID":0,"POP1950":0,"POP1955":0,"POP1960":0,"POP1965":0,"POP1970":0,"POP1975":0,"POP1980":0,"POP1985":0,"POP1990":0,"POP1995":0,"POP2000":0,"POP2005":0,"POP2010":0,"POP2015":0,"POP2020":0,"POP2025":0,"POP2050":0,"MIN_ZOOM":6.1,"WIKIDATAID":"Q2003829","WOF_ID":1141907305,"CAPALT":0,"NAME_EN":"Progress","NAME_DE":"Progress","NAME_ES":"Progress","NAME_FR":"Progress","NAME_PT":"Progress","NAME_RU":"Прогресс","NAME_ZH":"普罗格列斯","LABEL":null,"NAME_AR":"بروغريس","NAME_BN":"প্রোগ্রেস","NAME_EL":"Πρόγκρες","NAME_HI":"प्रोग्रेस","NAME_HU":"Progress","NAME_ID":"Progress","NAME_IT":"Progress","NAME_JA":"プログレス","NAME_KO":"프로그레스","NAME_NL":"Progress","NAME_PL":"Progriess","NAME_SV":"Progress","NAME_TR":"Progress","NAME_VI":"Progress","NE_ID":1159138109,"NAME_FA":"پروگرس","NAME_HE":"פרוגרס","NAME_UK":"Прогрес","NAME_UR":"پراگریس","NAME_ZHT":"普羅格列斯","GEONAMESID":2017615,"FCLASS_ISO":null,"FCLASS_US":null,"FCLASS_FR":null,"FCLASS_RU":null,"FCLASS_ES":null,"FCLASS_CN":null,"FCLASS_TW":null,"FCLASS_IN":null,"FCLASS_NP":null,"FCLASS_PK":null,"FCLASS_DE":null,"FCLASS_GB":null,"FCLASS_BR":null,"FCLASS_IL":null,"FCLASS_PS":null,"FCLASS_SA":null,"FCLASS_EG":null,"FCLASS_MA":null,"FCLASS_PT":null,"FCLASS_AR":null,"FCLASS_JP":null,"FCLASS_KO":null,"FCLASS_VN":null,"FCLASS_TR":null,"FCLASS_ID":null,"FCLASS_PL":null,"FCLASS_GR":null,"FCLASS_IT":null,"FCLASS_NL":null,"FCLASS_SE":null,"FCLASS_BD":null,"FCLASS_UA":null,"FCLASS_TLC":null},"geometry":{"type":"Point","coordinates":[129.6166772,49.7503858]}},
{"type":"Feature","properties":{"SCALERANK":7,"NATSCALE":20,"LABELRANK":2,"FEATURECLA":"Populated place","NAME":"Belogorsk","NAMEPAR":null,"NAMEALT":null,"NAMEASCII":"Belogorsk","ADM0CAP":0,"CAPIN":null,"WORLDCITY":0,"MEGACITY":0,"SOV0NAME":"Russia","SOV_A3":"RUS","ADM0NAME":"Russia","ADM0_A3":"RUS","ADM1NAME":"Amur","ISO_A2":"RU","NOTE":null,"LATITUDE":50.9191,"LONGITUDE":128.463724,"POP_MAX":70203,"POP_MIN":67911,"POP_OTHER":68184,"RANK_MAX":8,"RANK_MIN":8,"MEGANAME":null,"LS_NAME":"Belogorsk","MAX_POP10":70203,"MAX_POP20":70203,"MAX_POP50":0,"MAX_POP300":0,"MAX_POP310":0,"MAX_NATSCA":20,"MIN_AREAKM":34,"MAX_AREAKM":34,"MIN_AREAMI":13,"MAX_AREAMI":13,"MIN_PERKM":42,"MAX_PERKM":42,"MIN_PERMI":26,"MAX_PERMI":26,"MIN_BBXMIN":128.425,"MAX_BBXMIN":128.425,"MIN_BBXMAX":128.566667,"MAX_BBXMAX":128.566667,"MIN_BBYMIN":50.866667,"MAX_BBYMIN":50.866667,"MIN_BBYMAX":50.925,"MAX_BBYMAX":50.925,"MEAN_BBXC":128.499866,"MEAN_BBYC":50.904973,"TIMEZONE":"Asia/Yakutsk","UN_FID":0,"POP1950":0,"POP1955":0,"POP1960":0,"POP1965":0,"POP1970":0,"POP1975":0,"POP1980":0,"POP1985":0,"POP1990":0,"POP1995":0,"POP2000":0,"POP2005":0,"POP2010":0,"POP2015":0,"POP2020":0,"POP2025":0,"POP2050":0,"MIN_ZOOM":6.7,"WIKIDATAID":"Q104735","WOF_ID":102015087,"CAPALT":0,"NAME_EN":"Belogorsk","NAME_DE":"Belogorsk","NAME_ES":"Belogorsk","NAME_FR":"Belogorsk","NAME_PT":"Belogorsk","NAME_RU":"Белогорск","NAME_ZH":"别洛戈尔斯克","LABEL":null,"NAME_AR":"بيلوغورسك","NAME_BN":"বেলোগর্স্ক","NAME_EL":"Μπελογόρσκ","NAME_HI":"बेलोगोर्स्क","NAME_HU":"Belogorszk","NAME_ID":"Belogorsk","NAME_IT":"Belogorsk","NAME_JA":"ベロゴルスク","NAME_KO":"벨로고르스크","NAME_NL":"Belogorsk","NAME_PL":"Biełogorsk","NAME_SV":"Belogorsk","NAME_TR":"Belogorsk","NAME_VI":"Belogorsk","NE_ID":1159138113,"NAME_FA":"بلوگورسک","NAME_HE":"בלוגורסק","NAME_UK":"Бєлогорськ","NAME_UR":"بیلوگورسک","NAME_ZHT":"別洛戈爾斯克","GEONAMESID":2026895,"FCLASS_ISO":null,"FCLASS_US":null,"FCLASS_FR":null,"FCLASS_RU":null,"FCLASS_ES":null,"FCLASS_CN":null,"FCLASS_TW":null,"FCLASS_IN":null,"FCLASS_NP":null,"FCLASS_PK":null,"FCLASS_DE":null,"FCLASS_GB":null,"FCLASS_BR":null,"FCLASS_IL":null,"FCLASS_PS":null,"FCLASS_SA":null,"FCLASS_EG":null,"FCLASS_MA":null,"FCLASS_PT":null,"FCLASS_AR":null,"FCLASS_JP":null,"FCLASS_KO":null,"FCLASS_VN":null,"FCLASS_TR":null,"FCLASS_ID":null,"FCLASS_PL":null,"FCLASS_GR":null,"FCLASS_IT":null,"FCLASS_NL":null,"FCLASS_SE":null,"FCLASS_BD":null,"FCLASS_UA":null,"FCLASS_TLC":null},"geometry":{"type":"Point","coordinates":[128.4637243,50.9191]}},
{"type":"Feature","properties":{"SCALERANK":7,"NATSCALE":20,"LABELRANK":2,"FEATURECLA":"Populated place","NAME":"Nyukzha","NAMEPAR":null,"NAMEALT":null,"NAMEASCII":"Nyukzha","ADM0CAP":0,"CAPIN":null,"WORLDCITY":0,"MEGACITY":0,"SOV0NAME":"Russia","SOV_A3":"RUS","ADM0NAME":"Russia","ADM0_A3":"RUS","ADM1NAME":"Amur","ISO_A2":"RU","NOTE":null,"LATITUDE":56.531212,"LONGITUDE":121.613083,"POP_MAX":10,"POP_MIN":10,"POP_OTHER":0,"RANK_MAX":1,"RANK_MIN":1,"MEGANAME":null,"LS_NAME":"Nyukzha","MAX_POP10":0,"MAX_POP20":0,"MAX_POP50":0,"MAX_POP300":0,"MAX_POP310":0,"MAX_NATSCA":0,"MIN_AREAKM":0,"MAX_AREAKM":0,"MIN_AREAMI":0,"MAX_AREAMI":0,"MIN_PERKM":0,"MAX_PERKM":0,"MIN_PERMI":0,"MAX_PERMI":0,"MIN_BBXMIN":0.0,"MAX_BBXMIN":0.0,"MIN_BBXMAX":0.0,"MAX_BBXMAX":0.0,"MIN_BBYMIN":0.0,"MAX_BBYMIN":0.0,"MIN_BBYMAX":0.0,"MAX_BBYMAX":0.0,"MEAN_BBXC":0.0,"MEAN_BBYC":0.0,"TIMEZONE":null,"UN_FID":0,"POP1950":0,"POP1955":0,"POP1960":0,"POP1965":0,"POP1970":0,"POP1975":0,"POP1980":0,"POP1985":0,"POP1990":0,"POP1995":0,"POP2000":0,"POP2005":0,"POP2010":0,"POP2015":0,"POP2020":0,"POP2025":0,"POP2050":0,"MIN_ZOOM":6.7,"WIKIDATAID":null,"WOF_ID":1141907307,"CAPALT":0,"NAME_EN":"Nyukzha","NAME_DE":"Nyukzha","NAME_ES":"Nyukzha","NAME_FR":"Nioukja","NAME_PT":"Ust'-Nyukzha","NAME_RU":"Нюкжа","NAME_ZH":"纽扎","LABEL":null,"NAME_AR":"نيوكزها","NAME_BN":"নাইউকঝা","NAME_EL":"Νιούκζα","NAME_HI":"न्यूक्ज़ा","NAME_HU":"Nyukzha","NAME_ID":"Nyukzha","NAME_IT":"Nyukzha","NAME_JA":"ニュクジャ","NAME_KO":"뉘크자","NAME_NL":"Nyukzha","NAME_PL":"Nyukzha","NAME_SV":"Nyukzja","NAME_TR":"Nyukzha","NAME_VI":"Nyukzha","NE_ID":1159138117,"NAME_FA":"نیوکجا","NAME_HE":"ניוקג'ה","NAME_UK":"Нюкжа","NAME_UR":"نیوکزہا","NAME_ZHT":"紐扎","GEONAMESID":-1,"FCLASS_ISO":null,"FCLASS_US":null,"FCLASS_FR":null,"FCLASS_RU":null,"FCLASS_ES":null,"FCLASS_CN":null,"FCLASS_TW":null,"FCLASS_IN":null,"FCLASS_NP":null,"FCLASS_PK":null,"FCLASS_DE":null,"FCLASS_GB":null,"FCLASS_BR":null,"FCLASS_IL":null,"FCLASS_PS":null,"FCLASS_SA":null,"FCLASS_EG":null,"FCLASS_MA":null,"FCLASS_PT":null,"FCLASS_AR":null,"FCLASS_JP":null,"FCLASS_KO":null,"FCLASS_VN":null,"FCLASS_TR":null,"FCLASS_ID":null,"FCLASS_PL":null,"FCLASS_GR":null,"FCLASS_IT":null,"FCLASS_NL":null,"FCLASS_SE":null,"FCLASS_BD":null,"FCLASS_UA":null,"FCLASS_TLC":null},"geometry":{"type":"Point","coordinates":[121.613083,56.5312122]}},
{"type":"Feature","properties":{"SCALERANK":7,"NATSCALE":20,"LABELRANK":2,"FEATURECLA":"Populated place","NAME":"Nerchinsk","NAMEPAR":null,"NAMEALT":null,"NAMEASCII":"Nerchinsk","ADM0CAP":0,"CAPIN":null,"WORLDCITY":0,"MEGACITY":0,"SOV0NAME":"Russia","SOV_A3":"RUS","ADM0NAME":"Russia","ADM0_A3":"RUS","ADM1NAME":"Chita","ISO_A2":"RU","NOTE":null,"LATITUDE":52.008956,"LONGITUDE":116.548586,"POP_MAX":15360,"POP_MIN":8599,"POP_OTHER":0,"RANK_MAX":6,"RANK_MIN":5,"MEGANAME":null,"LS_NAME":"Nerchinsk","MAX_POP10":8599,"MAX_POP20":8599,"MAX_POP50":0,"MAX_POP300":0,"MAX_POP310":0,"MAX_NATSCA":20,"MIN_AREAKM":16,"MAX_AREAKM":16,"MIN_AREAMI":6,"MAX_AREAMI":6,"MIN_PERKM":28,"MAX_PERKM":28,"MIN_PERMI":18,"MAX_PERMI":18,"MIN_BBXMIN":116.525,"MAX_BBXMIN":116.525,"MIN_BBXMAX":116.608333,"MAX_BBXMAX":116.608333,"MIN_BBYMIN":51.95,"MAX_BBYMIN":51.95,"MIN_BBYMAX":52.008333,"MAX_BBYMAX":52.008333,"MEAN_BBXC":116.574328,"MEAN_BBYC":51.979704,"TIMEZONE":"Asia/Yakutsk","UN_FID":0,"POP1950":0,"POP1955":0,"POP1960":0,"POP1965":0,"POP1970":0,"POP1975":0,"POP1980":0,"POP1985":0,"POP1990":0,"POP1995":0,"POP2000":0,"POP2005":0,"POP2010":0,"POP2015":0,"POP2020":0,"POP2025":0,"POP2050":0,"MIN_ZOOM":6.1,"WIKIDATAID":"Q146043","WOF_ID":102014621,"CAPALT":0,"NAME_EN":"Nerchinsk","NAME_DE":"Nertschinsk","NAME_ES":"Nérchinsk","NAME_FR":"Nertchinsk","NAME_PT":"Nerchinsk","NAME_RU":"Нерчинск","NAME_ZH":"尼布楚","LABEL":null,"NAME_AR":"نيرتشينسك","NAME_BN":"নারচিনস্ক","NAME_EL":"Νερτσίνσκ","NAME_HI":"नरचिंस्क","NAME_HU":"Nyercsinszk","NAME_ID":"Nerchinsk","NAME_IT":"Nerčinsk","NAME_JA":"ネルチンスク","NAME_KO":"네르친스크","NAME_NL":"Nertsjinsk","NAME_PL":"Nerczyńsk","NAME_SV":"Nertjinsk","NAME_TR":"Nerçinsk","NAME_VI":"Nerchinsk","NE_ID":1159138123,"NAME_FA":"نرچینسک","NAME_HE":"נרצ'ינסק","NAME_UK":"Нерчинськ","NAME_UR":"نرکنسک","NAME_ZHT":"尼布楚","GEONAMESID":2019326,"FCLASS_ISO":null,"FCLASS_US":null,"FCLASS_FR":null,"FCLASS_RU":null,"FCLASS_ES":null,"FCLASS_CN":null,"FCLASS_TW":null,"FCLASS_IN":null,"FCLASS_NP":null,"FCLASS_PK":null,"FCLASS_DE":null,"FCLASS_GB":null,"FCLASS_BR":null,"FCLASS_IL":null,"FCLASS_PS":null,"FCLASS_SA":null,"FCLASS_EG":null,"FCLASS_MA":null,"FCLASS_PT":null,"FCLASS_AR":null,"FCLASS_JP":null,"FCLASS_KO":null,"FCLASS_VN":null,"FCLASS_TR":null,"FCLASS_ID":null,"FCLASS_PL":null,"FCLASS_GR":null,"FCLASS_IT":null,"FCLASS_NL":null,"FCLASS_SE":null,"FCLASS_BD":null,"FCLASS_UA":null,"FCLASS_TLC":null},"geometry":{"type":"Point","coordinates":[116.548586,52.0089559]}},
{"type":"Feature","properties":{"SCALERANK":7,"NATSCALE":20,"LABELRANK":2,"FEATURECLA":"Populated place","NAME":"Kavalerovo","NAMEPAR":null,"NAMEALT":null,"NAMEASCII":"Kavalerovo","ADM0CAP":0,"CAPIN":null,"WORLDCITY":0,"MEGACITY":0,"SOV0NAME":"Russia","SOV_A3":"RUS","ADM0NAME":"Russia","ADM0_A3":"RUS","ADM1NAME":"Primor'ye","ISO_A2":"RU","NOTE":null,"LATITUDE":44.270204,"LONGITUDE":135.049782,"POP_MAX":18657,"POP_MIN":16945,"POP_OTHER":18380,"RANK_MAX":6,"RANK_MIN":6,"MEGANAME":null,"LS_NAME":"Kavalerovo","MAX_POP10":18657,"MAX_POP20":18657,"MAX_POP50":0,"MAX_POP300":0,"MAX_POP310":0,"MAX_NATSCA":20,"MIN_AREAKM":13,"MAX_AREAKM":13,"MIN_AREAMI":5,"MAX_AREAMI":5,"MIN_PERKM":21,"MAX_PERKM":21,"MIN_PERMI":13,"MAX_PERMI":13,"MIN_BBXMIN":135.025,"MAX_BBXMIN":135.025,"MIN_BBXMAX":135.075,"MAX_BBXMAX":135.075,"MIN_BBYMIN":44.25,"MAX_BBYMIN":44.25,"MIN_BBYMAX":44.3,"MAX_BBYMAX":44.3,"MEAN_BBXC":135.049802,"MEAN_BBYC":44.270437,"TIMEZONE":"Asia/Vladivostok","UN_FID":0,"POP1950":0,"POP1955":0,"POP1960":0,"POP1965":0,"POP1970":0,"POP1975":0,"POP1980":0,"POP1985":0,"POP1990":0,"POP1995":0,"POP2000":0,"POP2005":0,"POP2010":0,"POP2015":0,"POP2020":0,"POP2025":0,"POP2050":0,"MIN_ZOOM":6.7,"WIKIDATAID":"Q1737281","WOF_ID":102001831,"CAPALT":0,"NAME_EN":"Kavalerovo","NAME_DE":"Kawalerowo","NAME_ES":"Kavalerovo","NAME_FR":"Kavalerovo","NAME_PT":"Kavalerovo","NAME_RU":"Кавалерово","NAME_ZH":"卡瓦列羅沃","LABEL":null,"NAME_AR":"ريف كافاليروفو","NAME_BN":"কাভালেরোভো","NAME_EL":"Καβαλέροβο","NAME_HI":"कवालेरोवो","NAME_HU":"Kavalerovo","NAME_ID":"Kavalerovo","NAME_IT":"Kavalerovo","NAME_JA":"カヴァレーロヴォ","NAME_KO":"카발레로보","NAME_NL":"Kavalerovo","NAME_PL":"Kawalerowo","NAME_SV":"Kavalerovo","NAME_TR":"Kavalerovo","NAME_VI":"Kavalerovo","NE_ID":1159138129,"NAME_FA":"کاوالروو","NAME_HE":"קבלרובו","NAME_UK":"Кавалєрово","NAME_UR":"کیوالیروو","NAME_ZHT":"卡瓦列羅沃","GEONAMESID":2023058,"FCLASS_ISO":null,"FCLASS_US":null,"FCLASS_FR":null,"FCLASS_RU":null,"FCLASS_ES":null,"FCLASS_CN":null,"FCLASS_TW":null,"FCLASS_IN":null,"FCLASS_NP":null,"FCLASS_PK":null,"FCLASS_DE":null,"FCLASS_GB":null,"FCLASS_BR":null,"FCLASS_IL":null,"FCLASS_PS":null,"FCLASS_SA":null,"FCLASS_EG":null,"FCLASS_MA":null,"FCLASS_PT":null,"FCLASS_AR":null,"FCLASS_JP":null,"FCLASS_KO":null,"FCLASS_VN":null,"FCLASS_TR":null,"FCLASS_ID":null,"FCLASS_PL":null,"FCLASS_GR":null,"FCLASS_IT":null,"FCLASS_NL":null,"FCLASS_SE":null,"FCLASS_BD":null,"FCLASS_UA":null,"FCLASS_TLC":null},"geometry":{"type":"Point","coordinates":[135.0497823,44.2702035]}},
{"type":"Feature","properties":{"SCALERANK":7,"NATSCALE":20,"LABELRANK":2,"FEATURECLA":"Populated place","NAME":"Spassk Dalniy","NAMEPAR":null,"NAMEALT":null,"NAMEASCII":"Spassk Dalniy","ADM0CAP":0,"CAPIN":null,"WORLDCITY":0,"MEGACITY":0,"SOV0NAME":"Russia","SOV_A3":"RUS","ADM0NAME":"Russia","ADM0_A3":"RUS","ADM1NAME":"Primor'ye","ISO_A2":"RU","NOTE":null,"LATITUDE":44.600158,"LONGITUDE":132.819789,"POP_MAX":45900,"POP_MIN":43822,"POP_OTHER":43408,"RANK_MAX":7,"RANK_MIN":7,"MEGANAME":null,"LS_NAME":"Spassk Dalniy","MAX_POP10":43822,"MAX_POP20":43822,"MAX_POP50":0,"MAX_POP300":0,"MAX_POP310":0,"MAX_NATSCA":20,"MIN_AREAKM":40,"MAX_AREAKM":40,"MIN_AREAMI":16,"MAX_AREAMI":16,"MIN_PERKM":48,"MAX_PERKM":48,"MIN_PERMI":30,"MAX_PERMI":30,"MIN_BBXMIN":132.758333,"MAX_BBXMIN":132.758333,"MIN_BBXMAX":132.858333,"MAX_BBXMAX":132.858333,"MIN_BBYMIN":44.541667,"MAX_BBYMIN":44.541667,"MIN_BBYMAX":44.633333,"MAX_BBYMAX":44.633333,"MEAN_BBXC":132.807071,"MEAN_BBYC":44.591414,"TIMEZONE":"Asia/Vladivostok","UN_FID":0,"POP1950":0,"POP1955":0,"POP1960":0,"POP1965":0,"POP1970":0,"POP1975":0,"POP1980":0,"POP1985":0,"POP1990":0,"POP1995":0,"POP2000":0,"POP2005":0,"POP2010":0,"POP2015":0,"POP2020":0,"POP2025":0,"POP2050":0,"MIN_ZOOM":6.1,"WIKIDATAID":"Q196446","WOF_ID":102001641,"CAPALT":0,"NAME_EN":"Spassk-Dalny","NAME_DE":"Spassk-Dalni","NAME_ES":"Spassk Dalniy","NAME_FR":"Spassk-Dalni","NAME_PT":"Spassk-Dalny","NAME_RU":"Спасск-Дальний","NAME_ZH":"斯帕斯克达利尼","LABEL":null,"NAME_AR":"سابسك-دالني","NAME_BN":"স্পাসস্ক দেলনিয়","NAME_EL":"Σπασκ Ντάλνιι","NAME_HI":"स्पास्क डैलनी","NAME_HU":"Szpasszk-Dalnyij","NAME_ID":"Spassk Dalniy","NAME_IT":"Spassk-Dal'nij","NAME_JA":"スパッスク＝ダリニー","NAME_KO":"스파스크달니","NAME_NL":"Spassk-Dalni","NAME_PL":"Spask Dalni","NAME_SV":"Spassk Dalnij","NAME_TR":"Spassk-Dalni","NAME_VI":"Spassk Dalniy","NE_ID":1159138133,"NAME_FA":"اسپاسک-دالنیی","NAME_HE":"ספסק דלני","NAME_UK":"Спаськ-Дальній","NAME_UR":"سپاسک-دالنی","NAME_ZHT":"斯帕斯克达利尼","GEONAMESID":2016187,"FCLASS_ISO":null,"FCLASS_US":null,"FCLASS_FR":null,"FCLASS_RU":null,"FCLASS_ES":null,"FCLASS_CN":null,"FCLASS_TW":null,"FCLASS_IN":null,"FCLASS_NP":null,"FCLASS_PK":null,"FCLASS_DE":null,"FCLASS_GB":null,"FCLASS_BR":null,"FCLASS_IL":null,"FCLASS_PS":null,"FCLASS_SA":null,"FCLASS_EG":null,"FCLASS_MA":null,"FCLASS_PT":null,"FCLASS_AR":null,"FCLASS_JP":null,"FCLASS_KO":null,"FCLASS_VN":null,"FCLASS_TR":null,"FCLASS_ID":null,"FCLASS_PL":null,"FCLASS_GR":null,"FCLASS_IT":null,"FCLASS_NL":null,"FCLASS_SE":null,"FCLASS_BD":null,"FCLASS_UA":null,"FCLASS_TLC":null},"geometry":{"type":"Point","coordinates":[132.8197892,44.6001575]}},
{"type":"Feature","properties":{"SCALERANK":7,"NATSCALE":20,"LABELRANK":2,"FEATURECLA":"Populated place","NAME":"Amursk","NAMEPAR":null,"NAMEALT":null,"NAMEASCII":"Amursk","ADM0CAP":0,"CAPIN":null,"WORLDCITY":0,"MEGACITY":0,"SOV0NAME":"Russia","SOV_A3":"RUS","ADM0NAME":"Russia","ADM0_A3":"RUS","ADM1NAME":"Khabarovsk","ISO_A2":"RU","NOTE":null,"LATITUDE":50.222838,"LONGITUDE":136.897421,"POP_MAX":46993,"POP_MIN":44810,"POP_OTHER":44408,"RANK_MAX":7,"RANK_MIN":7,"MEGANAME":null,"LS_NAME":"Amursk","MAX_POP10":44810,"MAX_POP20":44810,"MAX_POP50":0,"MAX_POP300":0,"MAX_POP310":0,"MAX_NATSCA":20,"MIN_AREAKM":13,"MAX_AREAKM":13,"MIN_AREAMI":5,"MAX_AREAMI":5,"MIN_PERKM":17,"MAX_PERKM":17,"MIN_PERMI":11,"MAX_PERMI":11,"MIN_BBXMIN":136.875,"MAX_BBXMIN":136.875,"MIN_BBXMAX":136.925,"MAX_BBXMAX":136.925,"MIN_BBYMIN":50.208333,"MAX_BBYMIN":50.208333,"MIN_BBYMAX":50.25,"MAX_BBYMAX":50.25,"MEAN_BBXC":136.89837,"MEAN_BBYC":50.23279,"TIMEZONE":"Asia/Vladivostok","UN_FID":0,"POP1950":0,"POP1955":0,"POP1960":0,"POP1965":0,"POP1970":0,"POP1975":0,"POP1980":0,"POP1985":0,"POP1990":0,"POP1995":0,"POP2000":0,"POP2005":0,"POP2010":0,"POP2015":0,"POP2020":0,"POP2025":0,"POP2050":0,"MIN_ZOOM":6.7,"WIKIDATAID":"Q103493","WOF_ID":102015431,"CAPALT":0,"NAME_EN":"Amursk","NAME_DE":"Amursk","NAME_ES":"Amursk","NAME_FR":"Amoursk","NAME_PT":"Amursk","NAME_RU":"Амурск","NAME_ZH":"阿穆尔斯克","LABEL":null,"NAME_AR":"أمورسك","NAME_BN":"আমার্স্ক","NAME_EL":"Αμούρσκ","NAME_HI":"एमुर्स्क","NAME_HU":"Amurszk","NAME_ID":"Amursk","NAME_IT":"Amursk","NAME_JA":"アムールスク","NAME_KO":"아무르스크","NAME_NL":"Amursk","NAME_PL":"Amursk","NAME_SV":"Amursk","NAME_TR":"Amursk","NAME_VI":"Amursk","NE_ID":1159138195,"NAME_FA":"آمورسک","NAME_HE":"אמורסק","NAME_UK":"Амурськ","NAME_UR":"آمورسک","NAME_ZHT":"阿穆尔斯克","GEONAMESID":2027749,"FCLASS_ISO":null,"FCLASS_US":null,"FCLASS_FR":null,"FCLASS_RU":null,"FCLASS_ES":null,"FCLASS_CN":null,"FCLASS_TW":null,"FCLASS_IN":null,"FCLASS_NP":null,"FCLASS_PK":null,"FCLASS_DE":null,"FCLASS_GB":null,"FCLASS_BR":null,"FCLASS_IL":null,"FCLASS_PS":null,"FCLASS_SA":null,"FCLASS_EG":null,"FCLASS_MA":null,"FCLASS_PT":null,"FCLASS_AR":null,"FCLASS_JP":null,"FCLASS_KO":null,"FCLASS_VN":null,"FCLASS_TR":null,"FCLASS_ID":null,"FCLASS_PL":null,"FCLASS_GR":null,"FCLASS_IT":null,"FCLASS_NL":null,"FCLASS_SE":null,"FCLASS_BD":null,"FCLASS_UA":null,"FCLASS_TLC":null},"geometry":{"type":"Point","coordinates":[136.897421400000013,50.2228375]}},
{"type":"Feature","properties":{"SCALERANK":7,"NATSCALE":20,"LABELRANK":2,"FEATURECLA":"Populated place","NAME":"Bikin","NAMEPAR":null,"NAMEALT":null,"NAMEASCII":"Bikin","ADM0CAP":0,"CAPIN":null,"WORLDCITY":0,"MEGACITY":0,"SOV0NAME":"Russia","SOV_A3":"RUS","ADM0NAME":"Russia","ADM0_A3":"RUS","ADM1NAME":"Khabarovsk","ISO_A2":"RU","NOTE":null,"LATITUDE":46.820255,"LONGITUDE":134.264921,"POP_MAX":19659,"POP_MIN":18870,"POP_OTHER":18029,"RANK_MAX":6,"RANK_MIN":6,"MEGANAME":null,"LS_NAME":"Bikin","MAX_POP10":18870,"MAX_POP20":18870,"MAX_POP50":0,"MAX_POP300":0,"MAX_POP310":0,"MAX_NATSCA":20,"MIN_AREAKM":16,"MAX_AREAKM":16,"MIN_AREAMI":6,"MAX_AREAMI":6,"MIN_PERKM":21,"MAX_PERKM":21,"MIN_PERMI":13,"MAX_PERMI":13,"MIN_BBXMIN":134.225,"MAX_BBXMIN":134.225,"MIN_BBXMAX":134.283333,"MAX_BBXMAX":134.283333,"MIN_BBYMIN":46.8,"MAX_BBYMIN":46.8,"MIN_BBYMAX":46.85,"MAX_BBYMAX":46.85,"MEAN_BBXC":134.253549,"MEAN_BBYC":46.821142,"TIMEZONE":"Asia/Vladivostok","UN_FID":0,"POP1950":0,"POP1955":0,"POP1960":0,"POP1965":0,"POP1970":0,"POP1975":0,"POP1980":0,"POP1985":0,"POP1990":0,"POP1995":0,"POP2000":0,"POP2005":0,"POP2010":0,"POP2015":0,"POP2020":0,"POP2025":0,"POP2050":0,"MIN_ZOOM":6.1,"WIKIDATAID":"Q105056","WOF_ID":102015291,"CAPALT":0,"NAME_EN":"Bikin","NAME_DE":"Bikin","NAME_ES":"Bikin","NAME_FR":"Bikine","NAME_PT":"Bikin","NAME_RU":"Бикин","NAME_ZH":"比金","LABEL":null,"NAME_AR":"بيكين","NAME_BN":"বিকিন","NAME_EL":"Μπικίν","NAME_HI":"बिकिन","NAME_HU":"Bikin","NAME_ID":"Bikin","NAME_IT":"Bikin","NAME_JA":"ビキン","NAME_KO":"비킨","NAME_NL":"Bikin","NAME_PL":"Bikin","NAME_SV":"Bikin","NAME_TR":"Bikin","NAME_VI":"Bikin","NE_ID":1159138201,"NAME_FA":"بیکین","NAME_HE":"ביקין","NAME_UK":"Бікін","NAME_UR":"بیکین","NAME_ZHT":"比金","GEONAMESID":2026696,"FCLASS_ISO":null,"FCLASS_US":null,"FCLASS_FR":null,"FCLASS_RU":null,"FCLASS_ES":null,"FCLASS_CN":null,"FCLASS_TW":null,"FCLASS_IN":null,"FCLASS_NP":null,"FCLASS_PK":null,"FCLASS_DE":null,"FCLASS_GB":null,"FCLASS_BR":null,"FCLASS_IL":null,"FCLASS_PS":null,"FCLASS_SA":null,"FCLASS_EG":null,"FCLASS_MA":null,"FCLASS_PT":null,"FCLASS_AR":null,"FCLASS_JP":null,"FCLASS_KO":null,"FCLASS_VN":null,"FCLASS_TR":null,"FCLASS_ID":null,"FCLASS_PL":null,"FCLASS_GR":null,"FCLASS_IT":null,"FCLASS_NL":null,"FCLASS_SE":null,"FCLASS_BD":null,"FCLASS_UA":null,"FCLASS_TLC":null},"geometry":{"type":"Point","coordinates":[134.264920600000011,46.8202545]}},
{"type":"Feature","properties":{"SCALERANK":7,"NATSCALE":20,"LABELRANK":2,"FEATURECLA":"Populated place","NAME":"Vyazemskiy","NAMEPAR":null,"NAMEALT":null,"NAMEASCII":"Vyazemskiy","ADM0CAP":0,"CAPIN":null,"WORLDCITY":0,"MEGACITY":0,"SOV0NAME":"Russia","SOV_A3":"RUS","ADM0NAME":"Russia","ADM0_A3":"RUS","ADM1NAME":"Khabarovsk","ISO_A2":"RU","NOTE":null,"LATITUDE":47.532847,"LONGITUDE":134.747475,"POP_MAX":15247,"POP_MIN":13135,"POP_OTHER":12995,"RANK_MAX":6,"RANK_MIN":6,"MEGANAME":null,"LS_NAME":"Vyazemskiy","MAX_POP10":13135,"MAX_POP20":13135,"MAX_POP50":0,"MAX_POP300":0,"MAX_POP310":0,"MAX_NATSCA":20,"MIN_AREAKM":13,"MAX_AREAKM":13,"MIN_AREAMI":5,"MAX_AREAMI":5,"MIN_PERKM":18,"MAX_PERKM":18,"MIN_PERMI":11,"MAX_PERMI":11,"MIN_BBXMIN":134.725,"MAX_BBXMIN":134.725,"MIN_BBXMAX":134.783333,"MAX_BBXMAX":134.783333,"MIN_BBYMIN":47.516667,"MAX_BBYMIN":47.516667,"MIN_BBYMAX":47.55,"MAX_BBYMAX":47.55,"MEAN_BBXC":134.757065,"MEAN_BBYC":47.533514,"TIMEZONE":"Asia/Vladivostok","UN_FID":0,"POP1950":0,"POP1955":0,"POP1960":0,"POP1965":0,"POP1970":0,"POP1975":0,"POP1980":0,"POP1985":0,"POP1990":0,"POP1995":0,"POP2000":0,"POP2005":0,"POP2010":0,"POP2015":0,"POP2020":0,"POP2025":0,"POP2050":0,"MIN_ZOOM":6.1,"WIKIDATAID":"Q134206","WOF_ID":102015285,"CAPALT":0,"NAME_EN":"Vyazemsky","NAME_DE":"Wjasemski","NAME_ES":"Vyazemskiy","NAME_FR":"Viazemski","NAME_PT":"Vyazemsky","NAME_RU":"Вяземский","NAME_ZH":"维亚泽姆斯基","LABEL":null,"NAME_AR":"فيازيمسكي","NAME_BN":"ভাইয়াজেমস্কিয়","NAME_EL":"Βιαζέμσκι","NAME_HI":"व्याज़ेमस्कीय","NAME_HU":"Vjazemszkij","NAME_ID":"Vyazemskiy","NAME_IT":"Vjazemskij","NAME_JA":"ヴャーゼムスキー","NAME_KO":"뱌젬스키","NAME_NL":"Vjazemskiy","NAME_PL":"Wiaziemskij","NAME_SV":"Vjazemskij","NAME_TR":"Vyazemski","NAME_VI":"Vyazemskiy","NE_ID":1159138205,"NAME_FA":"ویازمسکی","NAME_HE":"ויאזמסקי","NAME_UK":"Вяземський","NAME_UR":"ویازیمسکی","NAME_ZHT":"维亚泽姆斯基","GEONAMESID":2013229,"FCLASS_ISO":null,"FCLASS_US":null,"FCLASS_FR":null,"FCLASS_RU":null,"FCLASS_ES":null,"FCLASS_CN":null,"FCLASS_TW":null,"FCLASS_IN":null,"FCLASS_NP":null,"FCLASS_PK":null,"FCLASS_DE":null,"FCLASS_GB":null,"FCLASS_BR":null,"FCLASS_IL":null,"FCLASS_PS":null,"FCLASS_SA":null,"FCLASS_EG":null,"FCLASS_MA":null,"FCLASS_PT":null,"FCLASS_AR":null,"FCLASS_JP":null,"FCLASS_KO":null,"FCLASS_VN":null,"FCLASS_TR":null,"FCLASS_ID":null,"FCLASS_PL":null,"FCLASS_GR":null,"FCLASS_IT":null,"FCLASS_NL":null,"FCLASS_SE":null,"FCLASS_BD":null,"FCLASS_UA":null,"FCLASS_TLC":null},"geometry":{"type":"Point","coordinates":[134.7474751,47.5328467]}},
{"type":"Feature","properties":{"SCALERANK":7,"NATSCALE":20,"LABELRANK":2,"FEATURECLA":"Populated place","NAME":"Chegdomyn","NAMEPAR":null,"NAMEALT":null,"NAMEASCII":"Chegdomyn","ADM0CAP":0,"CAPIN":null,"WORLDCITY":0,"MEGACITY":0,"SOV0NAME":"Russia","SOV_A3":"RUS","ADM0NAME":"Russia","ADM0_A3":"RUS","ADM1NAME":"Khabarovsk","ISO_A2":"RU","NOTE":null,"LATITUDE":51.117796,"LONGITUDE":133.024118,"POP_MAX":14855,"POP_MIN":116,"POP_OTHER":0,"RANK_MAX":6,"RANK_MIN":1,"MEGANAME":null,"LS_NAME":"Chegdomyn","MAX_POP10":116,"MAX_POP20":116,"MAX_POP50":0,"MAX_POP300":0,"MAX_POP310":0,"MAX_NATSCA":20,"MIN_AREAKM":1,"MAX_AREAKM":1,"MIN_AREAMI":0,"MAX_AREAMI":0,"MIN_PERKM":3,"MAX_PERKM":3,"MIN_PERMI":2,"MAX_PERMI":2,"MIN_BBXMIN":133.025,"MAX_BBXMIN":133.025,"MIN_BBXMAX":133.033333,"MAX_BBXMAX":133.033333,"MIN_BBYMIN":51.125,"MAX_BBYMIN":51.125,"MIN_BBYMAX":51.133333,"MAX_BBYMAX":51.133333,"MEAN_BBXC":133.029167,"MEAN_BBYC":51.129167,"TIMEZONE":"Asia/Vladivostok","UN_FID":0,"POP1950":0,"POP1955":0,"POP1960":0,"POP1965":0,"POP1970":0,"POP1975":0,"POP1980":0,"POP1985":0,"POP1990":0,"POP1995":0,"POP2000":0,"POP2005":0,"POP2010":0,"POP2015":0,"POP2020":0,"POP2025":0,"POP2050":0,"MIN_ZOOM":6.1,"WIKIDATAID":"Q910773","WOF_ID":890479879,"CAPALT":0,"NAME_EN":"Chegdomyn","NAME_DE":"Tschegdomyn","NAME_ES":"Chegdomyn","NAME_FR":"Tchegdomyne","NAME_PT":"Chegdomyn","NAME_RU":"Чегдомын","NAME_ZH":"切格多明","LABEL":null,"NAME_AR":"تشيغدومين","NAME_BN":"চেগদোমিন","NAME_EL":"Τσέγκντομιν","NAME_HI":"चेगडोमिन","NAME_HU":"Csegdomin","NAME_ID":"Chegdomyn","NAME_IT":"Chegdomyn","NAME_JA":"チェグドムイン","NAME_KO":"체도민","NAME_NL":"Tsjegdomin","NAME_PL":"Czegdomyn","NAME_SV":"Tjegdomyn","NAME_TR":"Chegdomyn","NAME_VI":"Chegdomyn","NE_ID":1159138209,"NAME_FA":"چگدومین","NAME_HE":"צ'גדומין","NAME_UK":"Чегдомин","NAME_UR":"چیکڈومائن","NAME_ZHT":"切格多明","GEONAMESID":2025579,"FCLASS_ISO":null,"FCLASS_US":null,"FCLASS_FR":null,"FCLASS_RU":null,"FCLASS_ES":null,"FCLASS_CN":null,"FCLASS_TW":null,"FCLASS_IN":null,"FCLASS_NP":null,"FCLASS_PK":null,"FCLASS_DE":null,"FCLASS_GB":null,"FCLASS_BR":null,"FCLASS_IL":null,"FCLASS_PS":null,"FCLASS_SA":null,"FCLASS_EG":null,"FCLASS_MA":null,"FCLASS_PT":null,"FCLASS_AR":null,"FCLASS_JP":null,"FCLASS_KO":null,"FCLASS_VN":null,"FCLASS_TR":null,"FCLASS_ID":null,"FCLASS_PL":null,"FCLASS_GR":null,"FCLASS_IT":null,"FCLASS_NL":null,"FCLASS_SE":null,"FCLASS_BD":null,"FCLASS_UA":null,"FCLASS_TLC":null},"geometry":{"type":"Point","coordinates":[133.0241178,51.1177958]}},
{"type":"Feature","properties":{"SCALERANK":7,"NATSCALE":20,"LABELRANK":6,"FEATURECLA":"Populated place","NAME":"Kilchu","NAMEPAR":null,"NAMEALT":null,"NAMEASCII":"Kilchu","ADM0CAP":0,"CAPIN":null,"WORLDCITY":0,"MEGACITY":0,"SOV0NAME":"Korea, North","SOV_A3":"PRK","ADM0NAME":"North Korea","ADM0_A3":"PRK","ADM1NAME":"Hamgyong-bukto","ISO_A2":"KP","NOTE":null,"LATITUDE":40.960431,"LONGITUDE":129.320416,"POP_MAX":101165,"POP_MIN":63652,"POP_OTHER":95694,"RANK_MAX":9,"RANK_MIN":8,"MEGANAME":null,"LS_NAME":"Kilchu","MAX_POP10":101165,"MAX_POP20":101165,"MAX_POP50":0,"MAX_POP300":0,"MAX_POP310":0,"MAX_NATSCA":20,"MIN_AREAKM":31,"MAX_AREAKM":31,"MIN_AREAMI":12,"MAX_AREAMI":12,"MIN_PERKM":60,"MAX_PERKM":60,"MIN_PERMI":37,"MAX_PERMI":37,"MIN_BBXMIN":129.275,"MAX_BBXMIN":129.275,"MIN_BBXMAX":129.358333,"MAX_BBXMAX":129.358333,"MIN_BBYMIN":40.908333,"MAX_BBYMIN":40.908333,"MIN_BBYMAX":40.991667,"MAX_BBYMAX":40.991667,"MEAN_BBXC":129.319271,"MEAN_BBYC":40.955035,"TIMEZONE":"Asia/Pyongyang","UN_FID":0,"POP1950":0,"POP1955":0,"POP1960":0,"POP1965":0,"POP1970":0,"POP1975":0,"POP1980":0,"POP1985":0,"POP1990":0,"POP1995":0,"POP2000":0,"POP2005":0,"POP2010":0,"POP2015":0,"POP2020":0,"POP2025":0,"POP2050":0,"MIN_ZOOM":6.7,"WIKIDATAID":"Q196062","WOF_ID":890440095,"CAPALT":0,"NAME_EN":"Kilju County","NAME_DE":"Kilchu","NAME_ES":"Condado de Kilju","NAME_FR":"Kilju","NAME_PT":"Kilchu","NAME_RU":"Килджу","NAME_ZH":"吉州郡","LABEL":null,"NAME_AR":"كيلشو","NAME_BN":"কিলচু","NAME_EL":"Κιλτσού","NAME_HI":"किल्जु काउंटी","NAME_HU":"Kildzsu","NAME_ID":"Kilchu","NAME_IT":"Kilju County","NAME_JA":"吉州郡","NAME_KO":"길주군","NAME_NL":"Kilchu","NAME_PL":"Kilju","NAME_SV":"Kilju","NAME_TR":"Kilchu","NAME_VI":"Kilju","NE_ID":1159139175,"NAME_FA":"شهرستان کیلجو","NAME_HE":"קיצ'ו","NAME_UK":"Кілчу","NAME_UR":"کلجو کاؤنٹی","NAME_ZHT":"吉州郡","GEONAMESID":2043484,"FCLASS_ISO":null,"FCLASS_US":null,"FCLASS_FR":null,"FCLASS_RU":null,"FCLASS_ES":null,"FCLASS_CN":null,"FCLASS_TW":null,"FCLASS_IN":null,"FCLASS_NP":null,"FCLASS_PK":null,"FCLASS_DE":null,"FCLASS_GB":null,"FCLASS_BR":null,"FCLASS_IL":null,"FCLASS_PS":null,"FCLASS_SA":null,"FCLASS_EG":null,"FCLASS_MA":null,"FCLASS_PT":null,"FCLASS_AR":null,"FCLASS_JP":null,"FCLASS_KO":null,"FCLASS_VN":null,"FCLASS_TR":null,"FCLASS_ID":null,"FCLASS_PL":null,"FCLASS_GR":null,"FCLASS_IT":null,"FCLASS_NL":null,"FCLASS_SE":null,"FCLASS_BD":null,"FCLASS_UA":null,"FCLASS_TLC":null},"geometry":{"type":"Point","coordinates":[129.320416200000011,40.9604313]}},
{"type":"Feature","properties":{"SCALERANK":7,"NATSCALE":20,"LABELRANK":6,"FEATURECLA":"Populated place","NAME":"Musan","NAMEPAR":null,"NAMEALT":null,"NAMEASCII":"Musan","ADM0CAP":0,"CAPIN":null,"WORLDCITY":0,"MEGACITY":0,"SOV0NAME":"Korea, North","SOV_A3":"PRK","ADM0NAME":"North Korea","ADM0_A3":"PRK","ADM1NAME":"Hamgyong-bukto","ISO_A2":"KP","NOTE":null,"LATITUDE":42.230431,"LONGITUDE":129.230396,"POP_MAX":80146,"POP_MIN":21739,"POP_OTHER":80146,"RANK_MAX":8,"RANK_MIN":7,"MEGANAME":null,"LS_NAME":"Musan","MAX_POP10":80146,"MAX_POP20":80146,"MAX_POP50":0,"MAX_POP300":0,"MAX_POP310":0,"MAX_NATSCA":20,"MIN_AREAKM":8,"MAX_AREAKM":8,"MIN_AREAMI":3,"MAX_AREAMI":3,"MIN_PERKM":16,"MAX_PERKM":16,"MIN_PERMI":10,"MAX_PERMI":10,"MIN_BBXMIN":129.2,"MAX_BBXMIN":129.2,"MIN_BBXMAX":129.241667,"MAX_BBXMAX":129.241667,"MIN_BBYMIN":42.208333,"MAX_BBYMIN":42.208333,"MIN_BBYMAX":42.241667,"MAX_BBYMAX":42.241667,"MEAN_BBXC":129.218056,"MEAN_BBYC":42.224306,"TIMEZONE":"Asia/Pyongyang","UN_FID":0,"POP1950":0,"POP1955":0,"POP1960":0,"POP1965":0,"POP1970":0,"POP1975":0,"POP1980":0,"POP1985":0,"POP1990":0,"POP1995":0,"POP2000":0,"POP2005":0,"POP2010":0,"POP2015":0,"POP2020":0,"POP2025":0,"POP2050":0,"MIN_ZOOM":6.7,"WIKIDATAID":null,"WOF_ID":890440093,"CAPALT":0,"NAME_EN":"Musan County","NAME_DE":"Musan","NAME_ES":"Musan","NAME_FR":"Musan","NAME_PT":"Musan","NAME_RU":"Мусан","NAME_ZH":"茂山郡","LABEL":null,"NAME_AR":"مصان","NAME_BN":"মুসান","NAME_EL":"Μουσάν","NAME_HI":"मुसान","NAME_HU":"Muszan","NAME_ID":"Musan","NAME_IT":"Musan","NAME_JA":"茂山","NAME_KO":"무산","NAME_NL":"Musan","NAME_PL":"Musan","NAME_SV":"Musan","NAME_TR":"Musan","NAME_VI":"Musan","NE_ID":1159139179,"NAME_FA":"موسان","NAME_HE":"מוסאן","NAME_UK":"Мусан","NAME_UR":"موسان","NAME_ZHT":"茂山","GEONAMESID":2042738,"FCLASS_ISO":null,"FCLASS_US":null,"FCLASS_FR":null,"FCLASS_RU":null,"FCLASS_ES":null,"FCLASS_CN":null,"FCLASS_TW":null,"FCLASS_IN":null,"FCLASS_NP":null,"FCLASS_PK":null,"FCLASS_DE":null,"FCLASS_GB":null,"FCLASS_BR":null,"FCLASS_IL":null,"FCLASS_PS":null,"FCLASS_SA":null,"FCLASS_EG":null,"FCLASS_MA":null,"FCLASS_PT":null,"FCLASS_AR":null,"FCLASS_JP":null,"FCLASS_KO":null,"FCLASS_VN":null,"FCLASS_TR":null,"FCLASS_ID":null,"FCLASS_PL":null,"FCLASS_GR":null,"FCLASS_IT":null,"FCLASS_NL":null,"FCLASS_SE":null,"FCLASS_BD":null,"FCLASS_UA":null,"FCLASS_TLC":null},"geometry":{"type":"Point","coordinates":[129.2303959,42.2304313]}},
{"type":"Feature","properties":{"SCALERANK":7,"NATSCALE":20,"LABELRANK":6,"FEATURECLA":"Populated place","NAME":"Rason","NAMEPAR":null,"NAMEALT":"Sonbong","NAMEASCII":"Rason","ADM0CAP":0,"CAPIN":null,"WORLDCITY":0,"MEGACITY":0,"SOV0NAME":"Korea, North","SOV_A3":"PRK","ADM0NAME":"North Korea","ADM0_A3":"PRK","ADM1NAME":"Hamgyong-bukto","ISO_A2":"KP","NOTE":null,"LATITUDE":42.337686,"LONGITUDE":130.402727,"POP_MAX":60864,"POP_MIN":27331,"POP_OTHER":60864,"RANK_MAX":8,"RANK_MIN":7,"MEGANAME":null,"LS_NAME":"Sonbong","MAX_POP10":60864,"MAX_POP20":60864,"MAX_POP50":0,"MAX_POP300":0,"MAX_POP310":0,"MAX_NATSCA":20,"MIN_AREAKM":13,"MAX_AREAKM":13,"MIN_AREAMI":5,"MAX_AREAMI":5,"MIN_PERKM":21,"MAX_PERKM":21,"MIN_PERMI":13,"MAX_PERMI":13,"MIN_BBXMIN":130.366667,"MAX_BBXMIN":130.366667,"MIN_BBXMAX":130.416667,"MAX_BBXMAX":130.416667,"MIN_BBYMIN":42.316667,"MAX_BBYMIN":42.316667,"MIN_BBYMAX":42.366667,"MAX_BBYMAX":42.366667,"MEAN_BBXC":130.390675,"MEAN_BBYC":42.341071,"TIMEZONE":"Asia/Pyongyang","UN_FID":0,"POP1950":0,"POP1955":0,"POP1960":0,"POP1965":0,"POP1970":0,"POP1975":0,"POP1980":0,"POP1985":0,"POP1990":0,"POP1995":0,"POP2000":0,"POP2005":0,"POP2010":0,"POP2015":0,"POP2020":0,"POP2025":0,"POP2050":0,"MIN_ZOOM":6.7,"WIKIDATAID":"Q221734","WOF_ID":890440091,"CAPALT":0,"NAME_EN":"Rason","NAME_DE":"Rasŏn","NAME_ES":"Rasŏn","NAME_FR":"Rasŏn","NAME_PT":"Rason","NAME_RU":"Насон","NAME_ZH":"罗先","LABEL":null,"NAME_AR":"راسون","NAME_BN":"রাসোন","NAME_EL":"Ράσον","NAME_HI":"रासों","NAME_HU":"Raszon","NAME_ID":"Rason","NAME_IT":"Rasŏn","NAME_JA":"羅先特別市","NAME_KO":"라선특별시","NAME_NL":"Rasŏn","NAME_PL":"Rasŏn","NAME_SV":"Rason","NAME_TR":"Rason","NAME_VI":"Rason","NE_ID":1159139183,"NAME_FA":"راسون","NAME_HE":"רסון","NAME_UK":"Насон","NAME_UR":"راسون","NAME_ZHT":"羅先市","GEONAMESID":2040674,"FCLASS_ISO":null,"FCLASS_US":null,"FCLASS_FR":null,"FCLASS_RU":null,"FCLASS_ES":null,"FCLASS_CN":null,"FCLASS_TW":null,"FCLASS_IN":null,"FCLASS_NP":null,"FCLASS_PK":null,"FCLASS_DE":null,"FCLASS_GB":null,"FCLASS_BR":null,"FCLASS_IL":null,"FCLASS_PS":null,"FCLASS_SA":null,"FCLASS_EG":null,"FCLASS_MA":null,"FCLASS_PT":null,"FCLASS_AR":null,"FCLASS_JP":null,"FCLASS_KO":null,"FCLASS_VN":null,"FCLASS_TR":null,"FCLASS_ID":null,"FCLASS_PL":null,"FCLASS_GR":null,"FCLASS_IT":null,"FCLASS_NL":null,"FCLASS_SE":null,"FCLASS_BD":null,"FCLASS_UA":null,"FCLASS_TLC":null},"geometry":{"type":"Point","coordinates":[130.4027274,42.3376858]}},
{"type":"Feature","properties":{"SCALERANK":7,"NATSCALE":20,"LABELRANK":6,"FEATURECLA":"Admin-1 capital","NAME":"Kanggye","NAMEPAR":null,"NAMEALT":null,"NAMEASCII":"Kanggye","ADM0CAP":0,"CAPIN":null,"WORLDCITY":0,"MEGACITY":0,"SOV0NAME":"Korea, North","SOV_A3":"PRK","ADM0NAME":"North Korea","ADM0_A3":"PRK","ADM1NAME":"Chagang-do","ISO_A2":"KP","NOTE":null,"LATITUDE":40.973221,"LONGITUDE":126.603218,"POP_MAX":299514,"POP_MIN":209530,"POP_OTHER":298800,"RANK_MAX":10,"RANK_MIN":10,"MEGANAME":null,"LS_NAME":"Kanggye","MAX_POP10":299514,"MAX_POP20":299514,"MAX_POP50":0,"MAX_POP300":0,"MAX_POP310":0,"MAX_NATSCA":20,"MIN_AREAKM":59,"MAX_AREAKM":59,"MIN_AREAMI":23,"MAX_AREAMI":23,"MIN_PERKM":60,"MAX_PERKM":60,"MIN_PERMI":37,"MAX_PERMI":37,"MIN_BBXMIN":126.55,"MAX_BBXMIN":126.55,"MIN_BBXMAX":126.666667,"MAX_BBXMAX":126.666667,"MIN_BBYMIN":40.908333,"MAX_BBYMIN":40.908333,"MIN_BBYMAX":41.025,"MAX_BBYMAX":41.025,"MEAN_BBXC":126.613965,"MEAN_BBYC":40.969918,"TIMEZONE":"Asia/Pyongyang","UN_FID":0,"POP1950":0,"POP1955":0,"POP1960":0,"POP1965":0,"POP1970":0,"POP1975":0,"POP1980":0,"POP1985":0,"POP1990":0,"POP1995":0,"POP2000":0,"POP2005":0,"POP2010":0,"POP2015":0,"POP2020":0,"POP2025":0,"POP2050":0,"MIN_ZOOM":6.1,"WIKIDATAID":"Q489825","WOF_ID":1141907469,"CAPALT":0,"NAME_EN":"Kanggye","NAME_DE":"Kanggye","NAME_ES":"Kanggye","NAME_FR":"Kanggye","NAME_PT":"Kanggye","NAME_RU":"Канге","NAME_ZH":"江界","LABEL":null,"NAME_AR":"كانغيي","NAME_BN":"ক্যানগা","NAME_EL":"Κάντζιε","NAME_HI":"कांगगये","NAME_HU":"Kanggje","NAME_ID":"Kanggye","NAME_IT":"Kanggye","NAME_JA":"江界市","NAME_KO":"강계시","NAME_NL":"Kanggye","NAME_PL":"Kanggye","NAME_SV":"Kanggye","NAME_TR":"Kanggye","NAME_VI":"Kanggye","NE_ID":1159139189,"NAME_FA":"کانگیه","NAME_HE":"קנגייה","NAME_UK":"Канге","NAME_UR":"کانگگیے","NAME_ZHT":"江界市","GEONAMESID":2043572,"FCLASS_ISO":null,"FCLASS_US":null,"FCLASS_FR":null,"FCLASS_RU":null,"FCLASS_ES":null,"FCLASS_CN":null,"FCLASS_TW":null,"FCLASS_IN":null,"FCLASS_NP":null,"FCLASS_PK":null,"FCLASS_DE":null,"FCLASS_GB":null,"FCLASS_BR":null,"FCLASS_IL":null,"FCLASS_PS":null,"FCLASS_SA":null,"FCLASS_EG":null,"FCLASS_MA":null,"FCLASS_PT":null,"FCLASS_AR":null,"FCLASS_JP":null,"FCLASS_KO":null,"FCLASS_VN":null,"FCLASS_TR":null,"FCLASS_ID":null,"FCLASS_PL":null,"FCLASS_GR":null,"FCLASS_IT":null,"FCLASS_NL":null,"FCLASS_SE":null,"FCLASS_BD":null,"FCLASS_UA":null,"FCLASS_TLC":null},"geometry":{"type":"Point","coordinates":[126.6032177,40.9732213]}},
{"type":"Feature","properties":{"SCALERANK":7,"NATSCALE":20,"LABELRANK":6,"FEATURECLA":"Admin-1 capital","NAME":"Hyeson","NAMEPAR":null,"NAMEALT":"Hyesan","NAMEASCII":"Hyeson","ADM0CAP":0,"CAPIN":null,"WORLDCITY":0,"MEGACITY":0,"SOV0NAME":"Korea, North","SOV_A3":"PRK","ADM0NAME":"North Korea","ADM0_A3":"PRK","ADM1NAME":"Ryanggang","ISO_A2":"KP","NOTE":null,"LATITUDE":41.392731,"LONGITUDE":128.192733,"POP_MAX":227461,"POP_MIN":227461,"POP_OTHER":227007,"RANK_MAX":10,"RANK_MIN":10,"MEGANAME":null,"LS_NAME":"Hyeson","MAX_POP10":227461,"MAX_POP20":227461,"MAX_POP50":0,"MAX_POP300":0,"MAX_POP310":0,"MAX_NATSCA":20,"MIN_AREAKM":43,"MAX_AREAKM":43,"MIN_AREAMI":16,"MAX_AREAMI":16,"MIN_PERKM":62,"MAX_PERKM":62,"MIN_PERMI":38,"MAX_PERMI":38,"MIN_BBXMIN":128.133333,"MAX_BBXMIN":128.133333,"MIN_BBXMAX":128.266667,"MAX_BBXMAX":128.266667,"MIN_BBYMIN":41.358333,"MAX_BBYMIN":41.358333,"MIN_BBYMAX":41.441667,"MAX_BBYMAX":41.441667,"MEAN_BBXC":128.194318,"MEAN_BBYC":41.400884,"TIMEZONE":"Asia/Pyongyang","UN_FID":0,"POP1950":0,"POP1955":0,"POP1960":0,"POP1965":0,"POP1970":0,"POP1975":0,"POP1980":0,"POP1985":0,"POP1990":0,"POP1995":0,"POP2000":0,"POP2005":0,"POP2010":0,"POP2015":0,"POP2020":0,"POP2025":0,"POP2050":0,"MIN_ZOOM":6.7,"WIKIDATAID":"Q489829","WOF_ID":1141907473,"CAPALT":0,"NAME_EN":"Hyesan","NAME_DE":"Hyesan","NAME_ES":"Hyesan","NAME_FR":"Hyesan","NAME_PT":"Hyesan","NAME_RU":"Хесан","NAME_ZH":"惠山","LABEL":null,"NAME_AR":"هييسان","NAME_BN":"হায়সান","NAME_EL":"Χιέσαν","NAME_HI":"हैएसान","NAME_HU":"Hjeszan","NAME_ID":"Hyesan","NAME_IT":"Hyesan","NAME_JA":"恵山市","NAME_KO":"혜산시","NAME_NL":"Hyesan","NAME_PL":"Hyesan","NAME_SV":"Hyesan","NAME_TR":"Hyesan","NAME_VI":"Hyesan","NE_ID":1159139209,"NAME_FA":"هیسان","NAME_HE":"הייסון","NAME_UK":"Хесан","NAME_UR":"ہیئسان","NAME_ZHT":"惠山市","GEONAMESID":2043837,"FCLASS_ISO":null,"FCLASS_US":null,"FCLASS_FR":null,"FCLASS_RU":null,"FCLASS_ES":null,"FCLASS_CN":null,"FCLASS_TW":null,"FCLASS_IN":null,"FCLASS_NP":null,"FCLASS_PK":null,"FCLASS_DE":null,"FCLASS_GB":null,"FCLASS_BR":null,"FCLASS_IL":null,"FCLASS_PS":null,"FCLASS_SA":null,"FCLASS_EG":null,"FCLASS_MA":null,"FCLASS_PT":null,"FCLASS_AR":null,"FCLASS_JP":null,"FCLASS_KO":null,"FCLASS_VN":null,"FCLASS_TR":null,"FCLASS_ID":null,"FCLASS_PL":null,"FCLASS_GR":null,"FCLASS_IT":null,"FCLASS_NL":null,"FCLASS_SE":null,"FCLASS_BD":null,"FCLASS_UA":null,"FCLASS_TLC":null},"geometry":{"type":"Point","coordinates":[128.1927331,41.3927305]}},
{"type":"Feature","properties":{"SCALERANK":7,"NATSCALE":20,"LABELRANK":1,"FEATURECLA":"Populated place","NAME":"Dunhua","NAMEPAR":null,"NAMEALT":null,"NAMEASCII":"Dunhua","ADM0CAP":0,"CAPIN":null,"WORLDCITY":0,"MEGACITY":0,"SOV0NAME":"China","SOV_A3":"CHN","ADM0NAME":"China","ADM0_A3":"CHN","ADM1NAME":"Jilin","ISO_A2":"CN","NOTE":null,"LATITUDE":43.350492,"LONGITUDE":128.220018,"POP_MAX":191870,"POP_MIN":148844,"POP_OTHER":188110,"RANK_MAX":9,"RANK_MIN":9,"MEGANAME":null,"LS_NAME":"Dunhua","MAX_POP10":191870,"MAX_POP20":191870,"MAX_POP50":0,"MAX_POP300":0,"MAX_POP310":0,"MAX_NATSCA":20,"MIN_AREAKM":46,"MAX_AREAKM":46,"MIN_AREAMI":18,"MAX_AREAMI":18,"MIN_PERKM":67,"MAX_PERKM":67,"MIN_PERMI":42,"MAX_PERMI":42,"MIN_BBXMIN":128.166667,"MAX_BBXMIN":128.166667,"MIN_BBXMAX":128.3,"MAX_BBXMAX":128.3,"MIN_BBYMIN":43.316667,"MAX_BBYMIN":43.316667,"MIN_BBYMAX":43.416667,"MAX_BBYMAX":43.416667,"MEAN_BBXC":128.233221,"MEAN_BBYC":43.360248,"TIMEZONE":"Asia/Harbin","UN_FID":0,"POP1950":0,"POP1955":0,"POP1960":0,"POP1965":0,"POP1970":0,"POP1975":0,"POP1980":0,"POP1985":0,"POP1990":0,"POP1995":0,"POP2000":0,"POP2005":0,"POP2010":0,"POP2015":0,"POP2020":0,"POP2025":0,"POP2050":0,"MIN_ZOOM":6.7,"WIKIDATAID":"Q713307","WOF_ID":890512601,"CAPALT":0,"NAME_EN":"Dunhua","NAME_DE":"Dunhua","NAME_ES":"Dunhua","NAME_FR":"Dunhua","NAME_PT":"Dunhua","NAME_RU":"Дуньхуа","NAME_ZH":"敦化","LABEL":null,"NAME_AR":"دونهوا","NAME_BN":"তানহুয়া","NAME_EL":"Ντουνχούα","NAME_HI":"दुंहुआ","NAME_HU":"Dunhua","NAME_ID":"Dunhua","NAME_IT":"Dunhua","NAME_JA":"敦化市","NAME_KO":"둔화시","NAME_NL":"Dunhua","NAME_PL":"Dunhua","NAME_SV":"Dunhua","NAME_TR":"Dunhua","NAME_VI":"Đôn Hoá","NE_ID":1159141043,"NAME_FA":"دانهوا","NAME_HE":"דונחואה","NAME_UK":"Дуньхуа","NAME_UR":"دون ہوا","NAME_ZHT":"敦化市","GEONAMESID":2037534,"FCLASS_ISO":null,"FCLASS_US":null,"FCLASS_FR":null,"FCLASS_RU":null,"FCLASS_ES":null,"FCLASS_CN":null,"FCLASS_TW":null,"FCLASS_IN":null,"FCLASS_NP":null,"FCLASS_PK":null,"FCLASS_DE":null,"FCLASS_GB":null,"FCLASS_BR":null,"FCLASS_IL":null,"FCLASS_PS":null,"FCLASS_SA":null,"FCLASS_EG":null,"FCLASS_MA":null,"FCLASS_PT":null,"FCLASS_AR":null,"FCLASS_JP":null,"FCLASS_KO":null,"FCLASS_VN":null,"FCLASS_TR":null,"FCLASS_ID":null,"FCLASS_PL":null,"FCLASS_GR":null,"FCLASS_IT":null,"FCLASS_NL":null,"FCLASS_SE":null,"FCLASS_BD":null,"FCLASS_UA":null,"FCLASS_TLC":null},"geometry":{"type":"Point","coordinates":[128.2200183,43.3504922]}},
{"type":"Feature","properties":{"SCALERANK":7,"NATSCALE":20,"LABELRANK":1,"FEATURECLA":"Populated place","NAME":"Liuhe","NAMEPAR":null,"NAMEALT":null,"NAMEASCII":"Liuhe","ADM0CAP":0,"CAPIN":null,"WORLDCITY":0,"MEGACITY":0,"SOV0NAME":"China","SOV_A3":"CHN","ADM0NAME":"China","ADM0_A3":"CHN","ADM1NAME":"Jilin","ISO_A2":"CN","NOTE":null,"LATITUDE":42.278852,"LONGITUDE":125.717329,"POP_MAX":68938,"POP_MIN":66975,"POP_OTHER":67110,"RANK_MAX":8,"RANK_MIN":8,"MEGANAME":null,"LS_NAME":"Liuhe","MAX_POP10":68938,"MAX_POP20":68938,"MAX_POP50":0,"MAX_POP300":0,"MAX_POP310":0,"MAX_NATSCA":20,"MIN_AREAKM":28,"MAX_AREAKM":28,"MIN_AREAMI":11,"MAX_AREAMI":11,"MIN_PERKM":45,"MAX_PERKM":45,"MIN_PERMI":28,"MAX_PERMI":28,"MIN_BBXMIN":125.691667,"MAX_BBXMIN":125.691667,"MIN_BBXMAX":125.783333,"MAX_BBXMAX":125.783333,"MIN_BBYMIN":42.216667,"MAX_BBYMIN":42.216667,"MIN_BBYMAX":42.316667,"MAX_BBYMAX":42.316667,"MEAN_BBXC":125.733902,"MEAN_BBYC":42.272538,"TIMEZONE":"Asia/Harbin","UN_FID":0,"POP1950":0,"POP1955":0,"POP1960":0,"POP1965":0,"POP1970":0,"POP1975":0,"POP1980":0,"POP1985":0,"POP1990":0,"POP1995":0,"POP2000":0,"POP2005":0,"POP2010":0,"POP2015":0,"POP2020":0,"POP2025":0,"POP2050":0,"MIN_ZOOM":6.7,"WIKIDATAID":"Q11109923","WOF_ID":890512963,"CAPALT":0,"NAME_EN":"Liuhe","NAME_DE":"Liuhe","NAME_ES":"Liuhe","NAME_FR":"Liuhe","NAME_PT":"Liuhe","NAME_RU":"Люхэ","NAME_ZH":"柳河镇","LABEL":null,"NAME_AR":"يوخيه","NAME_BN":"লিউহে","NAME_EL":"Λιούχε","NAME_HI":"ल्यूहे","NAME_HU":"Liuhe","NAME_ID":"Liuhe","NAME_IT":"Liuhe","NAME_JA":"柳河鎮","NAME_KO":"류허","NAME_NL":"Liuhe","NAME_PL":"Liuhe","NAME_SV":"Liuhe","NAME_TR":"Liuhe","NAME_VI":"Liễu Hà","NE_ID":1159141055,"NAME_FA":"لیوهه","NAME_HE":"ליאוחה","NAME_UK":"Люхе","NAME_UR":"لیوہی","NAME_ZHT":"柳河镇","GEONAMESID":2036033,"FCLASS_ISO":null,"FCLASS_US":null,"FCLASS_FR":null,"FCLASS_RU":null,"FCLASS_ES":null,"FCLASS_CN":null,"FCLASS_TW":null,"FCLASS_IN":null,"FCLASS_NP":null,"FCLASS_PK":null,"FCLASS_DE":null,"FCLASS_GB":null,"FCLASS_BR":null,"FCLASS_IL":null,"FCLASS_PS":null,"FCLASS_SA":null,"FCLASS_EG":null,"FCLASS_MA":null,"FCLASS_PT":null,"FCLASS_AR":null,"FCLASS_JP":null,"FCLASS_KO":null,"FCLASS_VN":null,"FCLASS_TR":null,"FCLASS_ID":null,"FCLASS_PL":null,"FCLASS_GR":null,"FCLASS_IT":null,"FCLASS_NL":null,"FCLASS_SE":null,"FCLASS_BD":null,"FCLASS_UA":null,"FCLASS_TLC":null},"geometry":{"type":"Point","coordinates":[125.7173287,42.2788522]}},
{"type":"Feature","properties":{"SCALERANK":7,"NATSCALE":20,"LABELRANK":1,"FEATURECLA":"Populated place","NAME":"Huinan","NAMEPAR":null,"NAMEALT":null,"NAMEASCII":"Huinan","ADM0CAP":0,"CAPIN":null,"WORLDCITY":0,"MEGACITY":0,"SOV0NAME":"China","SOV_A3":"CHN","ADM0NAME":"China","ADM0_A3":"CHN","ADM1NAME":"Jilin","ISO_A2":"CN","NOTE":null,"LATITUDE":42.62294,"LONGITUDE":126.26143,"POP_MAX":66315,"POP_MIN":20208,"POP_OTHER":19919,"RANK_MAX":8,"RANK_MIN":7,"MEGANAME":null,"LS_NAME":"Huinan","MAX_POP10":20208,"MAX_POP20":20208,"MAX_POP50":0,"MAX_POP300":0,"MAX_POP310":0,"MAX_NATSCA":20,"MIN_AREAKM":13,"MAX_AREAKM":13,"MIN_AREAMI":5,"MAX_AREAMI":5,"MIN_PERKM":23,"MAX_PERKM":23,"MIN_PERMI":14,"MAX_PERMI":14,"MIN_BBXMIN":126.233333,"MAX_BBXMIN":126.233333,"MIN_BBXMAX":126.283333,"MAX_BBXMAX":126.283333,"MIN_BBYMIN":42.6,"MAX_BBYMIN":42.6,"MIN_BBYMAX":42.658333,"MAX_BBYMAX":42.658333,"MEAN_BBXC":126.258333,"MEAN_BBYC":42.63,"TIMEZONE":"Asia/Harbin","UN_FID":0,"POP1950":0,"POP1955":0,"POP1960":0,"POP1965":0,"POP1970":0,"POP1975":0,"POP1980":0,"POP1985":0,"POP1990":0,"POP1995":0,"POP2000":0,"POP2005":0,"POP2010":0,"POP2015":0,"POP2020":0,"POP2025":0,"POP2050":0,"MIN_ZOOM":6.7,"WIKIDATAID":"Q926818","WOF_ID":890512591,"CAPALT":0,"NAME_EN":"Huinan County","NAME_DE":"Huinan","NAME_ES":"Huinan","NAME_FR":"Xian de Huinan","NAME_PT":"Huinan","NAME_RU":"Хуэйнань","NAME_ZH":"辉南县","LABEL":null,"NAME_AR":"هوانين","NAME_BN":"হুইনান","NAME_EL":"Χουινάν","NAME_HI":"ह्यूनान","NAME_HU":"Huinan","NAME_ID":"Huinan","NAME_IT":"Huinan","NAME_JA":"輝南県","NAME_KO":"후이난현","NAME_NL":"Huinan","NAME_PL":"Huinan","NAME_SV":"Huinan","NAME_TR":"Huinan","NAME_VI":"Huy Nam","NE_ID":1159141061,"NAME_FA":"شهرستان هوینان","NAME_HE":"חואינאן","NAME_UK":"Хуйнань","NAME_UR":"ہوینان کاؤنٹی","NAME_ZHT":"辉南县","GEONAMESID":2036685,"FCLASS_ISO":null,"FCLASS_US":null,"FCLASS_FR":null,"FCLASS_RU":null,"FCLASS_ES":null,"FCLASS_CN":null,"FCLASS_TW":null,"FCLASS_IN":null,"FCLASS_NP":null,"FCLASS_PK":null,"FCLASS_DE":null,"FCLASS_GB":null,"FCLASS_BR":null,"FCLASS_IL":null,"FCLASS_PS":null,"FCLASS_SA":null,"FCLASS_EG":null,"FCLASS_MA":null,"FCLASS_PT":null,"FCLASS_AR":null,"FCLASS_JP":null,"FCLASS_KO":null,"FCLASS_VN":null,"FCLASS_TR":null,"FCLASS_ID":null,"FCLASS_PL":null,"FCLASS_GR":null,"FCLASS_IT":null,"FCLASS_NL":null,"FCLASS_SE":null,"FCLASS_BD":null,"FCLASS_UA":null,"FCLASS_TLC":null},"geometry":{"type":"Point","coordinates":[126.2614298,42.6229397]}},
{"type":"Feature","properties":{"SCALERANK":7,"NATSCALE":20,"LABELRANK":1,"FEATURECLA":"Populated place","NAME":"Panshi","NAMEPAR":null,"NAMEALT":null,"NAMEASCII":"Panshi","ADM0CAP":0,"CAPIN":null,"WORLDCITY":0,"MEGACITY":0,"SOV0NAME":"China","SOV_A3":"CHN","ADM0NAME":"China","ADM0_A3":"CHN","ADM1NAME":"Jilin","ISO_A2":"CN","NOTE":null,"LATITUDE":42.942636,"LONGITUDE":126.056119,"POP_MAX":86216,"POP_MIN":80200,"POP_OTHER":81154,"RANK_MAX":8,"RANK_MIN":8,"MEGANAME":null,"LS_NAME":"Panshi","MAX_POP10":86216,"MAX_POP20":86216,"MAX_POP50":0,"MAX_POP300":0,"MAX_POP310":0,"MAX_NATSCA":20,"MIN_AREAKM":43,"MAX_AREAKM":43,"MIN_AREAMI":17,"MAX_AREAMI":17,"MIN_PERKM":62,"MAX_PERKM":62,"MIN_PERMI":38,"MAX_PERMI":38,"MIN_BBXMIN":125.991667,"MAX_BBXMIN":125.991667,"MIN_BBXMAX":126.108333,"MAX_BBXMAX":126.108333,"MIN_BBYMIN":42.908333,"MAX_BBYMIN":42.908333,"MIN_BBYMAX":43.008333,"MAX_BBYMAX":43.008333,"MEAN_BBXC":126.050664,"MEAN_BBYC":42.948128,"TIMEZONE":"Asia/Harbin","UN_FID":0,"POP1950":0,"POP1955":0,"POP1960":0,"POP1965":0,"POP1970":0,"POP1975":0,"POP1980":0,"POP1985":0,"POP1990":0,"POP1995":0,"POP2000":0,"POP2005":0,"POP2010":0,"POP2015":0,"POP2020":0,"POP2025":0,"POP2050":0,"MIN_ZOOM":6.7,"WIKIDATAID":"Q1361953","WOF_ID":890512959,"CAPALT":0,"NAME_EN":"Panshi","NAME_DE":"Panshi","NAME_ES":"Panshi","NAME_FR":"Panshi","NAME_PT":"Panshi","NAME_RU":"Паньши","NAME_ZH":"磐石","LABEL":null,"NAME_AR":"بانشى","NAME_BN":"পানসি","NAME_EL":"Πανσί","NAME_HI":"पांशी","NAME_HU":"Panshi","NAME_ID":"Panshi","NAME_IT":"Panshi","NAME_JA":"磐石市","NAME_KO":"판스시","NAME_NL":"Panshi","NAME_PL":"Panshi","NAME_SV":"Panshi Shi","NAME_TR":"Panshi","NAME_VI":"Bàn Thạch","NE_ID":1159141065,"NAME_FA":"پانشی","NAME_HE":"פנשי","NAME_UK":"Паньші","NAME_UR":"پانشی","NAME_ZHT":"磐石市","GEONAMESID":2035511,"FCLASS_ISO":null,"FCLASS_US":null,"FCLASS_FR":null,"FCLASS_RU":null,"FCLASS_ES":null,"FCLASS_CN":null,"FCLASS_TW":null,"FCLASS_IN":null,"FCLASS_NP":null,"FCLASS_PK":null,"FCLASS_DE":null,"FCLASS_GB":null,"FCLASS_BR":null,"FCLASS_IL":null,"FCLASS_PS":null,"FCLASS_SA":null,"FCLASS_EG":null,"FCLASS_MA":null,"FCLASS_PT":null,"FCLASS_AR":null,"FCLASS_JP":null,"FCLASS_KO":null,"FCLASS_VN":null,"FCLASS_TR":null,"FCLASS_ID":null,"FCLASS_PL":null,"FCLASS_GR":null,"FCLASS_IT":null,"FCLASS_NL":null,"FCLASS_SE":null,"FCLASS_BD":null,"FCLASS_UA":null,"FCLASS_TLC":null},"geometry":{"type":"Point","coordinates":[126.0561193,42.9426359]}},
{"type":"Feature","properties":{"SCALERANK":7,"NATSCALE":20,"LABELRANK":1,"FEATURECLA":"Populated place","NAME":"Jiaohe","NAMEPAR":null,"NAMEALT":null,"NAMEASCII":"Jiaohe","ADM0CAP":0,"CAPIN":null,"WORLDCITY":0,"MEGACITY":0,"SOV0NAME":"China","SOV_A3":"CHN","ADM0NAME":"China","ADM0_A3":"CHN","ADM1NAME":"Jilin","ISO_A2":"CN","NOTE":null,"LATITUDE":43.716284,"LONGITUDE":127.345963,"POP_MAX":123018,"POP_MIN":57822,"POP_OTHER":55911,"RANK_MAX":9,"RANK_MIN":8,"MEGANAME":null,"LS_NAME":"Jiaohe","MAX_POP10":57822,"MAX_POP20":57822,"MAX_POP50":0,"MAX_POP300":0,"MAX_POP310":0,"MAX_NATSCA":20,"MIN_AREAKM":34,"MAX_AREAKM":34,"MIN_AREAMI":13,"MAX_AREAMI":13,"MIN_PERKM":42,"MAX_PERKM":42,"MIN_PERMI":26,"MAX_PERMI":26,"MIN_BBXMIN":127.3,"MAX_BBXMIN":127.3,"MIN_BBXMAX":127.391667,"MAX_BBXMAX":127.391667,"MIN_BBYMIN":43.691667,"MAX_BBYMIN":43.691667,"MIN_BBYMAX":43.775,"MAX_BBYMAX":43.775,"MEAN_BBXC":127.346296,"MEAN_BBYC":43.72608,"TIMEZONE":"Asia/Harbin","UN_FID":0,"POP1950":0,"POP1955":0,"POP1960":0,"POP1965":0,"POP1970":0,"POP1975":0,"POP1980":0,"POP1985":0,"POP1990":0,"POP1995":0,"POP2000":0,"POP2005":0,"POP2010":0,"POP2015":0,"POP2020":0,"POP2025":0,"POP2050":0,"MIN_ZOOM":6.7,"WIKIDATAID":"Q1014635","WOF_ID":102027903,"CAPALT":0,"NAME_EN":"Jiaohe","NAME_DE":"Jiaohe","NAME_ES":"Jiaohe","NAME_FR":"Jiaohe","NAME_PT":"Jiaohe","NAME_RU":"Цзяохэ","NAME_ZH":"蛟河","LABEL":null,"NAME_AR":"جياوهي","NAME_BN":"জিয়াওহে","NAME_EL":"Τζιαόχε","NAME_HI":"जियाओहे","NAME_HU":"Jiaohe","NAME_ID":"Jiaohe","NAME_IT":"Jiaohe","NAME_JA":"蛟河市","NAME_KO":"자오허시","NAME_NL":"Jiaohe","NAME_PL":"Jiaohe","NAME_SV":"Jiaohe","NAME_TR":"Jiaohe","NAME_VI":"Giao Hà","NE_ID":1159141069,"NAME_FA":"جیاوهه","NAME_HE":"ג'יאוחה","NAME_UK":"Цзяохе","NAME_UR":"جیاوہے","NAME_ZHT":"蛟河市","GEONAMESID":2036536,"FCLASS_ISO":null,"FCLASS_US":null,"FCLASS_FR":null,"FCLASS_RU":null,"FCLASS_ES":null,"FCLASS_CN":null,"FCLASS_TW":null,"FCLASS_IN":null,"FCLASS_NP":null,"FCLASS_PK":null,"FCLASS_DE":null,"FCLASS_GB":null,"FCLASS_BR":null,"FCLASS_IL":null,"FCLASS_PS":null,"FCLASS_SA":null,"FCLASS_EG":null,"FCLASS_MA":null,"FCLASS_PT":null,"FCLASS_AR":null,"FCLASS_JP":null,"FCLASS_KO":null,"FCLASS_VN":null,"FCLASS_TR":null,"FCLASS_ID":null,"FCLASS_PL":null,"FCLASS_GR":null,"FCLASS_IT":null,"FCLASS_NL":null,"FCLASS_SE":null,"FCLASS_BD":null,"FCLASS_UA":null,"FCLASS_TLC":null},"geometry":{"type":"Point","coordinates":[127.3459631,43.7162838]}},
{"type":"Feature","properties":{"SCALERANK":7,"NATSCALE":20,"LABELRANK":1,"FEATURECLA":"Populated place","NAME":"Linjiang","NAMEPAR":null,"NAMEALT":null,"NAMEASCII":"Linjiang","ADM0CAP":0,"CAPIN":null,"WORLDCITY":0,"MEGACITY":0,"SOV0NAME":"China","SOV_A3":"CHN","ADM0NAME":"China","ADM0_A3":"CHN","ADM1NAME":"Jilin","ISO_A2":"CN","NOTE":null,"LATITUDE":41.836347,"LONGITUDE":126.935962,"POP_MAX":84315,"POP_MIN":69149,"POP_OTHER":81554,"RANK_MAX":8,"RANK_MIN":8,"MEGANAME":null,"LS_NAME":"Linjiang","MAX_POP10":84315,"MAX_POP20":84315,"MAX_POP50":0,"MAX_POP300":0,"MAX_POP310":0,"MAX_NATSCA":20,"MIN_AREAKM":20,"MAX_AREAKM":20,"MIN_AREAMI":8,"MAX_AREAMI":8,"MIN_PERKM":36,"MAX_PERKM":36,"MIN_PERMI":22,"MAX_PERMI":22,"MIN_BBXMIN":126.866667,"MAX_BBXMIN":126.866667,"MIN_BBXMAX":126.958333,"MAX_BBXMAX":126.958333,"MIN_BBYMIN":41.766667,"MAX_BBYMIN":41.766667,"MIN_BBYMAX":41.841667,"MAX_BBYMAX":41.841667,"MEAN_BBXC":126.909543,"MEAN_BBYC":41.809274,"TIMEZONE":"Asia/Harbin","UN_FID":0,"POP1950":0,"POP1955":0,"POP1960":0,"POP1965":0,"POP1970":0,"POP1975":0,"POP1980":0,"POP1985":0,"POP1990":0,"POP1995":0,"POP2000":0,"POP2005":0,"POP2010":0,"POP2015":0,"POP2020":0,"POP2025":0,"POP2050":0,"MIN_ZOOM":6.1,"WIKIDATAID":"Q594843","WOF_ID":102027889,"CAPALT":0,"NAME_EN":"Linjiang","NAME_DE":"Linjiang","NAME_ES":"Linjiang","NAME_FR":"Linjiang","NAME_PT":"Linjiang","NAME_RU":"Линьцзян","NAME_ZH":"临江","LABEL":null,"NAME_AR":"لينجيانغ","NAME_BN":"লিনজিয়াং","NAME_EL":"Λίνζιανγκ","NAME_HI":"लिंजिआंग","NAME_HU":"Linjiang","NAME_ID":"Linjiang","NAME_IT":"Linjiang","NAME_JA":"臨江市","NAME_KO":"린장시","NAME_NL":"Linjiang","NAME_PL":"Linjiang","NAME_SV":"Linjiang","NAME_TR":"Linjiang","NAME_VI":"Lâm Giang","NE_ID":1159141073,"NAME_FA":"لینجیانگ","NAME_HE":"לינג'יאנג","NAME_UK":"Ліньцзян","NAME_UR":"لنجیانگ","NAME_ZHT":"临江市","GEONAMESID":2036069,"FCLASS_ISO":null,"FCLASS_US":null,"FCLASS_FR":null,"FCLASS_RU":null,"FCLASS_ES":null,"FCLASS_CN":null,"FCLASS_TW":null,"FCLASS_IN":null,"FCLASS_NP":null,"FCLASS_PK":null,"FCLASS_DE":null,"FCLASS_GB":null,"FCLASS_BR":null,"FCLASS_IL":null,"FCLASS_PS":null,"FCLASS_SA":null,"FCLASS_EG":null,"FCLASS_MA":null,"FCLASS_PT":null,"FCLASS_AR":null,"FCLASS_JP":null,"FCLASS_KO":null,"FCLASS_VN":null,"FCLASS_TR":null,"FCLASS_ID":null,"FCLASS_PL":null,"FCLASS_GR":null,"FCLASS_IT":null,"FCLASS_NL":null,"FCLASS_SE":null,"FCLASS_BD":null,"FCLASS_UA":null,"FCLASS_TLC":null},"geometry":{"type":"Point","coordinates":[126.9359623,41.8363469]}},
{"type":"Feature","properties":{"SCALERANK":7,"NATSCALE":20,"LABELRANK":1,"FEATURECLA":"Populated place","NAME":"Wangqing","NAMEPAR":null,"NAMEALT":null,"NAMEASCII":"Wangqing","ADM0CAP":0,"CAPIN":null,"WORLDCITY":0,"MEGACITY":0,"SOV0NAME":"China","SOV_A3":"CHN","ADM0NAME":"China","ADM0_A3":"CHN","ADM1NAME":"Jilin","ISO_A2":"CN","NOTE":null,"LATITUDE":43.324783,"LONGITUDE":129.734344,"POP_MAX":88732,"POP_MIN":70918,"POP_OTHER":70637,"RANK_MAX":8,"RANK_MIN":8,"MEGANAME":null,"LS_NAME":"Wangqing","MAX_POP10":70918,"MAX_POP20":70918,"MAX_POP50":0,"MAX_POP300":0,"MAX_POP310":0,"MAX_NATSCA":20,"MIN_AREAKM":19,"MAX_AREAKM":19,"MIN_AREAMI":7,"MAX_AREAMI":7,"MIN_PERKM":30,"MAX_PERKM":30,"MIN_PERMI":19,"MAX_PERMI":19,"MIN_BBXMIN":129.716667,"MAX_BBXMIN":129.716667,"MIN_BBXMAX":129.8,"MAX_BBXMAX":129.8,"MIN_BBYMIN":43.291667,"MAX_BBYMIN":43.291667,"MIN_BBYMAX":43.35,"MAX_BBYMAX":43.35,"MEAN_BBXC":129.754435,"MEAN_BBYC":43.317876,"TIMEZONE":"Asia/Harbin","UN_FID":0,"POP1950":0,"POP1955":0,"POP1960":0,"POP1965":0,"POP1970":0,"POP1975":0,"POP1980":0,"POP1985":0,"POP1990":0,"POP1995":0,"POP2000":0,"POP2005":0,"POP2010":0,"POP2015":0,"POP2020":0,"POP2025":0,"POP2050":0,"MIN_ZOOM":6.7,"WIKIDATAID":"Q13897219","WOF_ID":890513699,"CAPALT":0,"NAME_EN":"Wangqing","NAME_DE":"Wangqing","NAME_ES":"Wangqing","NAME_FR":"Wangqing","NAME_PT":"Wangqing","NAME_RU":"Ванцин","NAME_ZH":"汪清镇","LABEL":null,"NAME_AR":"انغتشينغ","NAME_BN":"ওয়াংকুইং","NAME_EL":"Γουανγκίνγκ","NAME_HI":"वांगकिंग","NAME_HU":"Wangqing","NAME_ID":"Wangqing","NAME_IT":"Wangqing","NAME_JA":"汪清鎮","NAME_KO":"왕칭","NAME_NL":"Wangqing","NAME_PL":"Wangqing","NAME_SV":"Wangqing","NAME_TR":"Wangqing","NAME_VI":"Uông Thanh","NE_ID":1159141079,"NAME_FA":"وانگ کینگ","NAME_HE":"וואנקווינג","NAME_UK":"Ванцин","NAME_UR":"وانگقنگ","NAME_ZHT":"汪清镇","GEONAMESID":2034221,"FCLASS_ISO":null,"FCLASS_US":null,"FCLASS_FR":null,"FCLASS_RU":null,"FCLASS_ES":null,"FCLASS_CN":null,"FCLASS_TW":null,"FCLASS_IN":null,"FCLASS_NP":null,"FCLASS_PK":null,"FCLASS_DE":null,"FCLASS_GB":null,"FCLASS_BR":null,"FCLASS_IL":null,"FCLASS_PS":null,"FCLASS_SA":null,"FCLASS_EG":null,"FCLASS_MA":null,"FCLASS_PT":null,"FCLASS_AR":null,"FCLASS_JP":null,"FCLASS_KO":null,"FCLASS_VN":null,"FCLASS_TR":null,"FCLASS_ID":null,"FCLASS_PL":null,"FCLASS_GR":null,"FCLASS_IT":null,"FCLASS_NL":null,"FCLASS_SE":null,"FCLASS_BD":null,"FCLASS_UA":null,"FCLASS_TLC":null},"geometry":{"type":"Point","coordinates":[129.7343444,43.3247831]}},
{"type":"Feature","properties":{"SCALERANK":7,"NATSCALE":20,"LABELRANK":1,"FEATURECLA":"Populated place","NAME":"Helong","NAMEPAR":null,"NAMEALT":null,"NAMEASCII":"Helong","ADM0CAP":0,"CAPIN":null,"WORLDCITY":0,"MEGACITY":0,"SOV0NAME":"China","SOV_A3":"CHN","ADM0NAME":"China","ADM0_A3":"CHN","ADM1NAME":"Jilin","ISO_A2":"CN","NOTE":null,"LATITUDE":42.534754,"LONGITUDE":129.004363,"POP_MAX":85756,"POP_MIN":80309,"POP_OTHER":73685,"RANK_MAX":8,"RANK_MIN":8,"MEGANAME":null,"LS_NAME":"Helong","MAX_POP10":80309,"MAX_POP20":80309,"MAX_POP50":0,"MAX_POP300":0,"MAX_POP310":0,"MAX_NATSCA":20,"MIN_AREAKM":33,"MAX_AREAKM":33,"MIN_AREAMI":13,"MAX_AREAMI":13,"MIN_PERKM":52,"MAX_PERKM":52,"MIN_PERMI":32,"MAX_PERMI":32,"MIN_BBXMIN":128.941667,"MAX_BBXMIN":128.941667,"MIN_BBXMAX":129.025,"MAX_BBXMAX":129.025,"MIN_BBYMIN":42.491667,"MAX_BBYMIN":42.491667,"MIN_BBYMAX":42.583333,"MAX_BBYMAX":42.583333,"MEAN_BBXC":128.984936,"MEAN_BBYC":42.537019,"TIMEZONE":"Asia/Harbin","UN_FID":0,"POP1950":0,"POP1955":0,"POP1960":0,"POP1965":0,"POP1970":0,"POP1975":0,"POP1980":0,"POP1985":0,"POP1990":0,"POP1995":0,"POP2000":0,"POP2005":0,"POP2010":0,"POP2015":0,"POP2020":0,"POP2025":0,"POP2050":0,"MIN_ZOOM":6.7,"WIKIDATAID":"Q699125","WOF_ID":890515819,"CAPALT":0,"NAME_EN":"Helong","NAME_DE":"Helong","NAME_ES":"Helong","NAME_FR":"Helong","NAME_PT":"Helong","NAME_RU":"Хэлун","NAME_ZH":"和龙","LABEL":null,"NAME_AR":"هلونغ","NAME_BN":"হেলং","NAME_EL":"Χέλονγκ","NAME_HI":"हेलोंग","NAME_HU":"Helong","NAME_ID":"Helong","NAME_IT":"Helong","NAME_JA":"和竜市","NAME_KO":"허룽시","NAME_NL":"Helong","NAME_PL":"Helong","NAME_SV":"Helong","NAME_TR":"Helong","NAME_VI":"Hòa Long","NE_ID":1159141083,"NAME_FA":"هلونگ","NAME_HE":"הלונג","NAME_UK":"Хелун","NAME_UR":"حیلونج","NAME_ZHT":"和龍市","GEONAMESID":2036933,"FCLASS_ISO":null,"FCLASS_US":null,"FCLASS_FR":null,"FCLASS_RU":null,"FCLASS_ES":null,"FCLASS_CN":null,"FCLASS_TW":null,"FCLASS_IN":null,"FCLASS_NP":null,"FCLASS_PK":null,"FCLASS_DE":null,"FCLASS_GB":null,"FCLASS_BR":null,"FCLASS_IL":null,"FCLASS_PS":null,"FCLASS_SA":null,"FCLASS_EG":null,"FCLASS_MA":null,"FCLASS_PT":null,"FCLASS_AR":null,"FCLASS_JP":null,"FCLASS_KO":null,"FCLASS_VN":null,"FCLASS_TR":null,"FCLASS_ID":null,"FCLASS_PL":null,"FCLASS_GR":null,"FCLASS_IT":null,"FCLASS_NL":null,"FCLASS_SE":null,"FCLASS_BD":null,"FCLASS_UA":null,"FCLASS_TLC":null},"geometry":{"type":"Point","coordinates":[129.0043632,42.5347538]}},
{"type":"Feature","properties":{"SCALERANK":7,"NATSCALE":20,"LABELRANK":1,"FEATURECLA":"Populated place","NAME":"Shulan","NAMEPAR":null,"NAMEALT":null,"NAMEASCII":"Shulan","ADM0CAP":0,"CAPIN":null,"WORLDCITY":0,"MEGACITY":0,"SOV0NAME":"China","SOV_A3":"CHN","ADM0NAME":"China","ADM0_A3":"CHN","ADM1NAME":"Jilin","ISO_A2":"CN","NOTE":null,"LATITUDE":44.40911,"LONGITUDE":126.948726,"POP_MAX":78764,"POP_MIN":77420,"POP_OTHER":71739,"RANK_MAX":8,"RANK_MIN":8,"MEGANAME":null,"LS_NAME":"Shulan","MAX_POP10":78764,"MAX_POP20":78764,"MAX_POP50":0,"MAX_POP300":0,"MAX_POP310":0,"MAX_NATSCA":20,"MIN_AREAKM":39,"MAX_AREAKM":39,"MIN_AREAMI":15,"MAX_AREAMI":15,"MIN_PERKM":52,"MAX_PERKM":52,"MIN_PERMI":32,"MAX_PERMI":32,"MIN_BBXMIN":126.916667,"MAX_BBXMIN":126.916667,"MIN_BBXMAX":127.008333,"MAX_BBXMAX":127.008333,"MIN_BBYMIN":44.358333,"MAX_BBYMIN":44.358333,"MIN_BBYMAX":44.458333,"MAX_BBYMAX":44.458333,"MEAN_BBXC":126.950992,"MEAN_BBYC":44.413955,"TIMEZONE":"Asia/Harbin","UN_FID":0,"POP1950":0,"POP1955":0,"POP1960":0,"POP1965":0,"POP1970":0,"POP1975":0,"POP1980":0,"POP1985":0,"POP1990":0,"POP1995":0,"POP2000":0,"POP2005":0,"POP2010":0,"POP2015":0,"POP2020":0,"POP2025":0,"POP2050":0,"MIN_ZOOM":6.7,"WIKIDATAID":"Q1205127","WOF_ID":890516373,"CAPALT":0,"NAME_EN":"Shulan","NAME_DE":"Shulan","NAME_ES":"Shulan","NAME_FR":"Shulan","NAME_PT":"Shulan","NAME_RU":"Шулань","NAME_ZH":"舒兰","LABEL":null,"NAME_AR":"شولان","NAME_BN":"সুলান","NAME_EL":"Σουλάν","NAME_HI":"शूलां","NAME_HU":"Shulan","NAME_ID":"Shulan","NAME_IT":"Shulan","NAME_JA":"舒蘭市","NAME_KO":"수란시","NAME_NL":"Shulan","NAME_PL":"Shulan","NAME_SV":"Shulan","NAME_TR":"Shulan","NAME_VI":"Thư Lan","NE_ID":1159141087,"NAME_FA":"شولان","NAME_HE":"שולאן","NAME_UK":"Шулань","NAME_UR":"شولان","NAME_ZHT":"舒蘭市","GEONAMESID":2034761,"FCLASS_ISO":null,"FCLASS_US":null,"FCLASS_FR":null,"FCLASS_RU":null,"FCLASS_ES":null,"FCLASS_CN":null,"FCLASS_TW":null,"FCLASS_IN":null,"FCLASS_NP":null,"FCLASS_PK":null,"FCLASS_DE":null,"FCLASS_GB":null,"FCLASS_BR":null,"FCLASS_IL":null,"FCLASS_PS":null,"FCLASS_SA":null,"FCLASS_EG":null,"FCLASS_MA":null,"FCLASS_PT":null,"FCLASS_AR":null,"FCLASS_JP":null,"FCLASS_KO":null,"FCLASS_VN":null,"FCLASS_TR":null,"FCLASS_ID":null,"FCLASS_PL":null,"FCLASS_GR":null,"FCLASS_IT":null,"FCLASS_NL":null,"FCLASS_SE":null,"FCLASS_BD":null,"FCLASS_UA":null,"FCLASS_TLC":null},"geometry":{"type":"Point","coordinates":[126.9487264,44.4091097]}},
{"type":"Feature","properties":{"SCALERANK":7,"NATSCALE":20,"LABELRANK":1,"FEATURECLA":"Populated place","NAME":"Jiutai","NAMEPAR":null,"NAMEALT":null,"NAMEASCII":"Jiutai","ADM0CAP":0,"CAPIN":null,"WORLDCITY":0,"MEGACITY":0,"SOV0NAME":"China","SOV_A3":"CHN","ADM0NAME":"China","ADM0_A3":"CHN","ADM1NAME":"Jilin","ISO_A2":"CN","NOTE":null,"LATITUDE":44.144733,"LONGITUDE":125.844349,"POP_MAX":205399,"POP_MIN":175115,"POP_OTHER":198955,"RANK_MAX":10,"RANK_MIN":9,"MEGANAME":null,"LS_NAME":"Jiutai","MAX_POP10":205399,"MAX_POP20":205399,"MAX_POP50":0,"MAX_POP300":0,"MAX_POP310":0,"MAX_NATSCA":20,"MIN_AREAKM":80,"MAX_AREAKM":80,"MIN_AREAMI":31,"MAX_AREAMI":31,"MIN_PERKM":80,"MAX_PERKM":80,"MIN_PERMI":50,"MAX_PERMI":50,"MIN_BBXMIN":125.783333,"MAX_BBXMIN":125.783333,"MIN_BBXMAX":125.958333,"MAX_BBXMAX":125.958333,"MIN_BBYMIN":44.091667,"MAX_BBYMIN":44.091667,"MIN_BBYMAX":44.216667,"MAX_BBYMAX":44.216667,"MEAN_BBXC":125.86141,"MEAN_BBYC":44.159679,"TIMEZONE":"Asia/Harbin","UN_FID":0,"POP1950":0,"POP1955":0,"POP1960":0,"POP1965":0,"POP1970":0,"POP1975":0,"POP1980":0,"POP1985":0,"POP1990":0,"POP1995":0,"POP2000":0,"POP2005":0,"POP2010":0,"POP2015":0,"POP2020":0,"POP2025":0,"POP2050":0,"MIN_ZOOM":6.7,"WIKIDATAID":"Q1015907","WOF_ID":890516147,"CAPALT":0,"NAME_EN":"Jiutai","NAME_DE":"Jiutai","NAME_ES":"Jiutai","NAME_FR":"Jiutai","NAME_PT":"Jiutai","NAME_RU":"Цзютай","NAME_ZH":"九台区","LABEL":null,"NAME_AR":"جوتاي","NAME_BN":"জিউতাই","NAME_EL":"Τζιουτάι","NAME_HI":"ज्यूताइ","NAME_HU":"Jiutai","NAME_ID":"Jiutai","NAME_IT":"Jiutai","NAME_JA":"九台区","NAME_KO":"주타이 시","NAME_NL":"Jiutai","NAME_PL":"Jiutai","NAME_SV":"Jiutai","NAME_TR":"Jiutai","NAME_VI":"Cửu Đài","NE_ID":1159141091,"NAME_FA":"جیوتای","NAME_HE":"ג'וטאי","NAME_UK":"Цзютай","NAME_UR":"جیوتائی ضلع","NAME_ZHT":"九台區","GEONAMESID":2036401,"FCLASS_ISO":null,"FCLASS_US":null,"FCLASS_FR":null,"FCLASS_RU":null,"FCLASS_ES":null,"FCLASS_CN":null,"FCLASS_TW":null,"FCLASS_IN":null,"FCLASS_NP":null,"FCLASS_PK":null,"FCLASS_DE":null,"FCLASS_GB":null,"FCLASS_BR":null,"FCLASS_IL":null,"FCLASS_PS":null,"FCLASS_SA":null,"FCLASS_EG":null,"FCLASS_MA":null,"FCLASS_PT":null,"FCLASS_AR":null,"FCLASS_JP":null,"FCLASS_KO":null,"FCLASS_VN":null,"FCLASS_TR":null,"FCLASS_ID":null,"FCLASS_PL":null,"FCLASS_GR":null,"FCLASS_IT":null,"FCLASS_NL":null,"FCLASS_SE":null,"FCLASS_BD":null,"FCLASS_UA":null,"FCLASS_TLC":null},"geometry":{"type":"Point","coordinates":[125.8443493,44.1447331]}},
{"type":"Feature","properties":{"SCALERANK":7,"NATSCALE":20,"LABELRANK":1,"FEATURECLA":"Populated place","NAME":"Yitulihe","NAMEPAR":null,"NAMEALT":null,"NAMEASCII":"Yitulihe","ADM0CAP":0,"CAPIN":null,"WORLDCITY":0,"MEGACITY":0,"SOV0NAME":"China","SOV_A3":"CHN","ADM0NAME":"China","ADM0_A3":"CHN","ADM1NAME":"Nei Mongol","ISO_A2":"CN","NOTE":null,"LATITUDE":50.651623,"LONGITUDE":121.516655,"POP_MAX":19645,"POP_MIN":19645,"POP_OTHER":0,"RANK_MAX":6,"RANK_MIN":6,"MEGANAME":null,"LS_NAME":"Yitulihe","MAX_POP10":0,"MAX_POP20":19645,"MAX_POP50":0,"MAX_POP300":0,"MAX_POP310":0,"MAX_NATSCA":20,"MIN_AREAKM":15,"MAX_AREAKM":15,"MIN_AREAMI":6,"MAX_AREAMI":6,"MIN_PERKM":26,"MAX_PERKM":26,"MIN_PERMI":16,"MAX_PERMI":16,"MIN_BBXMIN":121.533333,"MAX_BBXMIN":121.533333,"MIN_BBXMAX":121.616667,"MAX_BBXMAX":121.616667,"MIN_BBYMIN":50.616667,"MAX_BBYMIN":50.616667,"MIN_BBYMAX":50.658333,"MAX_BBYMAX":50.658333,"MEAN_BBXC":121.571429,"MEAN_BBYC":50.641071,"TIMEZONE":null,"UN_FID":0,"POP1950":0,"POP1955":0,"POP1960":0,"POP1965":0,"POP1970":0,"POP1975":0,"POP1980":0,"POP1985":0,"POP1990":0,"POP1995":0,"POP2000":0,"POP2005":0,"POP2010":0,"POP2015":0,"POP2020":0,"POP2025":0,"POP2050":0,"MIN_ZOOM":6.1,"WIKIDATAID":"Q10884943","WOF_ID":1141907713,"CAPALT":0,"NAME_EN":"Yitulihe","NAME_DE":"Yitulihe","NAME_ES":"Yitulihe","NAME_FR":"Yitulihezhen","NAME_PT":"Yitulihe","NAME_RU":"Итулихэ","NAME_ZH":"伊图里河镇","LABEL":"Yitulihe","NAME_AR":"يوتشيلي هاي","NAME_BN":"ওয়াতুলিহে","NAME_EL":"Γιτουλίχε","NAME_HI":"यीतूलिहे","NAME_HU":"Yitulihe","NAME_ID":"Yitulihe","NAME_IT":"Yitulihe","NAME_JA":"玉林","NAME_KO":"이툴리헤","NAME_NL":"Yitulihe","NAME_PL":"Yitulihe","NAME_SV":"Yitulihe","NAME_TR":"Yitulihe","NAME_VI":"Y Đồ Lí Hà","NE_ID":1159141127,"NAME_FA":"ییتولیه","NAME_HE":"ייטוליחה","NAME_UK":"Ітуліхе","NAME_UR":"ییتولائیہے","NAME_ZHT":"伊图里河镇","GEONAMESID":-1,"FCLASS_ISO":null,"FCLASS_US":null,"FCLASS_FR":null,"FCLASS_RU":null,"FCLASS_ES":null,"FCLASS_CN":null,"FCLASS_TW":null,"FCLASS_IN":null,"FCLASS_NP":null,"FCLASS_PK":null,"FCLASS_DE":null,"FCLASS_GB":null,"FCLASS_BR":null,"FCLASS_IL":null,"FCLASS_PS":null,"FCLASS_SA":null,"FCLASS_EG":null,"FCLASS_MA":null,"FCLASS_PT":null,"FCLASS_AR":null,"FCLASS_JP":null,"FCLASS_KO":null,"FCLASS_VN":null,"FCLASS_TR":null,"FCLASS_ID":null,"FCLASS_PL":null,"FCLASS_GR":null,"FCLASS_IT":null,"FCLASS_NL":null,"FCLASS_SE":null,"FCLASS_BD":null,"FCLASS_UA":null,"FCLASS_TLC":null},"geometry":{"type":"Point","coordinates":[121.5166548,50.6516227]}},
{"type":"Feature","properties":{"SCALERANK":7,"NATSCALE":20,"LABELRANK":1,"FEATURECLA":"Populated place","NAME":"Yakeshi","NAMEPAR":null,"NAMEALT":null,"NAMEASCII":"Yakeshi","ADM0CAP":0,"CAPIN":null,"WORLDCITY":0,"MEGACITY":0,"SOV0NAME":"China","SOV_A3":"CHN","ADM0NAME":"China","ADM0_A3":"CHN","ADM1NAME":"Nei Mongol","ISO_A2":"CN","NOTE":null,"LATITUDE":49.280414,"LONGITUDE":120.730036,"POP_MAX":116284,"POP_MIN":97810,"POP_OTHER":97563,"RANK_MAX":9,"RANK_MIN":8,"MEGANAME":null,"LS_NAME":"Yakeshi","MAX_POP10":97810,"MAX_POP20":97810,"MAX_POP50":0,"MAX_POP300":0,"MAX_POP310":0,"MAX_NATSCA":20,"MIN_AREAKM":24,"MAX_AREAKM":24,"MIN_AREAMI":9,"MAX_AREAMI":9,"MIN_PERKM":26,"MAX_PERKM":26,"MIN_PERMI":16,"MAX_PERMI":16,"MIN_BBXMIN":120.675,"MAX_BBXMIN":120.675,"MIN_BBXMAX":120.758333,"MAX_BBXMAX":120.758333,"MIN_BBYMIN":49.266667,"MAX_BBYMIN":49.266667,"MIN_BBYMAX":49.308333,"MAX_BBYMAX":49.308333,"MEAN_BBXC":120.716071,"MEAN_BBYC":49.286508,"TIMEZONE":"Asia/Harbin","UN_FID":0,"POP1950":0,"POP1955":0,"POP1960":0,"POP1965":0,"POP1970":0,"POP1975":0,"POP1980":0,"POP1985":0,"POP1990":0,"POP1995":0,"POP2000":0,"POP2005":0,"POP2010":0,"POP2015":0,"POP2020":0,"POP2025":0,"POP2050":0,"MIN_ZOOM":6.7,"WIKIDATAID":"Q1010264","WOF_ID":102027855,"CAPALT":0,"NAME_EN":"Yakeshi","NAME_DE":"Yakeshi","NAME_ES":"Yakeshi","NAME_FR":"Yakeshi","NAME_PT":"Yakeshi","NAME_RU":"Якэши","NAME_ZH":"牙克石","LABEL":null,"NAME_AR":"ياكيشي","NAME_BN":"ইয়াকেশি","NAME_EL":"Γιακέσι","NAME_HI":"याकेशी","NAME_HU":"Yakeshi","NAME_ID":"Yakeshi","NAME_IT":"Yakeshi","NAME_JA":"牙克石市","NAME_KO":"야커스시","NAME_NL":"Yakeshi","NAME_PL":"Yakeshi","NAME_SV":"Yakeshi","NAME_TR":"Yakeshi","NAME_VI":"Nha Khắc Thạch","NE_ID":1159141133,"NAME_FA":"یاکشی","NAME_HE":"יאקשי","NAME_UK":"Якеші","NAME_UR":"یکیشی","NAME_ZHT":"牙克石市","GEONAMESID":2033536,"FCLASS_ISO":null,"FCLASS_US":null,"FCLASS_FR":null,"FCLASS_RU":null,"FCLASS_ES":null,"FCLASS_CN":null,"FCLASS_TW":null,"FCLASS_IN":null,"FCLASS_NP":null,"FCLASS_PK":null,"FCLASS_DE":null,"FCLASS_GB":null,"FCLASS_BR":null,"FCLASS_IL":null,"FCLASS_PS":null,"FCLASS_SA":null,"FCLASS_EG":null,"FCLASS_MA":null,"FCLASS_PT":null,"FCLASS_AR":null,"FCLASS_JP":null,"FCLASS_KO":null,"FCLASS_VN":null,"FCLASS_TR":null,"FCLASS_ID":null,"FCLASS_PL":null,"FCLASS_GR":null,"FCLASS_IT":null,"FCLASS_NL":null,"FCLASS_SE":null,"FCLASS_BD":null,"FCLASS_UA":null,"FCLASS_TLC":null},"geometry":{"type":"Point","coordinates":[120.7300362,49.2804144]}},
{"type":"Feature","properties":{"SCALERANK":7,"NATSCALE":20,"LABELRANK":1,"FEATURECLA":"Populated place","NAME":"Bugt","NAMEPAR":null,"NAMEALT":null,"NAMEASCII":"Bugt","ADM0CAP":0,"CAPIN":null,"WORLDCITY":0,"MEGACITY":0,"SOV0NAME":"China","SOV_A3":"CHN","ADM0NAME":"China","ADM0_A3":"CHN","ADM1NAME":"Nei Mongol","ISO_A2":"CN","NOTE":null,"LATITUDE":48.783804,"LONGITUDE":121.933374,"POP_MAX":17457,"POP_MIN":17457,"POP_OTHER":0,"RANK_MAX":6,"RANK_MIN":6,"MEGANAME":null,"LS_NAME":"Bugt","MAX_POP10":17457,"MAX_POP20":0,"MAX_POP50":0,"MAX_POP300":0,"MAX_POP310":0,"MAX_NATSCA":10,"MIN_AREAKM":10,"MAX_AREAKM":10,"MIN_AREAMI":4,"MAX_AREAMI":4,"MIN_PERKM":17,"MAX_PERKM":17,"MIN_PERMI":10,"MAX_PERMI":10,"MIN_BBXMIN":121.875,"MAX_BBXMIN":121.875,"MIN_BBXMAX":121.933333,"MAX_BBXMAX":121.933333,"MIN_BBYMIN":48.741667,"MAX_BBYMIN":48.741667,"MIN_BBYMAX":48.766667,"MAX_BBYMAX":48.766667,"MEAN_BBXC":121.90787,"MEAN_BBYC":48.755093,"TIMEZONE":null,"UN_FID":0,"POP1950":0,"POP1955":0,"POP1960":0,"POP1965":0,"POP1970":0,"POP1975":0,"POP1980":0,"POP1985":0,"POP1990":0,"POP1995":0,"POP2000":0,"POP2005":0,"POP2010":0,"POP2015":0,"POP2020":0,"POP2025":0,"POP2050":0,"MIN_ZOOM":6.1,"WIKIDATAID":null,"WOF_ID":1141907717,"CAPALT":0,"NAME_EN":"Bugt","NAME_DE":"Bugt","NAME_ES":"Bugt","NAME_FR":"Bugt","NAME_PT":"Bugt","NAME_RU":"Bugt","NAME_ZH":"布格特","LABEL":null,"NAME_AR":"باجت","NAME_BN":"বুগত","NAME_EL":"Μπουγκτ","NAME_HI":"बग्ट","NAME_HU":"Bugt","NAME_ID":"Bugt","NAME_IT":"Bugt","NAME_JA":"布格特","NAME_KO":"버그","NAME_NL":"Bugt","NAME_PL":"Bugt","NAME_SV":"Bugt","NAME_TR":"Bugt","NAME_VI":"Bugt","NE_ID":1159141137,"NAME_FA":"باگت","NAME_HE":"בוגט","NAME_UK":"Бугт","NAME_UR":"بگت","NAME_ZHT":"布格特","GEONAMESID":-1,"FCLASS_ISO":null,"FCLASS_US":null,"FCLASS_FR":null,"FCLASS_RU":null,"FCLASS_ES":null,"FCLASS_CN":null,"FCLASS_TW":null,"FCLASS_IN":null,"FCLASS_NP":null,"FCLASS_PK":null,"FCLASS_DE":null,"FCLASS_GB":null,"FCLASS_BR":null,"FCLASS_IL":null,"FCLASS_PS":null,"FCLASS_SA":null,"FCLASS_EG":null,"FCLASS_MA":null,"FCLASS_PT":null,"FCLASS_AR":null,"FCLASS_JP":null,"FCLASS_KO":null,"FCLASS_VN":null,"FCLASS_TR":null,"FCLASS_ID":null,"FCLASS_PL":null,"FCLASS_GR":null,"FCLASS_IT":null,"FCLASS_NL":null,"FCLASS_SE":null,"FCLASS_BD":null,"FCLASS_UA":null,"FCLASS_TLC":null},"geometry":{"type":"Point","coordinates":[121.9333736,48.7838039]}},
{"type":"Feature","properties":{"SCALERANK":7,"NATSCALE":20,"LABELRANK":1,"FEATURECLA":"Populated place","NAME":"Suihua","NAMEPAR":null,"NAMEALT":null,"NAMEASCII":"Suihua","ADM0CAP":0,"CAPIN":null,"WORLDCITY":0,"MEGACITY":0,"SOV0NAME":"China","SOV_A3":"CHN","ADM0NAME":"China","ADM0_A3":"CHN","ADM1NAME":"Heilongjiang","ISO_A2":"CN","NOTE":null,"LATITUDE":46.630421,"LONGITUDE":126.979991,"POP_MAX":252245,"POP_MIN":249561,"POP_OTHER":234644,"RANK_MAX":10,"RANK_MIN":10,"MEGANAME":null,"LS_NAME":"Suihua","MAX_POP10":249561,"MAX_POP20":249561,"MAX_POP50":0,"MAX_POP300":0,"MAX_POP310":0,"MAX_NATSCA":20,"MIN_AREAKM":96,"MAX_AREAKM":96,"MIN_AREAMI":37,"MAX_AREAMI":37,"MIN_PERKM":107,"MAX_PERKM":107,"MIN_PERMI":66,"MAX_PERMI":66,"MIN_BBXMIN":126.816667,"MAX_BBXMIN":126.816667,"MIN_BBXMAX":127.091667,"MAX_BBXMAX":127.091667,"MIN_BBYMIN":46.583333,"MAX_BBYMIN":46.583333,"MIN_BBYMAX":46.708333,"MAX_BBYMAX":46.708333,"MEAN_BBXC":126.971191,"MEAN_BBYC":46.641334,"TIMEZONE":"Asia/Harbin","UN_FID":0,"POP1950":0,"POP1955":0,"POP1960":0,"POP1965":0,"POP1970":0,"POP1975":0,"POP1980":0,"POP1985":0,"POP1990":0,"POP1995":0,"POP2000":0,"POP2005":0,"POP2010":0,"POP2015":0,"POP2020":0,"POP2025":0,"POP2050":0,"MIN_ZOOM":6.7,"WIKIDATAID":"Q349985","WOF_ID":890513701,"CAPALT":0,"NAME_EN":"Suihua","NAME_DE":"Suihua","NAME_ES":"Suihua","NAME_FR":"Suihua","NAME_PT":"Suihua","NAME_RU":"Суйхуа","NAME_ZH":"绥化","LABEL":null,"NAME_AR":"سويهوا","NAME_BN":"সুয়েইহুয়া","NAME_EL":"Σουίχουα","NAME_HI":"सुइहुआ","NAME_HU":"Suihua","NAME_ID":"Suihua","NAME_IT":"Suihua","NAME_JA":"綏化市","NAME_KO":"쑤이화시","NAME_NL":"Suihua","NAME_PL":"Suihua","NAME_SV":"Suihua","NAME_TR":"Suihua","NAME_VI":"Tuy Hóa","NE_ID":1159141161,"NAME_FA":"سایهوا","NAME_HE":"סואיחואה","NAME_UK":"Суйхуа","NAME_UR":"سوئہوا","NAME_ZHT":"綏化市","GEONAMESID":2034655,"FCLASS_ISO":null,"FCLASS_US":null,"FCLASS_FR":null,"FCLASS_RU":null,"FCLASS_ES":null,"FCLASS_CN":null,"FCLASS_TW":null,"FCLASS_IN":null,"FCLASS_NP":null,"FCLASS_PK":null,"FCLASS_DE":null,"FCLASS_GB":null,"FCLASS_BR":null,"FCLASS_IL":null,"FCLASS_PS":null,"FCLASS_SA":null,"FCLASS_EG":null,"FCLASS_MA":null,"FCLASS_PT":null,"FCLASS_AR":null,"FCLASS_JP":null,"FCLASS_KO":null,"FCLASS_VN":null,"FCLASS_TR":null,"FCLASS_ID":null,"FCLASS_PL":null,"FCLASS_GR":null,"FCLASS_IT":null,"FCLASS_NL":null,"FCLASS_SE":null,"FCLASS_BD":null,"FCLASS_UA":null,"FCLASS_TLC":null},"geometry":{"type":"Point","coordinates":[126.9799906,46.6304212]}},
{"type":"Feature","properties":{"SCALERANK":7,"NATSCALE":20,"LABELRANK":1,"FEATURECLA":"Populated place","NAME":"Shuangyashan","NAMEPAR":null,"NAMEALT":null,"NAMEASCII":"Shuangyashan","ADM0CAP":0,"CAPIN":null,"WORLDCITY":0,"MEGACITY":0,"SOV0NAME":"China","SOV_A3":"CHN","ADM0NAME":"China","ADM0_A3":"CHN","ADM1NAME":"Heilongjiang","ISO_A2":"CN","NOTE":null,"LATITUDE":46.670419,"LONGITUDE":131.350008,"POP_MAX":500000,"POP_MIN":500000,"POP_OTHER":0,"RANK_MAX":10,"RANK_MIN":10,"MEGANAME":null,"LS_NAME":"Shuangyashan","MAX_POP10":0,"MAX_POP20":0,"MAX_POP50":0,"MAX_POP300":0,"MAX_POP310":0,"MAX_NATSCA":0,"MIN_AREAKM":0,"MAX_AREAKM":0,"MIN_AREAMI":0,"MAX_AREAMI":0,"MIN_PERKM":0,"MAX_PERKM":0,"MIN_PERMI":0,"MAX_PERMI":0,"MIN_BBXMIN":0.0,"MAX_BBXMIN":0.0,"MIN_BBXMAX":0.0,"MAX_BBXMAX":0.0,"MIN_BBYMIN":0.0,"MAX_BBYMIN":0.0,"MIN_BBYMAX":0.0,"MAX_BBYMAX":0.0,"MEAN_BBXC":0.0,"MEAN_BBYC":0.0,"TIMEZONE":null,"UN_FID":0,"POP1950":0,"POP1955":0,"POP1960":0,"POP1965":0,"POP1970":0,"POP1975":0,"POP1980":0,"POP1985":0,"POP1990":0,"POP1995":0,"POP2000":0,"POP2005":0,"POP2010":0,"POP2015":0,"POP2020":0,"POP2025":0,"POP2050":0,"MIN_ZOOM":6.7,"WIKIDATAID":"Q349973","WOF_ID":1141907723,"CAPALT":0,"NAME_EN":"Shuangyashan","NAME_DE":"Shuangyashan","NAME_ES":"Shuangyashan","NAME_FR":"Shuangyashan","NAME_PT":"Shuangyashan","NAME_RU":"Шуанъяшань","NAME_ZH":"双鸭山","LABEL":null,"NAME_AR":"شوانغياشان","NAME_BN":"শুয়াংইয়াশান","NAME_EL":"Σουανγκγιασάν","NAME_HI":"शुआंग्याशान","NAME_HU":"Shuangyashan","NAME_ID":"Shuangyashan","NAME_IT":"Shuangyashan","NAME_JA":"双鴨山市","NAME_KO":"솽야산시","NAME_NL":"Shuangyashan","NAME_PL":"Shuangyashan","NAME_SV":"Shuangyashan","NAME_TR":"Shuangyashan","NAME_VI":"Song Áp Sơn","NE_ID":1159141165,"NAME_FA":"شوانگیاشان","NAME_HE":"שואנגיאשואן","NAME_UK":"Шуан'яшань","NAME_UR":"شوانگیاشان","NAME_ZHT":"雙鴨山市","GEONAMESID":-1,"FCLASS_ISO":null,"FCLASS_US":null,"FCLASS_FR":null,"FCLASS_RU":null,"FCLASS_ES":null,"FCLASS_CN":null,"FCLASS_TW":null,"FCLASS_IN":null,"FCLASS_NP":null,"FCLASS_PK":null,"FCLASS_DE":null,"FCLASS_GB":null,"FCLASS_BR":null,"FCLASS_IL":null,"FCLASS_PS":null,"FCLASS_SA":null,"FCLASS_EG":null,"FCLASS_MA":null,"FCLASS_PT":null,"FCLASS_AR":null,"FCLASS_JP":null,"FCLASS_KO":null,"FCLASS_VN":null,"FCLASS_TR":null,"FCLASS_ID":null,"FCLASS_PL":null,"FCLASS_GR":null,"FCLASS_IT":null,"FCLASS_NL":null,"FCLASS_SE":null,"FCLASS_BD":null,"FCLASS_UA":null,"FCLASS_TLC":null},"geometry":{"type":"Point","coordinates":[131.3500081,46.6704187]}},
{"type":"Feature","properties":{"SCALERANK":7,"NATSCALE":20,"LABELRANK":1,"FEATURECLA":"Populated place","NAME":"Shangzhi","NAMEPAR":null,"NAMEALT":null,"NAMEASCII":"Shangzhi","ADM0CAP":0,"CAPIN":null,"WORLDCITY":0,"MEGACITY":0,"SOV0NAME":"China","SOV_A3":"CHN","ADM0NAME":"China","ADM0_A3":"CHN","ADM1NAME":"Heilongjiang","ISO_A2":"CN","NOTE":null,"LATITUDE":45.22043,"LONGITUDE":127.970008,"POP_MAX":96980,"POP_MIN":82419,"POP_OTHER":92861,"RANK_MAX":8,"RANK_MIN":8,"MEGANAME":null,"LS_NAME":"Shangzhi","MAX_POP10":96980,"MAX_POP20":96980,"MAX_POP50":0,"MAX_POP300":0,"MAX_POP310":0,"MAX_NATSCA":20,"MIN_AREAKM":29,"MAX_AREAKM":29,"MIN_AREAMI":11,"MAX_AREAMI":11,"MIN_PERKM":47,"MAX_PERKM":47,"MIN_PERMI":29,"MAX_PERMI":29,"MIN_BBXMIN":127.908333,"MAX_BBXMIN":127.908333,"MIN_BBXMAX":128.008333,"MAX_BBXMAX":128.008333,"MIN_BBYMIN":45.183333,"MAX_BBYMIN":45.183333,"MIN_BBYMAX":45.266667,"MAX_BBYMAX":45.266667,"MEAN_BBXC":127.963715,"MEAN_BBYC":45.219271,"TIMEZONE":"Asia/Harbin","UN_FID":0,"POP1950":0,"POP1955":0,"POP1960":0,"POP1965":0,"POP1970":0,"POP1975":0,"POP1980":0,"POP1985":0,"POP1990":0,"POP1995":0,"POP2000":0,"POP2005":0,"POP2010":0,"POP2015":0,"POP2020":0,"POP2025":0,"POP2050":0,"MIN_ZOOM":6.1,"WIKIDATAID":"Q1015925","WOF_ID":102027877,"CAPALT":0,"NAME_EN":"Shangzhi","NAME_DE":"Shangzhi","NAME_ES":"Shangzhi","NAME_FR":"Shangzhi","NAME_PT":"Shangzhi","NAME_RU":"Шанчжи","NAME_ZH":"尚志","LABEL":null,"NAME_AR":"شانغزي","NAME_BN":"শাংচি","NAME_EL":"Σάνγκζι","NAME_HI":"शांगझी","NAME_HU":"Shangzhi","NAME_ID":"Shangzhi","NAME_IT":"Shangzhi","NAME_JA":"尚志市","NAME_KO":"상즈시","NAME_NL":"Shangzhi","NAME_PL":"Shangzhi","NAME_SV":"Shangzhi","NAME_TR":"Shangzhi","NAME_VI":"Thượng Chí","NE_ID":1159141171,"NAME_FA":"شانگزی","NAME_HE":"שאנג'י","NAME_UK":"Шанчжи","NAME_UR":"شانگژی","NAME_ZHT":"尚志市","GEONAMESID":2035002,"FCLASS_ISO":null,"FCLASS_US":null,"FCLASS_FR":null,"FCLASS_RU":null,"FCLASS_ES":null,"FCLASS_CN":null,"FCLASS_TW":null,"FCLASS_IN":null,"FCLASS_NP":null,"FCLASS_PK":null,"FCLASS_DE":null,"FCLASS_GB":null,"FCLASS_BR":null,"FCLASS_IL":null,"FCLASS_PS":null,"FCLASS_SA":null,"FCLASS_EG":null,"FCLASS_MA":null,"FCLASS_PT":null,"FCLASS_AR":null,"FCLASS_JP":null,"FCLASS_KO":null,"FCLASS_VN":null,"FCLASS_TR":null,"FCLASS_ID":null,"FCLASS_PL":null,"FCLASS_GR":null,"FCLASS_IT":null,"FCLASS_NL":null,"FCLASS_SE":null,"FCLASS_BD":null,"FCLASS_UA":null,"FCLASS_TLC":null},"geometry":{"type":"Point","coordinates":[127.9700077,45.2204297]}},
{"type":"Feature","properties":{"SCALERANK":7,"NATSCALE":20,"LABELRANK":1,"FEATURECLA":"Populated place","NAME":"Fujin","NAMEPAR":null,"NAMEALT":null,"NAMEASCII":"Fujin","ADM0CAP":0,"CAPIN":null,"WORLDCITY":0,"MEGACITY":0,"SOV0NAME":"China","SOV_A3":"CHN","ADM0NAME":"China","ADM0_A3":"CHN","ADM1NAME":"Heilongjiang","ISO_A2":"CN","NOTE":null,"LATITUDE":47.270382,"LONGITUDE":132.019993,"POP_MAX":89442,"POP_MIN":70743,"POP_OTHER":0,"RANK_MAX":8,"RANK_MIN":8,"MEGANAME":null,"LS_NAME":"Fujin","MAX_POP10":70743,"MAX_POP20":70743,"MAX_POP50":0,"MAX_POP300":0,"MAX_POP310":0,"MAX_NATSCA":20,"MIN_AREAKM":30,"MAX_AREAKM":30,"MIN_AREAMI":12,"MAX_AREAMI":12,"MIN_PERKM":39,"MAX_PERKM":39,"MIN_PERMI":24,"MAX_PERMI":24,"MIN_BBXMIN":131.983333,"MAX_BBXMIN":131.983333,"MIN_BBXMAX":132.083333,"MAX_BBXMAX":132.083333,"MIN_BBYMIN":47.216667,"MAX_BBYMIN":47.216667,"MIN_BBYMAX":47.291667,"MAX_BBYMAX":47.291667,"MEAN_BBXC":132.035897,"MEAN_BBYC":47.250641,"TIMEZONE":"Asia/Harbin","UN_FID":0,"POP1950":0,"POP1955":0,"POP1960":0,"POP1965":0,"POP1970":0,"POP1975":0,"POP1980":0,"POP1985":0,"POP1990":0,"POP1995":0,"POP2000":0,"POP2005":0,"POP2010":0,"POP2015":0,"POP2020":0,"POP2025":0,"POP2050":0,"MIN_ZOOM":6.1,"WIKIDATAID":"Q614877","WOF_ID":890512121,"CAPALT":0,"NAME_EN":"Fujin","NAME_DE":"Fujin","NAME_ES":"Fujin","NAME_FR":"Fujin","NAME_PT":"Fujin","NAME_RU":"Фуцзинь","NAME_ZH":"富锦","LABEL":null,"NAME_AR":"فوجين","NAME_BN":"ফুচিন","NAME_EL":"Φουτζίν","NAME_HI":"फ़्यूजिन","NAME_HU":"Fujin","NAME_ID":"Fujin","NAME_IT":"Fujin","NAME_JA":"富錦市","NAME_KO":"푸진시","NAME_NL":"Fujin","NAME_PL":"Fujin","NAME_SV":"Fujin","NAME_TR":"Fujin","NAME_VI":"Phú Cẩm","NE_ID":1159141175,"NAME_FA":"فوجین","NAME_HE":"פוג'ין","NAME_UK":"Фуцзинь","NAME_UR":"فوجن شہر","NAME_ZHT":"富锦市","GEONAMESID":2037375,"FCLASS_ISO":null,"FCLASS_US":null,"FCLASS_FR":null,"FCLASS_RU":null,"FCLASS_ES":null,"FCLASS_CN":null,"FCLASS_TW":null,"FCLASS_IN":null,"FCLASS_NP":null,"FCLASS_PK":null,"FCLASS_DE":null,"FCLASS_GB":null,"FCLASS_BR":null,"FCLASS_IL":null,"FCLASS_PS":null,"FCLASS_SA":null,"FCLASS_EG":null,"FCLASS_MA":null,"FCLASS_PT":null,"FCLASS_AR":null,"FCLASS_JP":null,"FCLASS_KO":null,"FCLASS_VN":null,"FCLASS_TR":null,"FCLASS_ID":null,"FCLASS_PL":null,"FCLASS_GR":null,"FCLASS_IT":null,"FCLASS_NL":null,"FCLASS_SE":null,"FCLASS_BD":null,"FCLASS_UA":null,"FCLASS_TLC":null},"geometry":{"type":"Point","coordinates":[132.019993,47.2703821]}},
{"type":"Feature","properties":{"SCALERANK":7,"NATSCALE":20,"LABELRANK":1,"FEATURECLA":"Populated place","NAME":"Yian","NAMEPAR":null,"NAMEALT":null,"NAMEASCII":"Yian","ADM0CAP":0,"CAPIN":null,"WORLDCITY":0,"MEGACITY":0,"SOV0NAME":"China","SOV_A3":"CHN","ADM0NAME":"China","ADM0_A3":"CHN","ADM1NAME":"Heilongjiang","ISO_A2":"CN","NOTE":null,"LATITUDE":47.880397,"LONGITUDE":125.29999,"POP_MAX":39924,"POP_MIN":39924,"POP_OTHER":39558,"RANK_MAX":7,"RANK_MIN":7,"MEGANAME":null,"LS_NAME":"Yian","MAX_POP10":39924,"MAX_POP20":39924,"MAX_POP50":0,"MAX_POP300":0,"MAX_POP310":0,"MAX_NATSCA":20,"MIN_AREAKM":17,"MAX_AREAKM":17,"MIN_AREAMI":6,"MAX_AREAMI":6,"MIN_PERKM":20,"MAX_PERKM":20,"MIN_PERMI":13,"MAX_PERMI":13,"MIN_BBXMIN":125.275,"MAX_BBXMIN":125.275,"MIN_BBXMAX":125.333333,"MAX_BBXMAX":125.333333,"MIN_BBYMIN":47.858333,"MAX_BBYMIN":47.858333,"MIN_BBYMAX":47.908333,"MAX_BBYMAX":47.908333,"MEAN_BBXC":125.301006,"MEAN_BBYC":47.882328,"TIMEZONE":null,"UN_FID":0,"POP1950":0,"POP1955":0,"POP1960":0,"POP1965":0,"POP1970":0,"POP1975":0,"POP1980":0,"POP1985":0,"POP1990":0,"POP1995":0,"POP2000":0,"POP2005":0,"POP2010":0,"POP2015":0,"POP2020":0,"POP2025":0,"POP2050":0,"MIN_ZOOM":6.7,"WIKIDATAID":"Q2600269","WOF_ID":1141907725,"CAPALT":0,"NAME_EN":"Yi'an","NAME_DE":"Yi’an","NAME_ES":"Yian","NAME_FR":"Jiyuan","NAME_PT":"Yi'an","NAME_RU":"Иань","NAME_ZH":"依安镇","LABEL":null,"NAME_AR":"إيان","NAME_BN":"ওইয়ান","NAME_EL":"Γιάν","NAME_HI":"यिआन","NAME_HU":"Yian","NAME_ID":"Yian","NAME_IT":"Yi'an","NAME_JA":"依安鎮","NAME_KO":"옌","NAME_NL":"Yian","NAME_PL":"Yian","NAME_SV":"Yian","NAME_TR":"Yian","NAME_VI":"Y An","NE_ID":1159141179,"NAME_FA":"شهر ییان","NAME_HE":"יאיאן","NAME_UK":"Іан","NAME_UR":"یان","NAME_ZHT":"依安镇","GEONAMESID":-1,"FCLASS_ISO":null,"FCLASS_US":null,"FCLASS_FR":null,"FCLASS_RU":null,"FCLASS_ES":null,"FCLASS_CN":null,"FCLASS_TW":null,"FCLASS_IN":null,"FCLASS_NP":null,"FCLASS_PK":null,"FCLASS_DE":null,"FCLASS_GB":null,"FCLASS_BR":null,"FCLASS_IL":null,"FCLASS_PS":null,"FCLASS_SA":null,"FCLASS_EG":null,"FCLASS_MA":null,"FCLASS_PT":null,"FCLASS_AR":null,"FCLASS_JP":null,"FCLASS_KO":null,"FCLASS_VN":null,"FCLASS_TR":null,"FCLASS_ID":null,"FCLASS_PL":null,"FCLASS_GR":null,"FCLASS_IT":null,"FCLASS_NL":null,"FCLASS_SE":null,"FCLASS_BD":null,"FCLASS_UA":null,"FCLASS_TLC":null},"geometry":{"type":"Point","coordinates":[125.2999898,47.8803965]}},
{"type":"Feature","properties":{"SCALERANK":7,"NATSCALE":20,"LABELRANK":1,"FEATURECLA":"Populated place","NAME":"Longjiang","NAMEPAR":null,"NAMEALT":null,"NAMEASCII":"Longjiang","ADM0CAP":0,"CAPIN":null,"WORLDCITY":0,"MEGACITY":0,"SOV0NAME":"China","SOV_A3":"CHN","ADM0NAME":"China","ADM0_A3":"CHN","ADM1NAME":"Heilongjiang","ISO_A2":"CN","NOTE":null,"LATITUDE":47.340404,"LONGITUDE":123.180016,"POP_MAX":106384,"POP_MIN":67846,"POP_OTHER":64716,"RANK_MAX":9,"RANK_MIN":8,"MEGANAME":null,"LS_NAME":"Longjiang","MAX_POP10":67846,"MAX_POP20":67846,"MAX_POP50":0,"MAX_POP300":0,"MAX_POP310":0,"MAX_NATSCA":20,"MIN_AREAKM":21,"MAX_AREAKM":21,"MIN_AREAMI":8,"MAX_AREAMI":8,"MIN_PERKM":30,"MAX_PERKM":30,"MIN_PERMI":19,"MAX_PERMI":19,"MIN_BBXMIN":123.15,"MAX_BBXMIN":123.15,"MIN_BBXMAX":123.225,"MAX_BBXMAX":123.225,"MIN_BBYMIN":47.308333,"MAX_BBYMIN":47.308333,"MIN_BBYMAX":47.375,"MAX_BBYMAX":47.375,"MEAN_BBXC":123.186111,"MEAN_BBYC":47.33588,"TIMEZONE":"Asia/Harbin","UN_FID":0,"POP1950":0,"POP1955":0,"POP1960":0,"POP1965":0,"POP1970":0,"POP1975":0,"POP1980":0,"POP1985":0,"POP1990":0,"POP1995":0,"POP2000":0,"POP2005":0,"POP2010":0,"POP2015":0,"POP2020":0,"POP2025":0,"POP2050":0,"MIN_ZOOM":6.7,"WIKIDATAID":"Q1869551","WOF_ID":890511667,"CAPALT":0,"NAME_EN":"Longjiang","NAME_DE":"Longjiang","NAME_ES":"Longjiang","NAME_FR":"Longjiang","NAME_PT":"Longjiang","NAME_RU":"Лунцзян","NAME_ZH":"龙江镇","LABEL":"Longjiang","NAME_AR":"لونتشونغ","NAME_BN":"লংজিয়াং","NAME_EL":"Λονγκτζιάνγκ","NAME_HI":"लांगजियांग","NAME_HU":"Longjiang","NAME_ID":"Longjiang","NAME_IT":"Longjiang","NAME_JA":"竜江鎮","NAME_KO":"룽장","NAME_NL":"Longjiang","NAME_PL":"Longjiang","NAME_SV":"Longjiang","NAME_TR":"Longjiang","NAME_VI":"Long Giang","NE_ID":1159141189,"NAME_FA":"لانگ جیانگ","NAME_HE":"לונגג'יאנג","NAME_UK":"Лунцзян","NAME_UR":"لانگجیان","NAME_ZHT":"龙江镇","GEONAMESID":2035970,"FCLASS_ISO":null,"FCLASS_US":null,"FCLASS_FR":null,"FCLASS_RU":null,"FCLASS_ES":null,"FCLASS_CN":null,"FCLASS_TW":null,"FCLASS_IN":null,"FCLASS_NP":null,"FCLASS_PK":null,"FCLASS_DE":null,"FCLASS_GB":null,"FCLASS_BR":null,"FCLASS_IL":null,"FCLASS_PS":null,"FCLASS_SA":null,"FCLASS_EG":null,"FCLASS_MA":null,"FCLASS_PT":null,"FCLASS_AR":null,"FCLASS_JP":null,"FCLASS_KO":null,"FCLASS_VN":null,"FCLASS_TR":null,"FCLASS_ID":null,"FCLASS_PL":null,"FCLASS_GR":null,"FCLASS_IT":null,"FCLASS_NL":null,"FCLASS_SE":null,"FCLASS_BD":null,"FCLASS_UA":null,"FCLASS_TLC":null},"geometry":{"type":"Point","coordinates":[123.1800158,47.3404037]}},
{"type":"Feature","properties":{"SCALERANK":7,"NATSCALE":20,"LABELRANK":1,"FEATURECLA":"Populated place","NAME":"Gannan","NAMEPAR":null,"NAMEALT":null,"NAMEASCII":"Gannan","ADM0CAP":0,"CAPIN":null,"WORLDCITY":0,"MEGACITY":0,"SOV0NAME":"China","SOV_A3":"CHN","ADM0NAME":"China","ADM0_A3":"CHN","ADM1NAME":"Heilongjiang","ISO_A2":"CN","NOTE":null,"LATITUDE":47.920368,"LONGITUDE":123.510022,"POP_MAX":59239,"POP_MIN":34470,"POP_OTHER":34173,"RANK_MAX":8,"RANK_MIN":7,"MEGANAME":null,"LS_NAME":"Gannan","MAX_POP10":34470,"MAX_POP20":34470,"MAX_POP50":0,"MAX_POP300":0,"MAX_POP310":0,"MAX_NATSCA":20,"MIN_AREAKM":17,"MAX_AREAKM":17,"MIN_AREAMI":6,"MAX_AREAMI":6,"MIN_PERKM":22,"MAX_PERKM":22,"MIN_PERMI":14,"MAX_PERMI":14,"MIN_BBXMIN":123.466667,"MAX_BBXMIN":123.466667,"MIN_BBXMAX":123.533333,"MAX_BBXMAX":123.533333,"MIN_BBYMIN":47.891667,"MAX_BBYMIN":47.891667,"MIN_BBYMAX":47.941667,"MAX_BBYMAX":47.941667,"MEAN_BBXC":123.501006,"MEAN_BBYC":47.917672,"TIMEZONE":"Asia/Harbin","UN_FID":0,"POP1950":0,"POP1955":0,"POP1960":0,"POP1965":0,"POP1970":0,"POP1975":0,"POP1980":0,"POP1985":0,"POP1990":0,"POP1995":0,"POP2000":0,"POP2005":0,"POP2010":0,"POP2015":0,"POP2020":0,"POP2025":0,"POP2050":0,"MIN_ZOOM":6.7,"WIKIDATAID":"Q1493582","WOF_ID":102027925,"CAPALT":0,"NAME_EN":"Gannan","NAME_DE":"Gannan","NAME_ES":"Gannan","NAME_FR":"Gannan","NAME_PT":"Gānnán","NAME_RU":"Ганьнань","NAME_ZH":"甘南镇","LABEL":null,"NAME_AR":"جنان","NAME_BN":"গানন্যান","NAME_EL":"Γκανάν","NAME_HI":"गानन","NAME_HU":"Gannan","NAME_ID":"Gannan","NAME_IT":"Gannan","NAME_JA":"甘南鎮","NAME_KO":"간난","NAME_NL":"Gannan","NAME_PL":"Gannan","NAME_SV":"Gannan","NAME_TR":"Gannan","NAME_VI":"Cam Nam","NE_ID":1159141193,"NAME_FA":"گنان","NAME_HE":"גאננאן","NAME_UK":"Ганьнань","NAME_UR":"گینان","NAME_ZHT":"甘南镇","GEONAMESID":2037311,"FCLASS_ISO":null,"FCLASS_US":null,"FCLASS_FR":null,"FCLASS_RU":null,"FCLASS_ES":null,"FCLASS_CN":null,"FCLASS_TW":null,"FCLASS_IN":null,"FCLASS_NP":null,"FCLASS_PK":null,"FCLASS_DE":null,"FCLASS_GB":null,"FCLASS_BR":null,"FCLASS_IL":null,"FCLASS_PS":null,"FCLASS_SA":null,"FCLASS_EG":null,"FCLASS_MA":null,"FCLASS_PT":null,"FCLASS_AR":null,"FCLASS_JP":null,"FCLASS_KO":null,"FCLASS_VN":null,"FCLASS_TR":null,"FCLASS_ID":null,"FCLASS_PL":null,"FCLASS_GR":null,"FCLASS_IT":null,"FCLASS_NL":null,"FCLASS_SE":null,"FCLASS_BD":null,"FCLASS_UA":null,"FCLASS_TLC":null},"geometry":{"type":"Point","coordinates":[123.5100215,47.9203683]}},
{"type":"Feature","properties":{"SCALERANK":7,"NATSCALE":20,"LABELRANK":1,"FEATURECLA":"Populated place","NAME":"Hailun","NAMEPAR":null,"NAMEALT":null,"NAMEASCII":"Hailun","ADM0CAP":0,"CAPIN":null,"WORLDCITY":0,"MEGACITY":0,"SOV0NAME":"China","SOV_A3":"CHN","ADM0NAME":"China","ADM0_A3":"CHN","ADM1NAME":"Heilongjiang","ISO_A2":"CN","NOTE":null,"LATITUDE":47.450423,"LONGITUDE":126.93002,"POP_MAX":109881,"POP_MIN":99816,"POP_OTHER":90848,"RANK_MAX":9,"RANK_MIN":8,"MEGANAME":null,"LS_NAME":"Hailun","MAX_POP10":99816,"MAX_POP20":99816,"MAX_POP50":0,"MAX_POP300":0,"MAX_POP310":0,"MAX_NATSCA":20,"MIN_AREAKM":37,"MAX_AREAKM":37,"MIN_AREAMI":14,"MAX_AREAMI":14,"MIN_PERKM":49,"MAX_PERKM":49,"MIN_PERMI":30,"MAX_PERMI":30,"MIN_BBXMIN":126.883333,"MAX_BBXMIN":126.883333,"MIN_BBXMAX":127.008333,"MAX_BBXMAX":127.008333,"MIN_BBYMIN":47.441667,"MAX_BBYMIN":47.441667,"MIN_BBYMAX":47.5,"MAX_BBYMAX":47.5,"MEAN_BBXC":126.941468,"MEAN_BBYC":47.466601,"TIMEZONE":"Asia/Harbin","UN_FID":0,"POP1950":0,"POP1955":0,"POP1960":0,"POP1965":0,"POP1970":0,"POP1975":0,"POP1980":0,"POP1985":0,"POP1990":0,"POP1995":0,"POP2000":0,"POP2005":0,"POP2010":0,"POP2015":0,"POP2020":0,"POP2025":0,"POP2050":0,"MIN_ZOOM":6.7,"WIKIDATAID":"Q1278514","WOF_ID":890513709,"CAPALT":0,"NAME_EN":"Hailun","NAME_DE":"Hailun","NAME_ES":"Hailun","NAME_FR":"Hailun","NAME_PT":"Hailun","NAME_RU":"Хайлунь","NAME_ZH":"海伦","LABEL":null,"NAME_AR":"هايلون","NAME_BN":"হাইলুন","NAME_EL":"Χαϊλούν","NAME_HI":"हाइलुन","NAME_HU":"Hailun","NAME_ID":"Hailun","NAME_IT":"Hailun","NAME_JA":"海倫市","NAME_KO":"하이룬시","NAME_NL":"Hailun","NAME_PL":"Hailun","NAME_SV":"Hailun","NAME_TR":"Hailun","NAME_VI":"Hải Luân","NE_ID":1159141197,"NAME_FA":"هایلون","NAME_HE":"האילון","NAME_UK":"Хайлунь","NAME_UR":"ہائلون","NAME_ZHT":"海伦市","GEONAMESID":2037069,"FCLASS_ISO":null,"FCLASS_US":null,"FCLASS_FR":null,"FCLASS_RU":null,"FCLASS_ES":null,"FCLASS_CN":null,"FCLASS_TW":null,"FCLASS_IN":null,"FCLASS_NP":null,"FCLASS_PK":null,"FCLASS_DE":null,"FCLASS_GB":null,"FCLASS_BR":null,"FCLASS_IL":null,"FCLASS_PS":null,"FCLASS_SA":null,"FCLASS_EG":null,"FCLASS_MA":null,"FCLASS_PT":null,"FCLASS_AR":null,"FCLASS_JP":null,"FCLASS_KO":null,"FCLASS_VN":null,"FCLASS_TR":null,"FCLASS_ID":null,"FCLASS_PL":null,"FCLASS_GR":null,"FCLASS_IT":null,"FCLASS_NL":null,"FCLASS_SE":null,"FCLASS_BD":null,"FCLASS_UA":null,"FCLASS_TLC":null},"geometry":{"type":"Point","coordinates":[126.9300195,47.4504228]}},
{"type":"Feature","properties":{"SCALERANK":7,"NATSCALE":20,"LABELRANK":1,"FEATURECLA":"Populated place","NAME":"Mishan","NAMEPAR":null,"NAMEALT":null,"NAMEASCII":"Mishan","ADM0CAP":0,"CAPIN":null,"WORLDCITY":0,"MEGACITY":0,"SOV0NAME":"China","SOV_A3":"CHN","ADM0NAME":"China","ADM0_A3":"CHN","ADM1NAME":"Heilongjiang","ISO_A2":"CN","NOTE":null,"LATITUDE":45.550384,"LONGITUDE":131.880002,"POP_MAX":87257,"POP_MIN":73661,"POP_OTHER":72483,"RANK_MAX":8,"RANK_MIN":8,"MEGANAME":null,"LS_NAME":"Mishan","MAX_POP10":73661,"MAX_POP20":73661,"MAX_POP50":0,"MAX_POP300":0,"MAX_POP310":0,"MAX_NATSCA":20,"MIN_AREAKM":33,"MAX_AREAKM":33,"MIN_AREAMI":13,"MAX_AREAMI":13,"MIN_PERKM":43,"MAX_PERKM":43,"MIN_PERMI":27,"MAX_PERMI":27,"MIN_BBXMIN":131.825,"MAX_BBXMIN":131.825,"MIN_BBXMAX":131.933333,"MAX_BBXMAX":131.933333,"MIN_BBYMIN":45.516667,"MAX_BBYMIN":45.516667,"MIN_BBYMAX":45.583333,"MAX_BBYMAX":45.583333,"MEAN_BBXC":131.875682,"MEAN_BBYC":45.550682,"TIMEZONE":"Asia/Harbin","UN_FID":0,"POP1950":0,"POP1955":0,"POP1960":0,"POP1965":0,"POP1970":0,"POP1975":0,"POP1980":0,"POP1985":0,"POP1990":0,"POP1995":0,"POP2000":0,"POP2005":0,"POP2010":0,"POP2015":0,"POP2020":0,"POP2025":0,"POP2050":0,"MIN_ZOOM":6.1,"WIKIDATAID":"Q203738","WOF_ID":890513707,"CAPALT":0,"NAME_EN":"Mishan","NAME_DE":"Mishan","NAME_ES":"Mishan","NAME_FR":"Mishan","NAME_PT":"Mishan","NAME_RU":"Мишань","NAME_ZH":"密山","LABEL":null,"NAME_AR":"ميشان","NAME_BN":"মিশান","NAME_EL":"Μισάν","NAME_HI":"मिशान","NAME_HU":"Mishan","NAME_ID":"Mishan","NAME_IT":"Mishan","NAME_JA":"密山市","NAME_KO":"미산시","NAME_NL":"Mishan","NAME_PL":"Mishan","NAME_SV":"Mishan","NAME_TR":"Mishan","NAME_VI":"Mật Sơn","NE_ID":1159141201,"NAME_FA":"میشان","NAME_HE":"מישאן","NAME_UK":"Мішань","NAME_UR":"میشان","NAME_ZHT":"密山市","GEONAMESID":2035746,"FCLASS_ISO":null,"FCLASS_US":null,"FCLASS_FR":null,"FCLASS_RU":null,"FCLASS_ES":null,"FCLASS_CN":null,"FCLASS_TW":null,"FCLASS_IN":null,"FCLASS_NP":null,"FCLASS_PK":null,"FCLASS_DE":null,"FCLASS_GB":null,"FCLASS_BR":null,"FCLASS_IL":null,"FCLASS_PS":null,"FCLASS_SA":null,"FCLASS_EG":null,"FCLASS_MA":null,"FCLASS_PT":null,"FCLASS_AR":null,"FCLASS_JP":null,"FCLASS_KO":null,"FCLASS_VN":null,"FCLASS_TR":null,"FCLASS_ID":null,"FCLASS_PL":null,"FCLASS_GR":null,"FCLASS_IT":null,"FCLASS_NL":null,"FCLASS_SE":null,"FCLASS_BD":null,"FCLASS_UA":null,"FCLASS_TLC":null},"geometry":{"type":"Point","coordinates":[131.880001600000014,45.5503837]}},
{"type":"Feature","properties":{"SCALERANK":7,"NATSCALE":20,"LABELRANK":1,"FEATURECLA":"Populated place","NAME":"Tieli","NAMEPAR":null,"NAMEALT":null,"NAMEASCII":"Tieli","ADM0CAP":0,"CAPIN":null,"WORLDCITY":0,"MEGACITY":0,"SOV0NAME":"China","SOV_A3":"CHN","ADM0NAME":"China","ADM0_A3":"CHN","ADM1NAME":"Heilongjiang","ISO_A2":"CN","NOTE":null,"LATITUDE":46.950376,"LONGITUDE":128.050003,"POP_MAX":109636,"POP_MIN":108821,"POP_OTHER":0,"RANK_MAX":9,"RANK_MIN":9,"MEGANAME":null,"LS_NAME":"Tieli","MAX_POP10":108821,"MAX_POP20":108821,"MAX_POP50":0,"MAX_POP300":0,"MAX_POP310":0,"MAX_NATSCA":20,"MIN_AREAKM":45,"MAX_AREAKM":45,"MIN_AREAMI":17,"MAX_AREAMI":17,"MIN_PERKM":56,"MAX_PERKM":56,"MIN_PERMI":34,"MAX_PERMI":34,"MIN_BBXMIN":127.983333,"MAX_BBXMIN":127.983333,"MIN_BBXMAX":128.108333,"MAX_BBXMAX":128.108333,"MIN_BBYMIN":46.941667,"MAX_BBYMIN":46.941667,"MIN_BBYMAX":47.033333,"MAX_BBYMAX":47.033333,"MEAN_BBXC":128.039232,"MEAN_BBYC":46.989665,"TIMEZONE":"Asia/Harbin","UN_FID":0,"POP1950":0,"POP1955":0,"POP1960":0,"POP1965":0,"POP1970":0,"POP1975":0,"POP1980":0,"POP1985":0,"POP1990":0,"POP1995":0,"POP2000":0,"POP2005":0,"POP2010":0,"POP2015":0,"POP2020":0,"POP2025":0,"POP2050":0,"MIN_ZOOM":6.1,"WIKIDATAID":"Q1344820","WOF_ID":890514433,"CAPALT":0,"NAME_EN":"Tieli","NAME_DE":"Tieli","NAME_ES":"Tieli","NAME_FR":"Tieli","NAME_PT":"Tieli","NAME_RU":"Тели","NAME_ZH":"铁力","LABEL":null,"NAME_AR":"تيلي","NAME_BN":"থিয়েলি","NAME_EL":"Τιέλι","NAME_HI":"तियली","NAME_HU":"Tieli","NAME_ID":"Tieli","NAME_IT":"Tieli","NAME_JA":"鉄力市","NAME_KO":"톄리시","NAME_NL":"Tieli","NAME_PL":"Tieli","NAME_SV":"Tieli","NAME_TR":"Tieling","NAME_VI":"Thiết Lực","NE_ID":1159141209,"NAME_FA":"تیلی","NAME_HE":"טיאלי","NAME_UK":"Телі","NAME_UR":"تیئلی","NAME_ZHT":"鐵力市","GEONAMESID":2034440,"FCLASS_ISO":null,"FCLASS_US":null,"FCLASS_FR":null,"FCLASS_RU":null,"FCLASS_ES":null,"FCLASS_CN":null,"FCLASS_TW":null,"FCLASS_IN":null,"FCLASS_NP":null,"FCLASS_PK":null,"FCLASS_DE":null,"FCLASS_GB":null,"FCLASS_BR":null,"FCLASS_IL":null,"FCLASS_PS":null,"FCLASS_SA":null,"FCLASS_EG":null,"FCLASS_MA":null,"FCLASS_PT":null,"FCLASS_AR":null,"FCLASS_JP":null,"FCLASS_KO":null,"FCLASS_VN":null,"FCLASS_TR":null,"FCLASS_ID":null,"FCLASS_PL":null,"FCLASS_GR":null,"FCLASS_IT":null,"FCLASS_NL":null,"FCLASS_SE":null,"FCLASS_BD":null,"FCLASS_UA":null,"FCLASS_TLC":null},"geometry":{"type":"Point","coordinates":[128.050002799999987,46.9503758]}},
{"type":"Feature","properties":{"SCALERANK":7,"NATSCALE":20,"LABELRANK":1,"FEATURECLA":"Populated place","NAME":"Shuangcheng","NAMEPAR":null,"NAMEALT":null,"NAMEASCII":"Shuangcheng","ADM0CAP":0,"CAPIN":null,"WORLDCITY":0,"MEGACITY":0,"SOV0NAME":"China","SOV_A3":"CHN","ADM0NAME":"China","ADM0_A3":"CHN","ADM1NAME":"Heilongjiang","ISO_A2":"CN","NOTE":null,"LATITUDE":45.350344,"LONGITUDE":126.279982,"POP_MAX":130710,"POP_MIN":106340,"POP_OTHER":29306,"RANK_MAX":9,"RANK_MIN":9,"MEGANAME":null,"LS_NAME":"Shuangcheng","MAX_POP10":106340,"MAX_POP20":106340,"MAX_POP50":0,"MAX_POP300":0,"MAX_POP310":0,"MAX_NATSCA":20,"MIN_AREAKM":62,"MAX_AREAKM":62,"MIN_AREAMI":24,"MAX_AREAMI":24,"MIN_PERKM":64,"MAX_PERKM":64,"MIN_PERMI":40,"MAX_PERMI":40,"MIN_BBXMIN":126.233333,"MAX_BBXMIN":126.233333,"MIN_BBXMAX":126.375,"MAX_BBXMAX":126.375,"MIN_BBYMIN":45.325,"MAX_BBYMIN":45.325,"MIN_BBYMAX":45.433333,"MAX_BBYMAX":45.433333,"MEAN_BBXC":126.303439,"MEAN_BBYC":45.376659,"TIMEZONE":"Asia/Harbin","UN_FID":0,"POP1950":0,"POP1955":0,"POP1960":0,"POP1965":0,"POP1970":0,"POP1975":0,"POP1980":0,"POP1985":0,"POP1990":0,"POP1995":0,"POP2000":0,"POP2005":0,"POP2010":0,"POP2015":0,"POP2020":0,"POP2025":0,"POP2050":0,"MIN_ZOOM":6.7,"WIKIDATAID":"Q1000142","WOF_ID":890512545,"CAPALT":0,"NAME_EN":"Shuangcheng","NAME_DE":"Shuangcheng","NAME_ES":"Shuangcheng","NAME_FR":"Shuangcheng","NAME_PT":"Shuangcheng","NAME_RU":"Шуанчэн","NAME_ZH":"双城区","LABEL":null,"NAME_AR":"شوانغ","NAME_BN":"শুয়াংচেং","NAME_EL":"Σουανγκτσένγκ","NAME_HI":"शुआंगचेंग","NAME_HU":"Shuangcheng","NAME_ID":"Shuangcheng","NAME_IT":"Shuangcheng","NAME_JA":"双城区","NAME_KO":"솽청구","NAME_NL":"Shuangcheng","NAME_PL":"Shuangcheng","NAME_SV":"Shuangcheng","NAME_TR":"Shuangcheng","NAME_VI":"Song Thành","NE_ID":1159141213,"NAME_FA":"شوانگ چنگ","NAME_HE":"שואנגצ'נג","NAME_UK":"Шуанчен","NAME_UR":"شوانگچینگ","NAME_ZHT":"雙城區","GEONAMESID":2034834,"FCLASS_ISO":null,"FCLASS_US":null,"FCLASS_FR":null,"FCLASS_RU":null,"FCLASS_ES":null,"FCLASS_CN":null,"FCLASS_TW":null,"FCLASS_IN":null,"FCLASS_NP":null,"FCLASS_PK":null,"FCLASS_DE":null,"FCLASS_GB":null,"FCLASS_BR":null,"FCLASS_IL":null,"FCLASS_PS":null,"FCLASS_SA":null,"FCLASS_EG":null,"FCLASS_MA":null,"FCLASS_PT":null,"FCLASS_AR":null,"FCLASS_JP":null,"FCLASS_KO":null,"FCLASS_VN":null,"FCLASS_TR":null,"FCLASS_ID":null,"FCLASS_PL":null,"FCLASS_GR":null,"FCLASS_IT":null,"FCLASS_NL":null,"FCLASS_SE":null,"FCLASS_BD":null,"FCLASS_UA":null,"FCLASS_TLC":null},"geometry":{"type":"Point","coordinates":[126.2799816,45.3503443]}},
{"type":"Feature","properties":{"SCALERANK":7,"NATSCALE":20,"LABELRANK":1,"FEATURECLA":"Populated place","NAME":"Zhaodong","NAMEPAR":null,"NAMEALT":null,"NAMEASCII":"Zhaodong","ADM0CAP":0,"CAPIN":null,"WORLDCITY":0,"MEGACITY":0,"SOV0NAME":"China","SOV_A3":"CHN","ADM0NAME":"China","ADM0_A3":"CHN","ADM1NAME":"Heilongjiang","ISO_A2":"CN","NOTE":null,"LATITUDE":46.080429,"LONGITUDE":125.98,"POP_MAX":179980,"POP_MIN":154406,"POP_OTHER":172077,"RANK_MAX":9,"RANK_MIN":9,"MEGANAME":null,"LS_NAME":"Zhaodong","MAX_POP10":179980,"MAX_POP20":179980,"MAX_POP50":0,"MAX_POP300":0,"MAX_POP310":0,"MAX_NATSCA":20,"MIN_AREAKM":76,"MAX_AREAKM":76,"MIN_AREAMI":29,"MAX_AREAMI":29,"MIN_PERKM":89,"MAX_PERKM":89,"MIN_PERMI":55,"MAX_PERMI":55,"MIN_BBXMIN":125.891667,"MAX_BBXMIN":125.891667,"MIN_BBXMAX":126.058333,"MAX_BBXMAX":126.058333,"MIN_BBYMIN":46.016667,"MAX_BBYMIN":46.016667,"MIN_BBYMAX":46.141667,"MAX_BBYMAX":46.141667,"MEAN_BBXC":125.983957,"MEAN_BBYC":46.078248,"TIMEZONE":"Asia/Harbin","UN_FID":0,"POP1950":0,"POP1955":0,"POP1960":0,"POP1965":0,"POP1970":0,"POP1975":0,"POP1980":0,"POP1985":0,"POP1990":0,"POP1995":0,"POP2000":0,"POP2005":0,"POP2010":0,"POP2015":0,"POP2020":0,"POP2025":0,"POP2050":0,"MIN_ZOOM":6.7,"WIKIDATAID":"Q197495","WOF_ID":890516371,"CAPALT":0,"NAME_EN":"Zhaodong","NAME_DE":"Zhaodong","NAME_ES":"Zhaodong","NAME_FR":"Zhaodong","NAME_PT":"Zhaodong","NAME_RU":"Чжаодун","NAME_ZH":"肇东","LABEL":null,"NAME_AR":"جاودونغ","NAME_BN":"চাওতুং","NAME_EL":"Τσαοντόνγκ","NAME_HI":"ज़्हाओदोंग","NAME_HU":"Zhaodong","NAME_ID":"Zhaodong","NAME_IT":"Zhaodong","NAME_JA":"肇東市","NAME_KO":"자오둥시","NAME_NL":"Zhaodong","NAME_PL":"Zhaodong","NAME_SV":"Zhaodong","NAME_TR":"Zhaodong","NAME_VI":"Triệu Đông","NE_ID":1159141217,"NAME_FA":"ژائودونگ","NAME_HE":"ז'אודונג","NAME_UK":"Чжаодун","NAME_UR":"زحاودونج","NAME_ZHT":"肇东市","GEONAMESID":2033168,"FCLASS_ISO":null,"FCLASS_US":null,"FCLASS_FR":null,"FCLASS_RU":null,"FCLASS_ES":null,"FCLASS_CN":null,"FCLASS_TW":null,"FCLASS_IN":null,"FCLASS_NP":null,"FCLASS_PK":null,"FCLASS_DE":null,"FCLASS_GB":null,"FCLASS_BR":null,"FCLASS_IL":null,"FCLASS_PS":null,"FCLASS_SA":null,"FCLASS_EG":null,"FCLASS_MA":null,"FCLASS_PT":null,"FCLASS_AR":null,"FCLASS_JP":null,"FCLASS_KO":null,"FCLASS_VN":null,"FCLASS_TR":null,"FCLASS_ID":null,"FCLASS_PL":null,"FCLASS_GR":null,"FCLASS_IT":null,"FCLASS_NL":null,"FCLASS_SE":null,"FCLASS_BD":null,"FCLASS_UA":null,"FCLASS_TLC":null},"geometry":{"type":"Point","coordinates":[125.98,46.0804289]}},
{"type":"Feature","properties":{"SCALERANK":7,"NATSCALE":20,"LABELRANK":1,"FEATURECLA":"Populated place","NAME":"Lanxi","NAMEPAR":null,"NAMEALT":null,"NAMEASCII":"Lanxi","ADM0CAP":0,"CAPIN":null,"WORLDCITY":0,"MEGACITY":0,"SOV0NAME":"China","SOV_A3":"CHN","ADM0NAME":"China","ADM0_A3":"CHN","ADM1NAME":"Heilongjiang","ISO_A2":"CN","NOTE":null,"LATITUDE":46.266361,"LONGITUDE":126.275951,"POP_MAX":72528,"POP_MIN":61494,"POP_OTHER":52717,"RANK_MAX":8,"RANK_MIN":8,"MEGANAME":null,"LS_NAME":"Lanxi","MAX_POP10":61494,"MAX_POP20":61494,"MAX_POP50":0,"MAX_POP300":0,"MAX_POP310":0,"MAX_NATSCA":20,"MIN_AREAKM":40,"MAX_AREAKM":40,"MIN_AREAMI":16,"MAX_AREAMI":16,"MIN_PERKM":65,"MAX_PERKM":65,"MIN_PERMI":40,"MAX_PERMI":40,"MIN_BBXMIN":126.241667,"MAX_BBXMIN":126.241667,"MIN_BBXMAX":126.341667,"MAX_BBXMAX":126.341667,"MIN_BBYMIN":46.166667,"MAX_BBYMIN":46.166667,"MIN_BBYMAX":46.316667,"MAX_BBYMAX":46.316667,"MEAN_BBXC":126.280515,"MEAN_BBYC":46.241789,"TIMEZONE":"Asia/Harbin","UN_FID":0,"POP1950":0,"POP1955":0,"POP1960":0,"POP1965":0,"POP1970":0,"POP1975":0,"POP1980":0,"POP1985":0,"POP1990":0,"POP1995":0,"POP2000":0,"POP2005":0,"POP2010":0,"POP2015":0,"POP2020":0,"POP2025":0,"POP2050":0,"MIN_ZOOM":6.7,"WIKIDATAID":"Q10893722","WOF_ID":890516777,"CAPALT":0,"NAME_EN":"Lanxi","NAME_DE":"Lanxi","NAME_ES":"Lanxi","NAME_FR":"Lanxi","NAME_PT":"Lanxi","NAME_RU":"Ланьси","NAME_ZH":"兰西镇","LABEL":null,"NAME_AR":"لانكسي","NAME_BN":"ল্যানশি","NAME_EL":"Λάνξι","NAME_HI":"लैंक्सी","NAME_HU":"Lanxi","NAME_ID":"Lanxi","NAME_IT":"Lanxi","NAME_JA":"蘭西鎮","NAME_KO":"란시","NAME_NL":"Lanxi","NAME_PL":"Lanxi","NAME_SV":"Lanxi","NAME_TR":"Lanxi","NAME_VI":"Lan Khê","NE_ID":1159141223,"NAME_FA":"لانکسی","NAME_HE":"לנקסי","NAME_UK":"Ланьсі","NAME_UR":"لینزی","NAME_ZHT":"兰西镇","GEONAMESID":2036226,"FCLASS_ISO":null,"FCLASS_US":null,"FCLASS_FR":null,"FCLASS_RU":null,"FCLASS_ES":null,"FCLASS_CN":null,"FCLASS_TW":null,"FCLASS_IN":null,"FCLASS_NP":null,"FCLASS_PK":null,"FCLASS_DE":null,"FCLASS_GB":null,"FCLASS_BR":null,"FCLASS_IL":null,"FCLASS_PS":null,"FCLASS_SA":null,"FCLASS_EG":null,"FCLASS_MA":null,"FCLASS_PT":null,"FCLASS_AR":null,"FCLASS_JP":null,"FCLASS_KO":null,"FCLASS_VN":null,"FCLASS_TR":null,"FCLASS_ID":null,"FCLASS_PL":null,"FCLASS_GR":null,"FCLASS_IT":null,"FCLASS_NL":null,"FCLASS_SE":null,"FCLASS_BD":null,"FCLASS_UA":null,"FCLASS_TLC":null},"geometry":{"type":"Point","coordinates":[126.2759509,46.2663607]}},
{"type":"Feature","properties":{"SCALERANK":7,"NATSCALE":20,"LABELRANK":1,"FEATURECLA":"Populated place","NAME":"Keshan","NAMEPAR":null,"NAMEALT":null,"NAMEASCII":"Keshan","ADM0CAP":0,"CAPIN":null,"WORLDCITY":0,"MEGACITY":0,"SOV0NAME":"China","SOV_A3":"CHN","ADM0NAME":"China","ADM0_A3":"CHN","ADM1NAME":"Heilongjiang","ISO_A2":"CN","NOTE":null,"LATITUDE":48.026331,"LONGITUDE":125.86595,"POP_MAX":72403,"POP_MIN":72403,"POP_OTHER":67666,"RANK_MAX":8,"RANK_MIN":8,"MEGANAME":null,"LS_NAME":"Keshan","MAX_POP10":72403,"MAX_POP20":72403,"MAX_POP50":0,"MAX_POP300":0,"MAX_POP310":0,"MAX_NATSCA":20,"MIN_AREAKM":31,"MAX_AREAKM":31,"MIN_AREAMI":12,"MAX_AREAMI":12,"MIN_PERKM":49,"MAX_PERKM":49,"MIN_PERMI":30,"MAX_PERMI":30,"MIN_BBXMIN":125.791667,"MAX_BBXMIN":125.791667,"MIN_BBXMAX":125.941667,"MAX_BBXMAX":125.941667,"MIN_BBYMIN":48.0,"MAX_BBYMIN":48.0,"MIN_BBYMAX":48.066667,"MAX_BBYMAX":48.066667,"MEAN_BBXC":125.865487,"MEAN_BBYC":48.026965,"TIMEZONE":null,"UN_FID":0,"POP1950":0,"POP1955":0,"POP1960":0,"POP1965":0,"POP1970":0,"POP1975":0,"POP1980":0,"POP1985":0,"POP1990":0,"POP1995":0,"POP2000":0,"POP2005":0,"POP2010":0,"POP2015":0,"POP2020":0,"POP2025":0,"POP2050":0,"MIN_ZOOM":6.7,"WIKIDATAID":"Q1522472","WOF_ID":1141907727,"CAPALT":0,"NAME_EN":"Keshan","NAME_DE":"Keshan","NAME_ES":"Keshan","NAME_FR":"Keshan","NAME_PT":"Keshan","NAME_RU":"Кэшань","NAME_ZH":"克山镇","LABEL":"Keshan","NAME_AR":"كيشان","NAME_BN":"কেশান","NAME_EL":"Κέσαν","NAME_HI":"केशान","NAME_HU":"Keshan","NAME_ID":"Keshan","NAME_IT":"Keshan","NAME_JA":"克山鎮","NAME_KO":"케산","NAME_NL":"Keshan","NAME_PL":"Keshan","NAME_SV":"Keshan","NAME_TR":"Keshan","NAME_VI":"Khắc Sơn","NE_ID":1159141227,"NAME_FA":"کشان","NAME_HE":"קשאן","NAME_UK":"Кешань","NAME_UR":"کیشان","NAME_ZHT":"克山镇","GEONAMESID":-1,"FCLASS_ISO":null,"FCLASS_US":null,"FCLASS_FR":null,"FCLASS_RU":null,"FCLASS_ES":null,"FCLASS_CN":null,"FCLASS_TW":null,"FCLASS_IN":null,"FCLASS_NP":null,"FCLASS_PK":null,"FCLASS_DE":null,"FCLASS_GB":null,"FCLASS_BR":null,"FCLASS_IL":null,"FCLASS_PS":null,"FCLASS_SA":null,"FCLASS_EG":null,"FCLASS_MA":null,"FCLASS_PT":null,"FCLASS_AR":null,"FCLASS_JP":null,"FCLASS_KO":null,"FCLASS_VN":null,"FCLASS_TR":null,"FCLASS_ID":null,"FCLASS_PL":null,"FCLASS_GR":null,"FCLASS_IT":null,"FCLASS_NL":null,"FCLASS_SE":null,"FCLASS_BD":null,"FCLASS_UA":null,"FCLASS_TLC":null},"geometry":{"type":"Point","coordinates":[125.8659501,48.0263308]}},
{"type":"Feature","properties":{"SCALERANK":7,"NATSCALE":20,"LABELRANK":1,"FEATURECLA":"Populated place","NAME":"Nancha","NAMEPAR":null,"NAMEALT":null,"NAMEASCII":"Nancha","ADM0CAP":0,"CAPIN":null,"WORLDCITY":0,"MEGACITY":0,"SOV0NAME":"China","SOV_A3":"CHN","ADM0NAME":"China","ADM0_A3":"CHN","ADM1NAME":"Heilongjiang","ISO_A2":"CN","NOTE":null,"LATITUDE":47.136359,"LONGITUDE":129.285948,"POP_MAX":121367,"POP_MIN":87774,"POP_OTHER":87515,"RANK_MAX":9,"RANK_MIN":8,"MEGANAME":null,"LS_NAME":"Nancha","MAX_POP10":87774,"MAX_POP20":87774,"MAX_POP50":0,"MAX_POP300":0,"MAX_POP310":0,"MAX_NATSCA":20,"MIN_AREAKM":21,"MAX_AREAKM":21,"MIN_AREAMI":8,"MAX_AREAMI":8,"MIN_PERKM":36,"MAX_PERKM":36,"MIN_PERMI":22,"MAX_PERMI":22,"MIN_BBXMIN":129.2,"MAX_BBXMIN":129.2,"MIN_BBXMAX":129.316667,"MAX_BBXMAX":129.316667,"MIN_BBYMIN":47.108333,"MAX_BBYMIN":47.108333,"MIN_BBYMAX":47.158333,"MAX_BBYMAX":47.158333,"MEAN_BBXC":129.260417,"MEAN_BBYC":47.1375,"TIMEZONE":"Asia/Harbin","UN_FID":0,"POP1950":0,"POP1955":0,"POP1960":0,"POP1965":0,"POP1970":0,"POP1975":0,"POP1980":0,"POP1985":0,"POP1990":0,"POP1995":0,"POP2000":0,"POP2005":0,"POP2010":0,"POP2015":0,"POP2020":0,"POP2025":0,"POP2050":0,"MIN_ZOOM":6.7,"WIKIDATAID":"Q2043360","WOF_ID":890516145,"CAPALT":0,"NAME_EN":"Nancha","NAME_DE":"Nancha","NAME_ES":"Nancha","NAME_FR":"Nancha","NAME_PT":"Nancha","NAME_RU":"Наньча","NAME_ZH":"联合街道","LABEL":null,"NAME_AR":"نانشا","NAME_BN":"নানচা","NAME_EL":"Νάντσα","NAME_HI":"नांचा","NAME_HU":"Nancha","NAME_ID":"Nancha","NAME_IT":"Nancha","NAME_JA":"南岔","NAME_KO":"난차","NAME_NL":"Nancha","NAME_PL":"Nancha","NAME_SV":"Nancha","NAME_TR":"Nancha","NAME_VI":"Nam Xóa","NE_ID":1159141231,"NAME_FA":"نانچا","NAME_HE":"ננצ'ה","NAME_UK":"Наньча","NAME_UR":"نانچا","NAME_ZHT":"東升街道","GEONAMESID":2035669,"FCLASS_ISO":null,"FCLASS_US":null,"FCLASS_FR":null,"FCLASS_RU":null,"FCLASS_ES":null,"FCLASS_CN":null,"FCLASS_TW":null,"FCLASS_IN":null,"FCLASS_NP":null,"FCLASS_PK":null,"FCLASS_DE":null,"FCLASS_GB":null,"FCLASS_BR":null,"FCLASS_IL":null,"FCLASS_PS":null,"FCLASS_SA":null,"FCLASS_EG":null,"FCLASS_MA":null,"FCLASS_PT":null,"FCLASS_AR":null,"FCLASS_JP":null,"FCLASS_KO":null,"FCLASS_VN":null,"FCLASS_TR":null,"FCLASS_ID":null,"FCLASS_PL":null,"FCLASS_GR":null,"FCLASS_IT":null,"FCLASS_NL":null,"FCLASS_SE":null,"FCLASS_BD":null,"FCLASS_UA":null,"FCLASS_TLC":null},"geometry":{"type":"Point","coordinates":[129.285948,47.1363593]}},
{"type":"Feature","properties":{"SCALERANK":7,"NATSCALE":20,"LABELRANK":1,"FEATURECLA":"Populated place","NAME":"Xinqing","NAMEPAR":null,"NAMEALT":null,"NAMEASCII":"Xinqing","ADM0CAP":0,"CAPIN":null,"WORLDCITY":0,"MEGACITY":0,"SOV0NAME":"China","SOV_A3":"CHN","ADM0NAME":"China","ADM0_A3":"CHN","ADM1NAME":"Heilongjiang","ISO_A2":"CN","NOTE":null,"LATITUDE":48.236344,"LONGITUDE":129.505935,"POP_MAX":55415,"POP_MIN":29820,"POP_OTHER":0,"RANK_MAX":8,"RANK_MIN":7,"MEGANAME":null,"LS_NAME":"Xinqing","MAX_POP10":29820,"MAX_POP20":0,"MAX_POP50":0,"MAX_POP300":0,"MAX_POP310":0,"MAX_NATSCA":10,"MIN_AREAKM":15,"MAX_AREAKM":15,"MIN_AREAMI":6,"MAX_AREAMI":6,"MIN_PERKM":23,"MAX_PERKM":23,"MIN_PERMI":15,"MAX_PERMI":15,"MIN_BBXMIN":129.5,"MAX_BBXMIN":129.5,"MIN_BBXMAX":129.558333,"MAX_BBXMAX":129.558333,"MIN_BBYMIN":48.266667,"MAX_BBYMIN":48.266667,"MIN_BBYMAX":48.308333,"MAX_BBYMAX":48.308333,"MEAN_BBXC":129.530093,"MEAN_BBYC":48.2875,"TIMEZONE":"Asia/Harbin","UN_FID":0,"POP1950":0,"POP1955":0,"POP1960":0,"POP1965":0,"POP1970":0,"POP1975":0,"POP1980":0,"POP1985":0,"POP1990":0,"POP1995":0,"POP2000":0,"POP2005":0,"POP2010":0,"POP2015":0,"POP2020":0,"POP2025":0,"POP2050":0,"MIN_ZOOM":6.7,"WIKIDATAID":"Q787402","WOF_ID":890512953,"CAPALT":0,"NAME_EN":"Xinqing","NAME_DE":"Xinqing","NAME_ES":"Xinqing","NAME_FR":"Xinqing","NAME_PT":"Xinqing","NAME_RU":"Синьцин","NAME_ZH":"新青区","LABEL":null,"NAME_AR":"زين شين","NAME_BN":"শিনকুইং","NAME_EL":"Ξινκίνγκ","NAME_HI":"क्सिनकिंग","NAME_HU":"Xinqing","NAME_ID":"Xinqing","NAME_IT":"Xinqing","NAME_JA":"新青区","NAME_KO":"신칭구","NAME_NL":"Xinqing","NAME_PL":"Xinqing","NAME_SV":"Xinqing","NAME_TR":"Xinqing","NAME_VI":"Tân Thanh","NE_ID":1159141235,"NAME_FA":"شین کینگ","NAME_HE":"קסינגקווינג","NAME_UK":"Сіньцзинь","NAME_UR":"زنگکنگ","NAME_ZHT":"新青区","GEONAMESID":2033667,"FCLASS_ISO":null,"FCLASS_US":null,"FCLASS_FR":null,"FCLASS_RU":null,"FCLASS_ES":null,"FCLASS_CN":null,"FCLASS_TW":null,"FCLASS_IN":null,"FCLASS_NP":null,"FCLASS_PK":null,"FCLASS_DE":null,"FCLASS_GB":null,"FCLASS_BR":null,"FCLASS_IL":null,"FCLASS_PS":null,"FCLASS_SA":null,"FCLASS_EG":null,"FCLASS_MA":null,"FCLASS_PT":null,"FCLASS_AR":null,"FCLASS_JP":null,"FCLASS_KO":null,"FCLASS_VN":null,"FCLASS_TR":null,"FCLASS_ID":null,"FCLASS_PL":null,"FCLASS_GR":null,"FCLASS_IT":null,"FCLASS_NL":null,"FCLASS_SE":null,"FCLASS_BD":null,"FCLASS_UA":null,"FCLASS_TLC":null},"geometry":{"type":"Point","coordinates":[129.505934599999989,48.2363438]}},
{"type":"Feature","properties":{"SCALERANK":7,"NATSCALE":20,"LABELRANK":1,"FEATURECLA":"Populated place","NAME":"Hulin","NAMEPAR":null,"NAMEALT":null,"NAMEASCII":"Hulin","ADM0CAP":0,"CAPIN":null,"WORLDCITY":0,"MEGACITY":0,"SOV0NAME":"China","SOV_A3":"CHN","ADM0NAME":"China","ADM0_A3":"CHN","ADM1NAME":"Heilongjiang","ISO_A2":"CN","NOTE":null,"LATITUDE":45.769027,"LONGITUDE":132.992233,"POP_MAX":42559,"POP_MIN":42559,"POP_OTHER":42419,"RANK_MAX":7,"RANK_MIN":7,"MEGANAME":null,"LS_NAME":"Hulin","MAX_POP10":42559,"MAX_POP20":42559,"MAX_POP50":0,"MAX_POP300":0,"MAX_POP310":0,"MAX_NATSCA":20,"MIN_AREAKM":34,"MAX_AREAKM":34,"MIN_AREAMI":13,"MAX_AREAMI":13,"MIN_PERKM":63,"MAX_PERKM":63,"MIN_PERMI":39,"MAX_PERMI":39,"MIN_BBXMIN":132.941667,"MAX_BBXMIN":132.941667,"MIN_BBXMAX":133.1,"MAX_BBXMAX":133.1,"MIN_BBYMIN":45.733333,"MAX_BBYMIN":45.733333,"MIN_BBYMAX":45.825,"MAX_BBYMAX":45.825,"MEAN_BBXC":133.010746,"MEAN_BBYC":45.780044,"TIMEZONE":null,"UN_FID":0,"POP1950":0,"POP1955":0,"POP1960":0,"POP1965":0,"POP1970":0,"POP1975":0,"POP1980":0,"POP1985":0,"POP1990":0,"POP1995":0,"POP2000":0,"POP2005":0,"POP2010":0,"POP2015":0,"POP2020":0,"POP2025":0,"POP2050":0,"MIN_ZOOM":6.7,"WIKIDATAID":"Q1361161","WOF_ID":1141907729,"CAPALT":0,"NAME_EN":"Hulin","NAME_DE":"Hulin","NAME_ES":"Hulin","NAME_FR":"Hulin","NAME_PT":"Hulín","NAME_RU":"Хулинь","NAME_ZH":"虎林","LABEL":null,"NAME_AR":"هولين","NAME_BN":"হুলিন","NAME_EL":"Χουλίν","NAME_HI":"ह्यूलिन","NAME_HU":"Hulin","NAME_ID":"Hulin","NAME_IT":"Hulin","NAME_JA":"虎林市","NAME_KO":"후린시","NAME_NL":"Hulin","NAME_PL":"Hulin","NAME_SV":"Hulin","NAME_TR":"Hulin","NAME_VI":"Hổ Lâm","NE_ID":1159141241,"NAME_FA":"هولین","NAME_HE":"חולין","NAME_UK":"Хулінь","NAME_UR":"ہولن","NAME_ZHT":"虎林市","GEONAMESID":2036666,"FCLASS_ISO":null,"FCLASS_US":null,"FCLASS_FR":null,"FCLASS_RU":null,"FCLASS_ES":null,"FCLASS_CN":null,"FCLASS_TW":null,"FCLASS_IN":null,"FCLASS_NP":null,"FCLASS_PK":null,"FCLASS_DE":null,"FCLASS_GB":null,"FCLASS_BR":null,"FCLASS_IL":null,"FCLASS_PS":null,"FCLASS_SA":null,"FCLASS_EG":null,"FCLASS_MA":null,"FCLASS_PT":null,"FCLASS_AR":null,"FCLASS_JP":null,"FCLASS_KO":null,"FCLASS_VN":null,"FCLASS_TR":null,"FCLASS_ID":null,"FCLASS_PL":null,"FCLASS_GR":null,"FCLASS_IT":null,"FCLASS_NL":null,"FCLASS_SE":null,"FCLASS_BD":null,"FCLASS_UA":null,"FCLASS_TLC":null},"geometry":{"type":"Point","coordinates":[132.9922334,45.7690267]}},
{"type":"Feature","properties":{"SCALERANK":7,"NATSCALE":20,"LABELRANK":1,"FEATURECLA":"Populated place","NAME":"Boli","NAMEPAR":null,"NAMEALT":null,"NAMEASCII":"Boli","ADM0CAP":0,"CAPIN":null,"WORLDCITY":0,"MEGACITY":0,"SOV0NAME":"China","SOV_A3":"CHN","ADM0NAME":"China","ADM0_A3":"CHN","ADM1NAME":"Heilongjiang","ISO_A2":"CN","NOTE":null,"LATITUDE":45.756366,"LONGITUDE":130.575947,"POP_MAX":95260,"POP_MIN":71374,"POP_OTHER":67239,"RANK_MAX":8,"RANK_MIN":8,"MEGANAME":null,"LS_NAME":"Boli","MAX_POP10":71374,"MAX_POP20":71374,"MAX_POP50":0,"MAX_POP300":0,"MAX_POP310":0,"MAX_NATSCA":20,"MIN_AREAKM":26,"MAX_AREAKM":26,"MIN_AREAMI":10,"MAX_AREAMI":10,"MIN_PERKM":31,"MAX_PERKM":31,"MIN_PERMI":19,"MAX_PERMI":19,"MIN_BBXMIN":130.516667,"MAX_BBXMIN":130.516667,"MIN_BBXMAX":130.6,"MAX_BBXMAX":130.6,"MIN_BBYMIN":45.725,"MAX_BBYMIN":45.725,"MIN_BBYMAX":45.783333,"MAX_BBYMAX":45.783333,"MEAN_BBXC":130.560038,"MEAN_BBYC":45.752273,"TIMEZONE":"Asia/Harbin","UN_FID":0,"POP1950":0,"POP1955":0,"POP1960":0,"POP1965":0,"POP1970":0,"POP1975":0,"POP1980":0,"POP1985":0,"POP1990":0,"POP1995":0,"POP2000":0,"POP2005":0,"POP2010":0,"POP2015":0,"POP2020":0,"POP2025":0,"POP2050":0,"MIN_ZOOM":6.7,"WIKIDATAID":null,"WOF_ID":890513713,"CAPALT":0,"NAME_EN":"Boli","NAME_DE":"Boli","NAME_ES":"Boli","NAME_FR":"Boli","NAME_PT":"Boli","NAME_RU":"Боли","NAME_ZH":"勃利县","LABEL":null,"NAME_AR":"بولي","NAME_BN":"বোলি","NAME_EL":"Μπόλι","NAME_HI":"बोली","NAME_HU":"Boli","NAME_ID":"Boli","NAME_IT":"Boli","NAME_JA":"勃利","NAME_KO":"볼리","NAME_NL":"Boli","NAME_PL":"Boli","NAME_SV":"Boli","NAME_TR":"Boli","NAME_VI":"Bột Lợi","NE_ID":1159141245,"NAME_FA":"بولی","NAME_HE":"בולי","NAME_UK":"Болі","NAME_UR":"بولی","NAME_ZHT":"勃利","GEONAMESID":2038274,"FCLASS_ISO":null,"FCLASS_US":null,"FCLASS_FR":null,"FCLASS_RU":null,"FCLASS_ES":null,"FCLASS_CN":null,"FCLASS_TW":null,"FCLASS_IN":null,"FCLASS_NP":null,"FCLASS_PK":null,"FCLASS_DE":null,"FCLASS_GB":null,"FCLASS_BR":null,"FCLASS_IL":null,"FCLASS_PS":null,"FCLASS_SA":null,"FCLASS_EG":null,"FCLASS_MA":null,"FCLASS_PT":null,"FCLASS_AR":null,"FCLASS_JP":null,"FCLASS_KO":null,"FCLASS_VN":null,"FCLASS_TR":null,"FCLASS_ID":null,"FCLASS_PL":null,"FCLASS_GR":null,"FCLASS_IT":null,"FCLASS_NL":null,"FCLASS_SE":null,"FCLASS_BD":null,"FCLASS_UA":null,"FCLASS_TLC":null},"geometry":{"type":"Point","coordinates":[130.5759468,45.756366]}},
{"type":"Feature","properties":{"SCALERANK":7,"NATSCALE":20,"LABELRANK":1,"FEATURECLA":"Populated place","NAME":"Ningan","NAMEPAR":null,"NAMEALT":null,"NAMEASCII":"Ningan","ADM0CAP":0,"CAPIN":null,"WORLDCITY":0,"MEGACITY":0,"SOV0NAME":"China","SOV_A3":"CHN","ADM0NAME":"China","ADM0_A3":"CHN","ADM1NAME":"Heilongjiang","ISO_A2":"CN","NOTE":null,"LATITUDE":44.331337,"LONGITUDE":129.465937,"POP_MAX":54636,"POP_MIN":54636,"POP_OTHER":53770,"RANK_MAX":8,"RANK_MIN":8,"MEGANAME":null,"LS_NAME":"Ningan","MAX_POP10":54636,"MAX_POP20":54636,"MAX_POP50":0,"MAX_POP300":0,"MAX_POP310":0,"MAX_NATSCA":20,"MIN_AREAKM":23,"MAX_AREAKM":23,"MIN_AREAMI":9,"MAX_AREAMI":9,"MIN_PERKM":32,"MAX_PERKM":32,"MIN_PERMI":20,"MAX_PERMI":20,"MIN_BBXMIN":129.425,"MAX_BBXMIN":129.425,"MIN_BBXMAX":129.5,"MAX_BBXMAX":129.5,"MIN_BBYMIN":44.316667,"MAX_BBYMIN":44.316667,"MIN_BBYMAX":44.383333,"MAX_BBYMAX":44.383333,"MEAN_BBXC":129.462281,"MEAN_BBYC":44.346711,"TIMEZONE":null,"UN_FID":0,"POP1950":0,"POP1955":0,"POP1960":0,"POP1965":0,"POP1970":0,"POP1975":0,"POP1980":0,"POP1985":0,"POP1990":0,"POP1995":0,"POP2000":0,"POP2005":0,"POP2010":0,"POP2015":0,"POP2020":0,"POP2025":0,"POP2050":0,"MIN_ZOOM":6.7,"WIKIDATAID":"Q1321612","WOF_ID":1141907731,"CAPALT":0,"NAME_EN":"Ning'an","NAME_DE":"Ning’an","NAME_ES":"Ningan","NAME_FR":"Ning'an","NAME_PT":"Ning'an","NAME_RU":"Нинъань","NAME_ZH":"宁安","LABEL":null,"NAME_AR":"نينغان","NAME_BN":"নিং-আন","NAME_EL":"Νίνγκαν","NAME_HI":"निंगान","NAME_HU":"Ningan","NAME_ID":"Ning'an","NAME_IT":"Ning'an","NAME_JA":"寧安市","NAME_KO":"닝안시","NAME_NL":"Ning'an","NAME_PL":"Ning'an","NAME_SV":"Ning'an","NAME_TR":"Ning'an","NAME_VI":"Ninh An","NE_ID":1159141251,"NAME_FA":"نینگان","NAME_HE":"נינגאן","NAME_UK":"Нінган","NAME_UR":"نینگآن","NAME_ZHT":"寧安市","GEONAMESID":2035588,"FCLASS_ISO":null,"FCLASS_US":null,"FCLASS_FR":null,"FCLASS_RU":null,"FCLASS_ES":null,"FCLASS_CN":null,"FCLASS_TW":null,"FCLASS_IN":null,"FCLASS_NP":null,"FCLASS_PK":null,"FCLASS_DE":null,"FCLASS_GB":null,"FCLASS_BR":null,"FCLASS_IL":null,"FCLASS_PS":null,"FCLASS_SA":null,"FCLASS_EG":null,"FCLASS_MA":null,"FCLASS_PT":null,"FCLASS_AR":null,"FCLASS_JP":null,"FCLASS_KO":null,"FCLASS_VN":null,"FCLASS_TR":null,"FCLASS_ID":null,"FCLASS_PL":null,"FCLASS_GR":null,"FCLASS_IT":null,"FCLASS_NL":null,"FCLASS_SE":null,"FCLASS_BD":null,"FCLASS_UA":null,"FCLASS_TLC":null},"geometry":{"type":"Point","coordinates":[129.4659371,44.3313367]}},
{"type":"Feature","properties":{"SCALERANK":6,"NATSCALE":30,"LABELRANK":2,"FEATURECLA":"Populated place","NAME":"Svobodnyy","NAMEPAR":null,"NAMEALT":null,"NAMEASCII":"Svobodnyy","ADM0CAP":0,"CAPIN":null,"WORLDCITY":0,"MEGACITY":0,"SOV0NAME":"Russia","SOV_A3":"RUS","ADM0NAME":"Russia","ADM0_A3":"RUS","ADM1NAME":"Amur","ISO_A2":"RU","NOTE":null,"LATITUDE":51.406176,"LONGITUDE":128.131187,"POP_MAX":63620,"POP_MIN":61017,"POP_OTHER":62023,"RANK_MAX":8,"RANK_MIN":8,"MEGANAME":null,"LS_NAME":"Svobodnyy","MAX_POP10":63620,"MAX_POP20":0,"MAX_POP50":0,"MAX_POP300":0,"MAX_POP310":0,"MAX_NATSCA":10,"MIN_AREAKM":29,"MAX_AREAKM":29,"MIN_AREAMI":11,"MAX_AREAMI":11,"MIN_PERKM":37,"MAX_PERKM":37,"MIN_PERMI":23,"MAX_PERMI":23,"MIN_BBXMIN":128.091667,"MAX_BBXMIN":128.091667,"MIN_BBXMAX":128.183333,"MAX_BBXMAX":128.183333,"MIN_BBYMIN":51.325,"MAX_BBYMIN":51.325,"MIN_BBYMAX":51.416667,"MAX_BBYMAX":51.416667,"MEAN_BBXC":128.139198,"MEAN_BBYC":51.371142,"TIMEZONE":"Asia/Yakutsk","UN_FID":0,"POP1950":0,"POP1955":0,"POP1960":0,"POP1965":0,"POP1970":0,"POP1975":0,"POP1980":0,"POP1985":0,"POP1990":0,"POP1995":0,"POP2000":0,"POP2005":0,"POP2010":0,"POP2015":0,"POP2020":0,"POP2025":0,"POP2050":0,"MIN_ZOOM":6.0,"WIKIDATAID":"Q193636","WOF_ID":102015059,"CAPALT":0,"NAME_EN":"Svobodny","NAME_DE":"Swobodny","NAME_ES":"Svobodni","NAME_FR":"Svobodny","NAME_PT":"Svobodny","NAME_RU":"Свободный","NAME_ZH":"斯沃博德内","LABEL":null,"NAME_AR":"سفوبودني","NAME_BN":"সভোবোদোনি","NAME_EL":"Σβόμποντνι","NAME_HI":"स्वोबोद्नी","NAME_HU":"Szvobodnij","NAME_ID":"Svobodnyy","NAME_IT":"Svobodnyj","NAME_JA":"スヴォボードヌイ","NAME_KO":"스보보드니","NAME_NL":"Svobodny","NAME_PL":"Swobodny","NAME_SV":"Svobodnyj","NAME_TR":"Svobodni","NAME_VI":"Svobodny","NE_ID":1159146669,"NAME_FA":"اسووبودنی","NAME_HE":"סבובודני","NAME_UK":"Свободний","NAME_UR":"سووبودنی","NAME_ZHT":"斯沃博德内","GEONAMESID":2015833,"FCLASS_ISO":null,"FCLASS_US":null,"FCLASS_FR":null,"FCLASS_RU":null,"FCLASS_ES":null,"FCLASS_CN":null,"FCLASS_TW":null,"FCLASS_IN":null,"FCLASS_NP":null,"FCLASS_PK":null,"FCLASS_DE":null,"FCLASS_GB":null,"FCLASS_BR":null,"FCLASS_IL":null,"FCLASS_PS":null,"FCLASS_SA":null,"FCLASS_EG":null,"FCLASS_MA":null,"FCLASS_PT":null,"FCLASS_AR":null,"FCLASS_JP":null,"FCLASS_KO":null,"FCLASS_VN":null,"FCLASS_TR":null,"FCLASS_ID":null,"FCLASS_PL":null,"FCLASS_GR":null,"FCLASS_IT":null,"FCLASS_NL":null,"FCLASS_SE":null,"FCLASS_BD":null,"FCLASS_UA":null,"FCLASS_TLC":null},"geometry":{"type":"Point","coordinates":[128.131186500000013,51.4061762]}},
{"type":"Feature","properties":{"SCALERANK":6,"NATSCALE":30,"LABELRANK":2,"FEATURECLA":"Populated place","NAME":"Zeya","NAMEPAR":null,"NAMEALT":null,"NAMEASCII":"Zeya","ADM0CAP":0,"CAPIN":null,"WORLDCITY":0,"MEGACITY":0,"SOV0NAME":"Russia","SOV_A3":"RUS","ADM0NAME":"Russia","ADM0_A3":"RUS","ADM1NAME":"Amur","ISO_A2":"RU","NOTE":null,"LATITUDE":53.750012,"LONGITUDE":127.266588,"POP_MAX":26999,"POP_MIN":26999,"POP_OTHER":0,"RANK_MAX":7,"RANK_MIN":7,"MEGANAME":null,"LS_NAME":null,"MAX_POP10":0,"MAX_POP20":0,"MAX_POP50":0,"MAX_POP300":0,"MAX_POP310":0,"MAX_NATSCA":0,"MIN_AREAKM":0,"MAX_AREAKM":0,"MIN_AREAMI":0,"MAX_AREAMI":0,"MIN_PERKM":0,"MAX_PERKM":0,"MIN_PERMI":0,"MAX_PERMI":0,"MIN_BBXMIN":0.0,"MAX_BBXMIN":0.0,"MIN_BBXMAX":0.0,"MAX_BBXMAX":0.0,"MIN_BBYMIN":0.0,"MAX_BBYMIN":0.0,"MIN_BBYMAX":0.0,"MAX_BBYMAX":0.0,"MEAN_BBXC":0.0,"MEAN_BBYC":0.0,"TIMEZONE":"Asia/Yakutsk","UN_FID":0,"POP1950":0,"POP1955":0,"POP1960":0,"POP1965":0,"POP1970":0,"POP1975":0,"POP1980":0,"POP1985":0,"POP1990":0,"POP1995":0,"POP2000":0,"POP2005":0,"POP2010":0,"POP2015":0,"POP2020":0,"POP2025":0,"POP2050":0,"MIN_ZOOM":6.0,"WIKIDATAID":"Q139867","WOF_ID":102015007,"CAPALT":0,"NAME_EN":"Zeya","NAME_DE":"Seja","NAME_ES":"Zeya","NAME_FR":"Zeïa","NAME_PT":"Zeya","NAME_RU":"Зея","NAME_ZH":"结雅","LABEL":null,"NAME_AR":"زييا","NAME_BN":"জেয়া","NAME_EL":"Ζέγια","NAME_HI":"जेया","NAME_HU":"Zeja","NAME_ID":"Zeya","NAME_IT":"Zeja","NAME_JA":"ゼヤ","NAME_KO":"제야","NAME_NL":"Zeja","NAME_PL":"Zieja","NAME_SV":"Zeja","NAME_TR":"Zeya","NAME_VI":"Zeya","NE_ID":1159146671,"NAME_FA":"زیا","NAME_HE":"זיה","NAME_UK":"Зея","NAME_UR":"زیا","NAME_ZHT":"结雅","GEONAMESID":2012593,"FCLASS_ISO":null,"FCLASS_US":null,"FCLASS_FR":null,"FCLASS_RU":null,"FCLASS_ES":null,"FCLASS_CN":null,"FCLASS_TW":null,"FCLASS_IN":null,"FCLASS_NP":null,"FCLASS_PK":null,"FCLASS_DE":null,"FCLASS_GB":null,"FCLASS_BR":null,"FCLASS_IL":null,"FCLASS_PS":null,"FCLASS_SA":null,"FCLASS_EG":null,"FCLASS_MA":null,"FCLASS_PT":null,"FCLASS_AR":null,"FCLASS_JP":null,"FCLASS_KO":null,"FCLASS_VN":null,"FCLASS_TR":null,"FCLASS_ID":null,"FCLASS_PL":null,"FCLASS_GR":null,"FCLASS_IT":null,"FCLASS_NL":null,"FCLASS_SE":null,"FCLASS_BD":null,"FCLASS_UA":null,"FCLASS_TLC":null},"geometry":{"type":"Point","coordinates":[127.2665881,53.7500124]}},
{"type":"Feature","properties":{"SCALERANK":6,"NATSCALE":30,"LABELRANK":2,"FEATURECLA":"Populated place","NAME":"Magdagachi","NAMEPAR":null,"NAMEALT":null,"NAMEASCII":"Magdagachi","ADM0CAP":0,"CAPIN":null,"WORLDCITY":0,"MEGACITY":0,"SOV0NAME":"Russia","SOV_A3":"RUS","ADM0NAME":"Russia","ADM0_A3":"RUS","ADM1NAME":"Amur","ISO_A2":"RU","NOTE":null,"LATITUDE":53.449979,"LONGITUDE":125.800011,"POP_MAX":11739,"POP_MIN":4402,"POP_OTHER":3355,"RANK_MAX":6,"RANK_MIN":4,"MEGANAME":null,"LS_NAME":"Magdagachi","MAX_POP10":4402,"MAX_POP20":4402,"MAX_POP50":0,"MAX_POP300":0,"MAX_POP310":0,"MAX_NATSCA":20,"MIN_AREAKM":13,"MAX_AREAKM":13,"MIN_AREAMI":5,"MAX_AREAMI":5,"MIN_PERKM":20,"MAX_PERKM":20,"MIN_PERMI":12,"MAX_PERMI":12,"MIN_BBXMIN":125.783333,"MAX_BBXMIN":125.783333,"MIN_BBXMAX":125.833333,"MAX_BBXMAX":125.833333,"MIN_BBYMIN":53.433333,"MAX_BBYMIN":53.433333,"MIN_BBYMAX":53.483333,"MAX_BBYMAX":53.483333,"MEAN_BBXC":125.8075,"MEAN_BBYC":53.456833,"TIMEZONE":"Asia/Yakutsk","UN_FID":0,"POP1950":0,"POP1955":0,"POP1960":0,"POP1965":0,"POP1970":0,"POP1975":0,"POP1980":0,"POP1985":0,"POP1990":0,"POP1995":0,"POP2000":0,"POP2005":0,"POP2010":0,"POP2015":0,"POP2020":0,"POP2025":0,"POP2050":0,"MIN_ZOOM":6.0,"WIKIDATAID":"Q912758","WOF_ID":102015015,"CAPALT":0,"NAME_EN":"Magdagachi","NAME_DE":"Magdagatschi","NAME_ES":"Magdagachi","NAME_FR":"Magdagachi","NAME_PT":"Magdagachi","NAME_RU":"Магдагачи","NAME_ZH":"马格达加奇","LABEL":null,"NAME_AR":"ريف ماغداغاتشي","NAME_BN":"মাগদাগাচি","NAME_EL":"Μαγκνταγκάτσι","NAME_HI":"मागदागाची","NAME_HU":"Magdagacsi","NAME_ID":"Magdagachi","NAME_IT":"Magdagači","NAME_JA":"マグダガチ","NAME_KO":"막다가치","NAME_NL":"Magdagatsji","NAME_PL":"Magdagaczi","NAME_SV":"Magdagatji","NAME_TR":"Magdagachi","NAME_VI":"Magdagachi","NE_ID":1159146673,"NAME_FA":"ماگداگاچی","NAME_HE":"מגדאצ'אצ'י","NAME_UK":"Магдагачі","NAME_UR":"مڈگاگچی","NAME_ZHT":"馬格達加奇","GEONAMESID":2020591,"FCLASS_ISO":null,"FCLASS_US":null,"FCLASS_FR":null,"FCLASS_RU":null,"FCLASS_ES":null,"FCLASS_CN":null,"FCLASS_TW":null,"FCLASS_IN":null,"FCLASS_NP":null,"FCLASS_PK":null,"FCLASS_DE":null,"FCLASS_GB":null,"FCLASS_BR":null,"FCLASS_IL":null,"FCLASS_PS":null,"FCLASS_SA":null,"FCLASS_EG":null,"FCLASS_MA":null,"FCLASS_PT":null,"FCLASS_AR":null,"FCLASS_JP":null,"FCLASS_KO":null,"FCLASS_VN":null,"FCLASS_TR":null,"FCLASS_ID":null,"FCLASS_PL":null,"FCLASS_GR":null,"FCLASS_IT":null,"FCLASS_NL":null,"FCLASS_SE":null,"FCLASS_BD":null,"FCLASS_UA":null,"FCLASS_TLC":null},"geometry":{"type":"Point","coordinates":[125.8000109,53.4499791]}},
{"type":"Feature","properties":{"SCALERANK":6,"NATSCALE":30,"LABELRANK":2,"FEATURECLA":"Populated place","NAME":"Shimanovsk","NAMEPAR":null,"NAMEALT":null,"NAMEASCII":"Shimanovsk","ADM0CAP":0,"CAPIN":null,"WORLDCITY":0,"MEGACITY":0,"SOV0NAME":"Russia","SOV_A3":"RUS","ADM0NAME":"Russia","ADM0_A3":"RUS","ADM1NAME":"Amur","ISO_A2":"RU","NOTE":null,"LATITUDE":52.002445,"LONGITUDE":127.697466,"POP_MAX":21466,"POP_MIN":11683,"POP_OTHER":13053,"RANK_MAX":7,"RANK_MIN":6,"MEGANAME":null,"LS_NAME":"Shimanovsk","MAX_POP10":11683,"MAX_POP20":11683,"MAX_POP50":0,"MAX_POP300":0,"MAX_POP310":0,"MAX_NATSCA":20,"MIN_AREAKM":18,"MAX_AREAKM":18,"MIN_AREAMI":7,"MAX_AREAMI":7,"MIN_PERKM":31,"MAX_PERKM":31,"MIN_PERMI":19,"MAX_PERMI":19,"MIN_BBXMIN":127.633333,"MAX_BBXMIN":127.633333,"MIN_BBXMAX":127.725,"MAX_BBXMAX":127.725,"MIN_BBYMIN":51.975,"MAX_BBYMIN":51.975,"MIN_BBYMAX":52.025,"MAX_BBYMAX":52.025,"MEAN_BBXC":127.676894,"MEAN_BBYC":51.997601,"TIMEZONE":"Asia/Yakutsk","UN_FID":0,"POP1950":0,"POP1955":0,"POP1960":0,"POP1965":0,"POP1970":0,"POP1975":0,"POP1980":0,"POP1985":0,"POP1990":0,"POP1995":0,"POP2000":0,"POP2005":0,"POP2010":0,"POP2015":0,"POP2020":0,"POP2025":0,"POP2050":0,"MIN_ZOOM":6.0,"WIKIDATAID":"Q198311","WOF_ID":102015043,"CAPALT":0,"NAME_EN":"Shimanovsk","NAME_DE":"Schimanowsk","NAME_ES":"Shimanovsk","NAME_FR":"Chimanovsk","NAME_PT":"Shimanovsk","NAME_RU":"Шимановск","NAME_ZH":"希马诺夫斯克","LABEL":null,"NAME_AR":"شيمانوفسك","NAME_BN":"শিমানোভস্ক","NAME_EL":"Σιμανόφσκ","NAME_HI":"शिमानोवस्क","NAME_HU":"Simanovszk","NAME_ID":"Shimanovsk","NAME_IT":"Šimanovsk","NAME_JA":"シマノフスク","NAME_KO":"시마노프스크","NAME_NL":"Sjimanovsk","NAME_PL":"Szymanowsk","NAME_SV":"Sjimanovsk","NAME_TR":"Şimanovsk","NAME_VI":"Shimanovsk","NE_ID":1159146677,"NAME_FA":"شیمانوفسک","NAME_HE":"שימנובסק","NAME_UK":"Шимановськ","NAME_UR":"شیمانووسک","NAME_ZHT":"希马诺夫斯克","GEONAMESID":2016701,"FCLASS_ISO":null,"FCLASS_US":null,"FCLASS_FR":null,"FCLASS_RU":null,"FCLASS_ES":null,"FCLASS_CN":null,"FCLASS_TW":null,"FCLASS_IN":null,"FCLASS_NP":null,"FCLASS_PK":null,"FCLASS_DE":null,"FCLASS_GB":null,"FCLASS_BR":null,"FCLASS_IL":null,"FCLASS_PS":null,"FCLASS_SA":null,"FCLASS_EG":null,"FCLASS_MA":null,"FCLASS_PT":null,"FCLASS_AR":null,"FCLASS_JP":null,"FCLASS_KO":null,"FCLASS_VN":null,"FCLASS_TR":null,"FCLASS_ID":null,"FCLASS_PL":null,"FCLASS_GR":null,"FCLASS_IT":null,"FCLASS_NL":null,"FCLASS_SE":null,"FCLASS_BD":null,"FCLASS_UA":null,"FCLASS_TLC":null},"geometry":{"type":"Point","coordinates":[127.6974662,52.0024447]}},
{"type":"Feature","properties":{"SCALERANK":6,"NATSCALE":30,"LABELRANK":2,"FEATURECLA":"Populated place","NAME":"Skovorodino","NAMEPAR":null,"NAMEALT":null,"NAMEASCII":"Skovorodino","ADM0CAP":0,"CAPIN":null,"WORLDCITY":0,"MEGACITY":0,"SOV0NAME":"Russia","SOV_A3":"RUS","ADM0NAME":"Russia","ADM0_A3":"RUS","ADM1NAME":"Amur","ISO_A2":"RU","NOTE":null,"LATITUDE":53.983306,"LONGITUDE":123.916663,"POP_MAX":10007,"POP_MIN":2964,"POP_OTHER":0,"RANK_MAX":6,"RANK_MIN":4,"MEGANAME":null,"LS_NAME":"Skovorodino","MAX_POP10":2964,"MAX_POP20":2964,"MAX_POP50":0,"MAX_POP300":0,"MAX_POP310":0,"MAX_NATSCA":20,"MIN_AREAKM":10,"MAX_AREAKM":10,"MIN_AREAMI":4,"MAX_AREAMI":4,"MIN_PERKM":22,"MAX_PERKM":22,"MIN_PERMI":14,"MAX_PERMI":14,"MIN_BBXMIN":123.908333,"MAX_BBXMIN":123.908333,"MIN_BBXMAX":123.983333,"MAX_BBXMAX":123.983333,"MIN_BBYMIN":53.966667,"MAX_BBYMIN":53.966667,"MIN_BBYMAX":54.0,"MAX_BBYMAX":54.0,"MEAN_BBXC":123.941667,"MEAN_BBYC":53.983333,"TIMEZONE":"Asia/Yakutsk","UN_FID":0,"POP1950":0,"POP1955":0,"POP1960":0,"POP1965":0,"POP1970":0,"POP1975":0,"POP1980":0,"POP1985":0,"POP1990":0,"POP1995":0,"POP2000":0,"POP2005":0,"POP2010":0,"POP2015":0,"POP2020":0,"POP2025":0,"POP2050":0,"MIN_ZOOM":6.0,"WIKIDATAID":"Q194648","WOF_ID":102015001,"CAPALT":0,"NAME_EN":"Skovorodino","NAME_DE":"Skoworodino","NAME_ES":"Skovorodinó","NAME_FR":"Skovorodino","NAME_PT":"Skovorodino","NAME_RU":"Сковородино","NAME_ZH":"斯科沃罗季诺","LABEL":null,"NAME_AR":"سكوفورودينو","NAME_BN":"স্কোভোরোদিনো","NAME_EL":"Σκοβορόντινο","NAME_HI":"स्कोवोरोदिनो","NAME_HU":"Szkovorogyino","NAME_ID":"Skovorodino","NAME_IT":"Skovorodino","NAME_JA":"スコボロディノ","NAME_KO":"스코보로디노","NAME_NL":"Skovorodino","NAME_PL":"Skoworodino","NAME_SV":"Skovorodino","NAME_TR":"Skovorodino","NAME_VI":"Skovorodino","NE_ID":1159146679,"NAME_FA":"اسکووورودینو","NAME_HE":"סקובורודינו","NAME_UK":"Сковородіно","NAME_UR":"سکوورودینو","NAME_ZHT":"斯科沃罗季诺","GEONAMESID":2016443,"FCLASS_ISO":null,"FCLASS_US":null,"FCLASS_FR":null,"FCLASS_RU":null,"FCLASS_ES":null,"FCLASS_CN":null,"FCLASS_TW":null,"FCLASS_IN":null,"FCLASS_NP":null,"FCLASS_PK":null,"FCLASS_DE":null,"FCLASS_GB":null,"FCLASS_BR":null,"FCLASS_IL":null,"FCLASS_PS":null,"FCLASS_SA":null,"FCLASS_EG":null,"FCLASS_MA":null,"FCLASS_PT":null,"FCLASS_AR":null,"FCLASS_JP":null,"FCLASS_KO":null,"FCLASS_VN":null,"FCLASS_TR":null,"FCLASS_ID":null,"FCLASS_PL":null,"FCLASS_GR":null,"FCLASS_IT":null,"FCLASS_NL":null,"FCLASS_SE":null,"FCLASS_BD":null,"FCLASS_UA":null,"FCLASS_TLC":null},"geometry":{"type":"Point","coordinates":[123.9166634,53.9833057]}},
{"type":"Feature","properties":{"SCALERANK":6,"NATSCALE":30,"LABELRANK":2,"FEATURECLA":"Populated place","NAME":"Tynda","NAMEPAR":null,"NAMEALT":null,"NAMEASCII":"Tynda","ADM0CAP":0,"CAPIN":null,"WORLDCITY":0,"MEGACITY":0,"SOV0NAME":"Russia","SOV_A3":"RUS","ADM0NAME":"Russia","ADM0_A3":"RUS","ADM1NAME":"Amur","ISO_A2":"RU","NOTE":null,"LATITUDE":55.174267,"LONGITUDE":124.707571,"POP_MAX":37335,"POP_MIN":29039,"POP_OTHER":0,"RANK_MAX":7,"RANK_MIN":7,"MEGANAME":null,"LS_NAME":"Tynda","MAX_POP10":29039,"MAX_POP20":29039,"MAX_POP50":0,"MAX_POP300":0,"MAX_POP310":0,"MAX_NATSCA":20,"MIN_AREAKM":6,"MAX_AREAKM":6,"MIN_AREAMI":2,"MAX_AREAMI":2,"MIN_PERKM":12,"MAX_PERKM":12,"MIN_PERMI":8,"MAX_PERMI":8,"MIN_BBXMIN":124.7,"MAX_BBXMIN":124.7,"MIN_BBXMAX":124.741667,"MAX_BBXMAX":124.741667,"MIN_BBYMIN":55.141667,"MAX_BBYMIN":55.141667,"MIN_BBYMAX":55.166667,"MAX_BBYMAX":55.166667,"MEAN_BBXC":124.720833,"MEAN_BBYC":55.155449,"TIMEZONE":"Asia/Yakutsk","UN_FID":0,"POP1950":0,"POP1955":0,"POP1960":0,"POP1965":0,"POP1970":0,"POP1975":0,"POP1980":0,"POP1985":0,"POP1990":0,"POP1995":0,"POP2000":0,"POP2005":0,"POP2010":0,"POP2015":0,"POP2020":0,"POP2025":0,"POP2050":0,"MIN_ZOOM":6.0,"WIKIDATAID":"Q196729","WOF_ID":102014979,"CAPALT":0,"NAME_EN":"Tynda","NAME_DE":"Tynda","NAME_ES":"Tynda","NAME_FR":"Tynda","NAME_PT":"Tynda","NAME_RU":"Тында","NAME_ZH":"滕达","LABEL":null,"NAME_AR":"تيندا","NAME_BN":"তাইনদা","NAME_EL":"Τίντα","NAME_HI":"टिंदा","NAME_HU":"Tinda","NAME_ID":"Tynda","NAME_IT":"Tynda","NAME_JA":"ティンダ","NAME_KO":"틴다","NAME_NL":"Tynda","NAME_PL":"Tynda","NAME_SV":"Tynda","NAME_TR":"Tında","NAME_VI":"Tynda","NE_ID":1159146681,"NAME_FA":"تیندا","NAME_HE":"טינדה","NAME_UK":"Тинда","NAME_UR":"تیندا","NAME_ZHT":"滕达","GEONAMESID":2014718,"FCLASS_ISO":null,"FCLASS_US":null,"FCLASS_FR":null,"FCLASS_RU":null,"FCLASS_ES":null,"FCLASS_CN":null,"FCLASS_TW":null,"FCLASS_IN":null,"FCLASS_NP":null,"FCLASS_PK":null,"FCLASS_DE":null,"FCLASS_GB":null,"FCLASS_BR":null,"FCLASS_IL":null,"FCLASS_PS":null,"FCLASS_SA":null,"FCLASS_EG":null,"FCLASS_MA":null,"FCLASS_PT":null,"FCLASS_AR":null,"FCLASS_JP":null,"FCLASS_KO":null,"FCLASS_VN":null,"FCLASS_TR":null,"FCLASS_ID":null,"FCLASS_PL":null,"FCLASS_GR":null,"FCLASS_IT":null,"FCLASS_NL":null,"FCLASS_SE":null,"FCLASS_BD":null,"FCLASS_UA":null,"FCLASS_TLC":null},"geometry":{"type":"Point","coordinates":[124.7075712,55.1742666]}},
{"type":"Feature","properties":{"SCALERANK":6,"NATSCALE":30,"LABELRANK":2,"FEATURECLA":"Populated place","NAME":"Olovyannaya","NAMEPAR":null,"NAMEALT":null,"NAMEASCII":"Olovyannaya","ADM0CAP":0,"CAPIN":null,"WORLDCITY":0,"MEGACITY":0,"SOV0NAME":"Russia","SOV_A3":"RUS","ADM0NAME":"Russia","ADM0_A3":"RUS","ADM1NAME":"Chita","ISO_A2":"RU","NOTE":null,"LATITUDE":50.949977,"LONGITUDE":115.56663,"POP_MAX":8247,"POP_MIN":2316,"POP_OTHER":0,"RANK_MAX":5,"RANK_MIN":4,"MEGANAME":null,"LS_NAME":"Olovyannaya","MAX_POP10":2316,"MAX_POP20":2316,"MAX_POP50":0,"MAX_POP300":0,"MAX_POP310":0,"MAX_NATSCA":20,"MIN_AREAKM":4,"MAX_AREAKM":4,"MIN_AREAMI":2,"MAX_AREAMI":2,"MIN_PERKM":12,"MAX_PERKM":12,"MIN_PERMI":7,"MAX_PERMI":7,"MIN_BBXMIN":115.558333,"MAX_BBXMIN":115.558333,"MIN_BBXMAX":115.6,"MAX_BBXMAX":115.6,"MIN_BBYMIN":50.933333,"MAX_BBYMIN":50.933333,"MIN_BBYMAX":50.95,"MAX_BBYMAX":50.95,"MEAN_BBXC":115.582292,"MEAN_BBYC":50.942708,"TIMEZONE":"Asia/Yakutsk","UN_FID":0,"POP1950":0,"POP1955":0,"POP1960":0,"POP1965":0,"POP1970":0,"POP1975":0,"POP1980":0,"POP1985":0,"POP1990":0,"POP1995":0,"POP2000":0,"POP2005":0,"POP2010":0,"POP2015":0,"POP2020":0,"POP2025":0,"POP2050":0,"MIN_ZOOM":6.0,"WIKIDATAID":"Q4333966","WOF_ID":102014801,"CAPALT":0,"NAME_EN":"Olovyannaya","NAME_DE":"Olowjannaja","NAME_ES":"Olovyannaya","NAME_FR":"Olovyannaya","NAME_PT":"Olovyannaya","NAME_RU":"Оловянная","NAME_ZH":"奥洛维扬纳亚","LABEL":"Olovyannaya","NAME_AR":"أولوفيانا","NAME_BN":"ওলোভায়ান্নায়া","NAME_EL":"Ολοβιάναγια","NAME_HI":"ओलोव्यानाया","NAME_HU":"Olovjannaja","NAME_ID":"Olovyannaya","NAME_IT":"Olovyannaya","NAME_JA":"オロビャンナヤ","NAME_KO":"올로뱌나야","NAME_NL":"Olovyannaya","NAME_PL":"Olovyannaya","NAME_SV":"Olovjannaja","NAME_TR":"Olovyannaya","NAME_VI":"Olovyannaya","NE_ID":1159146683,"NAME_FA":"اولوویانایا","NAME_HE":"אולוביאניה","NAME_UK":"Олов’яна","NAME_UR":"اولوینانیا","NAME_ZHT":"奥洛维扬纳亚","GEONAMESID":2018498,"FCLASS_ISO":null,"FCLASS_US":null,"FCLASS_FR":null,"FCLASS_RU":null,"FCLASS_ES":null,"FCLASS_CN":null,"FCLASS_TW":null,"FCLASS_IN":null,"FCLASS_NP":null,"FCLASS_PK":null,"FCLASS_DE":null,"FCLASS_GB":null,"FCLASS_BR":null,"FCLASS_IL":null,"FCLASS_PS":null,"FCLASS_SA":null,"FCLASS_EG":null,"FCLASS_MA":null,"FCLASS_PT":null,"FCLASS_AR":null,"FCLASS_JP":null,"FCLASS_KO":null,"FCLASS_VN":null,"FCLASS_TR":null,"FCLASS_ID":null,"FCLASS_PL":null,"FCLASS_GR":null,"FCLASS_IT":null,"FCLASS_NL":null,"FCLASS_SE":null,"FCLASS_BD":null,"FCLASS_UA":null,"FCLASS_TLC":null},"geometry":{"type":"Point","coordinates":[115.5666304,50.9499766]}},
{"type":"Feature","properties":{"SCALERANK":6,"NATSCALE":30,"LABELRANK":2,"FEATURECLA":"Populated place","NAME":"Mogocha","NAMEPAR":null,"NAMEALT":null,"NAMEASCII":"Mogocha","ADM0CAP":0,"CAPIN":null,"WORLDCITY":0,"MEGACITY":0,"SOV0NAME":"Russia","SOV_A3":"RUS","ADM0NAME":"Russia","ADM0_A3":"RUS","ADM1NAME":"Chita","ISO_A2":"RU","NOTE":null,"LATITUDE":53.733321,"LONGITUDE":119.766581,"POP_MAX":12647,"POP_MIN":8626,"POP_OTHER":7882,"RANK_MAX":6,"RANK_MIN":5,"MEGANAME":null,"LS_NAME":"Mogocha","MAX_POP10":8626,"MAX_POP20":8626,"MAX_POP50":0,"MAX_POP300":0,"MAX_POP310":0,"MAX_NATSCA":20,"MIN_AREAKM":14,"MAX_AREAKM":14,"MIN_AREAMI":6,"MAX_AREAMI":6,"MIN_PERKM":21,"MAX_PERKM":21,"MIN_PERMI":13,"MAX_PERMI":13,"MIN_BBXMIN":119.733333,"MAX_BBXMIN":119.733333,"MIN_BBXMAX":119.8,"MAX_BBXMAX":119.8,"MIN_BBYMIN":53.716667,"MAX_BBYMIN":53.716667,"MIN_BBYMAX":53.758333,"MAX_BBYMAX":53.758333,"MEAN_BBXC":119.76369,"MEAN_BBYC":53.73869,"TIMEZONE":"Asia/Yakutsk","UN_FID":0,"POP1950":0,"POP1955":0,"POP1960":0,"POP1965":0,"POP1970":0,"POP1975":0,"POP1980":0,"POP1985":0,"POP1990":0,"POP1995":0,"POP2000":0,"POP2005":0,"POP2010":0,"POP2015":0,"POP2020":0,"POP2025":0,"POP2050":0,"MIN_ZOOM":6.0,"WIKIDATAID":"Q159134","WOF_ID":102014465,"CAPALT":0,"NAME_EN":"Mogocha","NAME_DE":"Mogotscha","NAME_ES":"Mogocha","NAME_FR":"Mogotcha","NAME_PT":"Mogocha","NAME_RU":"Могоча","NAME_ZH":"莫戈恰","LABEL":null,"NAME_AR":"موغوتشا","NAME_BN":"মোগোচা","NAME_EL":"Μογκότσα","NAME_HI":"मोगोचा","NAME_HU":"Mogocsa","NAME_ID":"Mogocha","NAME_IT":"Mogoča","NAME_JA":"モゴチャ","NAME_KO":"모고차","NAME_NL":"Mogotsja","NAME_PL":"Mogocza","NAME_SV":"Mogotja","NAME_TR":"Mogoça","NAME_VI":"Mogocha","NE_ID":1159146685,"NAME_FA":"موگوچا","NAME_HE":"מוגוצ'ה","NAME_UK":"Могоча","NAME_UR":"موگوچا","NAME_ZHT":"莫戈恰","GEONAMESID":2019912,"FCLASS_ISO":null,"FCLASS_US":null,"FCLASS_FR":null,"FCLASS_RU":null,"FCLASS_ES":null,"FCLASS_CN":null,"FCLASS_TW":null,"FCLASS_IN":null,"FCLASS_NP":null,"FCLASS_PK":null,"FCLASS_DE":null,"FCLASS_GB":null,"FCLASS_BR":null,"FCLASS_IL":null,"FCLASS_PS":null,"FCLASS_SA":null,"FCLASS_EG":null,"FCLASS_MA":null,"FCLASS_PT":null,"FCLASS_AR":null,"FCLASS_JP":null,"FCLASS_KO":null,"FCLASS_VN":null,"FCLASS_TR":null,"FCLASS_ID":null,"FCLASS_PL":null,"FCLASS_GR":null,"FCLASS_IT":null,"FCLASS_NL":null,"FCLASS_SE":null,"FCLASS_BD":null,"FCLASS_UA":null,"FCLASS_TLC":null},"geometry":{"type":"Point","coordinates":[119.7665808,53.7333209]}},
{"type":"Feature","properties":{"SCALERANK":6,"NATSCALE":30,"LABELRANK":2,"FEATURECLA":"Populated place","NAME":"Krasnokamensk","NAMEPAR":null,"NAMEALT":null,"NAMEASCII":"Krasnokamensk","ADM0CAP":0,"CAPIN":null,"WORLDCITY":0,"MEGACITY":0,"SOV0NAME":"Russia","SOV_A3":"RUS","ADM0NAME":"Russia","ADM0_A3":"RUS","ADM1NAME":"Chita","ISO_A2":"RU","NOTE":null,"LATITUDE":50.066491,"LONGITUDE":118.02648,"POP_MAX":54316,"POP_MIN":50300,"POP_OTHER":0,"RANK_MAX":8,"RANK_MIN":8,"MEGANAME":null,"LS_NAME":"Krasnokamensk","MAX_POP10":50300,"MAX_POP20":50300,"MAX_POP50":0,"MAX_POP300":0,"MAX_POP310":0,"MAX_NATSCA":20,"MIN_AREAKM":11,"MAX_AREAKM":11,"MIN_AREAMI":4,"MAX_AREAMI":4,"MIN_PERKM":20,"MAX_PERKM":20,"MIN_PERMI":13,"MAX_PERMI":13,"MIN_BBXMIN":118.008333,"MAX_BBXMIN":118.008333,"MIN_BBXMAX":118.058333,"MAX_BBXMAX":118.058333,"MIN_BBYMIN":50.083333,"MAX_BBYMIN":50.083333,"MIN_BBYMAX":50.133333,"MAX_BBYMAX":50.133333,"MEAN_BBXC":118.036667,"MEAN_BBYC":50.100417,"TIMEZONE":"Asia/Yakutsk","UN_FID":0,"POP1950":0,"POP1955":0,"POP1960":0,"POP1965":0,"POP1970":0,"POP1975":0,"POP1980":0,"POP1985":0,"POP1990":0,"POP1995":0,"POP2000":0,"POP2005":0,"POP2010":0,"POP2015":0,"POP2020":0,"POP2025":0,"POP2050":0,"MIN_ZOOM":6.0,"WIKIDATAID":"Q155624","WOF_ID":102014941,"CAPALT":0,"NAME_EN":"Krasnokamensk","NAME_DE":"Krasnokamensk","NAME_ES":"Krasnokamensk","NAME_FR":"Krasnokamensk","NAME_PT":"Krasnokamensk","NAME_RU":"Краснокаменск","NAME_ZH":"克拉斯诺卡缅斯克","LABEL":null,"NAME_AR":"كراسنوكامنسك","NAME_BN":"ক্রাসনোকামেনস্ক","NAME_EL":"Κρασνοκαμένσκ","NAME_HI":"क्रास्नोकामेंस्क","NAME_HU":"Krasznokamenszk","NAME_ID":"Krasnokamensk","NAME_IT":"Krasnokamensk","NAME_JA":"クラスノカーメンスク","NAME_KO":"크라스노카멘스크","NAME_NL":"Krasnokamensk","NAME_PL":"Krasnokamiensk","NAME_SV":"Krasnokamensk","NAME_TR":"Krasnokamensk","NAME_VI":"Krasnokamensk","NE_ID":1159146687,"NAME_FA":"کراسنوکامنسک","NAME_HE":"קרסנוקמנסק","NAME_UK":"Краснокаменськ","NAME_UR":"کراسنوکامینسک","NAME_ZHT":"克拉斯諾卡緬斯克","GEONAMESID":2021618,"FCLASS_ISO":null,"FCLASS_US":null,"FCLASS_FR":null,"FCLASS_RU":null,"FCLASS_ES":null,"FCLASS_CN":null,"FCLASS_TW":null,"FCLASS_IN":null,"FCLASS_NP":null,"FCLASS_PK":null,"FCLASS_DE":null,"FCLASS_GB":null,"FCLASS_BR":null,"FCLASS_IL":null,"FCLASS_PS":null,"FCLASS_SA":null,"FCLASS_EG":null,"FCLASS_MA":null,"FCLASS_PT":null,"FCLASS_AR":null,"FCLASS_JP":null,"FCLASS_KO":null,"FCLASS_VN":null,"FCLASS_TR":null,"FCLASS_ID":null,"FCLASS_PL":null,"FCLASS_GR":null,"FCLASS_IT":null,"FCLASS_NL":null,"FCLASS_SE":null,"FCLASS_BD":null,"FCLASS_UA":null,"FCLASS_TLC":null},"geometry":{"type":"Point","coordinates":[118.0264803,50.0664905]}},
{"type":"Feature","properties":{"SCALERANK":6,"NATSCALE":30,"LABELRANK":2,"FEATURECLA":"Populated place","NAME":"Borzya","NAMEPAR":null,"NAMEALT":null,"NAMEASCII":"Borzya","ADM0CAP":0,"CAPIN":null,"WORLDCITY":0,"MEGACITY":0,"SOV0NAME":"Russia","SOV_A3":"RUS","ADM0NAME":"Russia","ADM0_A3":"RUS","ADM1NAME":"Chita","ISO_A2":"RU","NOTE":null,"LATITUDE":50.388564,"LONGITUDE":116.518562,"POP_MAX":30421,"POP_MIN":28885,"POP_OTHER":28503,"RANK_MAX":7,"RANK_MIN":7,"MEGANAME":null,"LS_NAME":"Borzya","MAX_POP10":28885,"MAX_POP20":28885,"MAX_POP50":0,"MAX_POP300":0,"MAX_POP310":0,"MAX_NATSCA":20,"MIN_AREAKM":14,"MAX_AREAKM":14,"MIN_AREAMI":5,"MAX_AREAMI":5,"MIN_PERKM":21,"MAX_PERKM":21,"MIN_PERMI":13,"MAX_PERMI":13,"MIN_BBXMIN":116.491667,"MAX_BBXMIN":116.491667,"MIN_BBXMAX":116.558333,"MAX_BBXMAX":116.558333,"MIN_BBYMIN":50.366667,"MAX_BBYMIN":50.366667,"MIN_BBYMAX":50.4,"MAX_BBYMAX":50.4,"MEAN_BBXC":116.5245,"MEAN_BBYC":50.384167,"TIMEZONE":"Asia/Yakutsk","UN_FID":0,"POP1950":0,"POP1955":0,"POP1960":0,"POP1965":0,"POP1970":0,"POP1975":0,"POP1980":0,"POP1985":0,"POP1990":0,"POP1995":0,"POP2000":0,"POP2005":0,"POP2010":0,"POP2015":0,"POP2020":0,"POP2025":0,"POP2050":0,"MIN_ZOOM":6.0,"WIKIDATAID":"Q105372","WOF_ID":102014913,"CAPALT":0,"NAME_EN":"Borzya","NAME_DE":"Borsja","NAME_ES":"Borzya","NAME_FR":"Borzia","NAME_PT":"Borzya","NAME_RU":"Борзя","NAME_ZH":"博尔贾","LABEL":null,"NAME_AR":"بورزيا","NAME_BN":"বোরজায়া","NAME_EL":"Μπόρζια","NAME_HI":"बोर्ज़्या","NAME_HU":"Borzja","NAME_ID":"Borzya","NAME_IT":"Borzja","NAME_JA":"ボルジャ","NAME_KO":"보르자","NAME_NL":"Borzja","NAME_PL":"Borzja","NAME_SV":"Borzja","NAME_TR":"Borzya","NAME_VI":"Borzya","NE_ID":1159146689,"NAME_FA":"بورزیا","NAME_HE":"בורזיה","NAME_UK":"Борзя","NAME_UR":"بورزیا","NAME_ZHT":"博尔贾","GEONAMESID":2026126,"FCLASS_ISO":null,"FCLASS_US":null,"FCLASS_FR":null,"FCLASS_RU":null,"FCLASS_ES":null,"FCLASS_CN":null,"FCLASS_TW":null,"FCLASS_IN":null,"FCLASS_NP":null,"FCLASS_PK":null,"FCLASS_DE":null,"FCLASS_GB":null,"FCLASS_BR":null,"FCLASS_IL":null,"FCLASS_PS":null,"FCLASS_SA":null,"FCLASS_EG":null,"FCLASS_MA":null,"FCLASS_PT":null,"FCLASS_AR":null,"FCLASS_JP":null,"FCLASS_KO":null,"FCLASS_VN":null,"FCLASS_TR":null,"FCLASS_ID":null,"FCLASS_PL":null,"FCLASS_GR":null,"FCLASS_IT":null,"FCLASS_NL":null,"FCLASS_SE":null,"FCLASS_BD":null,"FCLASS_UA":null,"FCLASS_TLC":null},"geometry":{"type":"Point","coordinates":[116.518562,50.3885639]}},
{"type":"Feature","properties":{"SCALERANK":6,"NATSCALE":30,"LABELRANK":2,"FEATURECLA":"Populated place","NAME":"Nakhodka","NAMEPAR":null,"NAMEALT":null,"NAMEASCII":"Nakhodka","ADM0CAP":0,"CAPIN":null,"WORLDCITY":0,"MEGACITY":0,"SOV0NAME":"Russia","SOV_A3":"RUS","ADM0NAME":"Russia","ADM0_A3":"RUS","ADM1NAME":"Primor'ye","ISO_A2":"RU","NOTE":null,"LATITUDE":42.837449,"LONGITUDE":132.887434,"POP_MAX":159551,"POP_MIN":146920,"POP_OTHER":159282,"RANK_MAX":9,"RANK_MIN":9,"MEGANAME":null,"LS_NAME":"Nakhodka","MAX_POP10":159551,"MAX_POP20":0,"MAX_POP50":0,"MAX_POP300":0,"MAX_POP310":0,"MAX_NATSCA":10,"MIN_AREAKM":54,"MAX_AREAKM":54,"MIN_AREAMI":21,"MAX_AREAMI":21,"MIN_PERKM":62,"MAX_PERKM":62,"MIN_PERMI":38,"MAX_PERMI":38,"MIN_BBXMIN":132.841667,"MAX_BBXMIN":132.841667,"MIN_BBXMAX":132.991667,"MAX_BBXMAX":132.991667,"MIN_BBYMIN":42.758333,"MAX_BBYMIN":42.758333,"MIN_BBYMAX":42.866667,"MAX_BBYMAX":42.866667,"MEAN_BBXC":132.901647,"MEAN_BBYC":42.822384,"TIMEZONE":"Asia/Vladivostok","UN_FID":0,"POP1950":0,"POP1955":0,"POP1960":0,"POP1965":0,"POP1970":0,"POP1975":0,"POP1980":0,"POP1985":0,"POP1990":0,"POP1995":0,"POP2000":0,"POP2005":0,"POP2010":0,"POP2015":0,"POP2020":0,"POP2025":0,"POP2050":0,"MIN_ZOOM":6.0,"WIKIDATAID":"Q156658","WOF_ID":102001817,"CAPALT":0,"NAME_EN":"Nakhodka","NAME_DE":"Nachodka","NAME_ES":"Najodka","NAME_FR":"Nakhodka","NAME_PT":"Nakhodka","NAME_RU":"Находка","NAME_ZH":"纳霍德卡","LABEL":null,"NAME_AR":"ناخودكا","NAME_BN":"নাখধকা","NAME_EL":"Ναχόντκα","NAME_HI":"नाखोदका","NAME_HU":"Nahodka","NAME_ID":"Nakhodka","NAME_IT":"Nachodka","NAME_JA":"ナホトカ","NAME_KO":"나홋카","NAME_NL":"Nachodka","NAME_PL":"Nachodka","NAME_SV":"Nachodka","NAME_TR":"Nahodka","NAME_VI":"Nakhodka","NE_ID":1159146695,"NAME_FA":"ناخودکا","NAME_HE":"נחודקה","NAME_UK":"Находка","NAME_UR":"ناخودکا","NAME_ZHT":"納霍德卡","GEONAMESID":2019528,"FCLASS_ISO":null,"FCLASS_US":null,"FCLASS_FR":null,"FCLASS_RU":null,"FCLASS_ES":null,"FCLASS_CN":null,"FCLASS_TW":null,"FCLASS_IN":null,"FCLASS_NP":null,"FCLASS_PK":null,"FCLASS_DE":null,"FCLASS_GB":null,"FCLASS_BR":null,"FCLASS_IL":null,"FCLASS_PS":null,"FCLASS_SA":null,"FCLASS_EG":null,"FCLASS_MA":null,"FCLASS_PT":null,"FCLASS_AR":null,"FCLASS_JP":null,"FCLASS_KO":null,"FCLASS_VN":null,"FCLASS_TR":null,"FCLASS_ID":null,"FCLASS_PL":null,"FCLASS_GR":null,"FCLASS_IT":null,"FCLASS_NL":null,"FCLASS_SE":null,"FCLASS_BD":null,"FCLASS_UA":null,"FCLASS_TLC":null},"geometry":{"type":"Point","coordinates":[132.8874336,42.8374485]}},
{"type":"Feature","properties":{"SCALERANK":6,"NATSCALE":30,"LABELRANK":2,"FEATURECLA":"Populated place","NAME":"Ussuriysk","NAMEPAR":null,"NAMEALT":null,"NAMEASCII":"Ussuriysk","ADM0CAP":0,"CAPIN":null,"WORLDCITY":0,"MEGACITY":0,"SOV0NAME":"Russia","SOV_A3":"RUS","ADM0NAME":"Russia","ADM0_A3":"RUS","ADM1NAME":"Primor'ye","ISO_A2":"RU","NOTE":null,"LATITUDE":43.800026,"LONGITUDE":132.019993,"POP_MAX":157068,"POP_MIN":124279,"POP_OTHER":0,"RANK_MAX":9,"RANK_MIN":9,"MEGANAME":null,"LS_NAME":"Ussuriysk","MAX_POP10":124279,"MAX_POP20":151159,"MAX_POP50":0,"MAX_POP300":0,"MAX_POP310":0,"MAX_NATSCA":20,"MIN_AREAKM":56,"MAX_AREAKM":80,"MIN_AREAMI":22,"MAX_AREAMI":31,"MIN_PERKM":68,"MAX_PERKM":81,"MIN_PERMI":42,"MAX_PERMI":50,"MIN_BBXMIN":131.85,"MAX_BBXMIN":131.858333,"MIN_BBXMAX":132.05,"MAX_BBXMAX":132.05,"MIN_BBYMIN":43.758333,"MAX_BBYMIN":43.758333,"MIN_BBYMAX":43.866667,"MAX_BBYMAX":43.875,"MEAN_BBXC":131.955614,"MEAN_BBYC":43.806937,"TIMEZONE":"Asia/Vladivostok","UN_FID":0,"POP1950":0,"POP1955":0,"POP1960":0,"POP1965":0,"POP1970":0,"POP1975":0,"POP1980":0,"POP1985":0,"POP1990":0,"POP1995":0,"POP2000":0,"POP2005":0,"POP2010":0,"POP2015":0,"POP2020":0,"POP2025":0,"POP2050":0,"MIN_ZOOM":6.0,"WIKIDATAID":"Q196934","WOF_ID":102001759,"CAPALT":0,"NAME_EN":"Ussuriysk","NAME_DE":"Ussurijsk","NAME_ES":"Ussuriisk","NAME_FR":"Oussouriisk","NAME_PT":"Ussurijsk","NAME_RU":"Уссурийск","NAME_ZH":"双城子","LABEL":null,"NAME_AR":"أوسورييسك","NAME_BN":"উসুরিস্ক","NAME_EL":"Ουσουρίσκ","NAME_HI":"उससूरियसक","NAME_HU":"Usszurijszk","NAME_ID":"Ussuriysk","NAME_IT":"Ussurijsk","NAME_JA":"ウスリースク","NAME_KO":"우수리스크","NAME_NL":"Oessoeriejsk","NAME_PL":"Ussuryjsk","NAME_SV":"Ussurijsk","NAME_TR":"Ussuriysk","NAME_VI":"Ussuriysk","NE_ID":1159146697,"NAME_FA":"اوسورییسک","NAME_HE":"אוסוריסק","NAME_UK":"Уссурійськ","NAME_UR":"اوسورییسک","NAME_ZHT":"雙城子","GEONAMESID":2014006,"FCLASS_ISO":null,"FCLASS_US":null,"FCLASS_FR":null,"FCLASS_RU":null,"FCLASS_ES":null,"FCLASS_CN":null,"FCLASS_TW":null,"FCLASS_IN":null,"FCLASS_NP":null,"FCLASS_PK":null,"FCLASS_DE":null,"FCLASS_GB":null,"FCLASS_BR":null,"FCLASS_IL":null,"FCLASS_PS":null,"FCLASS_SA":null,"FCLASS_EG":null,"FCLASS_MA":null,"FCLASS_PT":null,"FCLASS_AR":null,"FCLASS_JP":null,"FCLASS_KO":null,"FCLASS_VN":null,"FCLASS_TR":null,"FCLASS_ID":null,"FCLASS_PL":null,"FCLASS_GR":null,"FCLASS_IT":null,"FCLASS_NL":null,"FCLASS_SE":null,"FCLASS_BD":null,"FCLASS_UA":null,"FCLASS_TLC":null},"geometry":{"type":"Point","coordinates":[132.019993,43.8000255]}},
{"type":"Feature","properties":{"SCALERANK":6,"NATSCALE":30,"LABELRANK":2,"FEATURECLA":"Populated place","NAME":"Lesozavodsk","NAMEPAR":null,"NAMEALT":null,"NAMEASCII":"Lesozavodsk","ADM0CAP":0,"CAPIN":null,"WORLDCITY":0,"MEGACITY":0,"SOV0NAME":"Russia","SOV_A3":"RUS","ADM0NAME":"Russia","ADM0_A3":"RUS","ADM1NAME":"Primor'ye","ISO_A2":"RU","NOTE":null,"LATITUDE":45.474755,"LONGITUDE":133.429778,"POP_MAX":41778,"POP_MIN":36705,"POP_OTHER":35832,"RANK_MAX":7,"RANK_MIN":7,"MEGANAME":null,"LS_NAME":"Lesozavodsk","MAX_POP10":36705,"MAX_POP20":36705,"MAX_POP50":0,"MAX_POP300":0,"MAX_POP310":0,"MAX_NATSCA":20,"MIN_AREAKM":36,"MAX_AREAKM":36,"MIN_AREAMI":14,"MAX_AREAMI":14,"MIN_PERKM":43,"MAX_PERKM":43,"MIN_PERMI":27,"MAX_PERMI":27,"MIN_BBXMIN":133.341667,"MAX_BBXMIN":133.341667,"MIN_BBXMAX":133.458333,"MAX_BBXMAX":133.458333,"MIN_BBYMIN":45.425,"MAX_BBYMIN":45.425,"MIN_BBYMAX":45.508333,"MAX_BBYMAX":45.508333,"MEAN_BBXC":133.40125,"MEAN_BBYC":45.469861,"TIMEZONE":"Asia/Vladivostok","UN_FID":0,"POP1950":0,"POP1955":0,"POP1960":0,"POP1965":0,"POP1970":0,"POP1975":0,"POP1980":0,"POP1985":0,"POP1990":0,"POP1995":0,"POP2000":0,"POP2005":0,"POP2010":0,"POP2015":0,"POP2020":0,"POP2025":0,"POP2050":0,"MIN_ZOOM":6.0,"WIKIDATAID":"Q157478","WOF_ID":102015331,"CAPALT":0,"NAME_EN":"Lesozavodsk","NAME_DE":"Lessosawodsk","NAME_ES":"Lesozavodsk","NAME_FR":"Lessozavodsk","NAME_PT":"Lesozavodsk","NAME_RU":"Лесозаводск","NAME_ZH":"列索扎沃茨克","LABEL":null,"NAME_AR":"لسوزافودسك","NAME_BN":"লেসোজাভোদস্ক","NAME_EL":"Λεσοζαβόντσκ","NAME_HI":"लेसोजवोद्सक","NAME_HU":"Leszozavodszk","NAME_ID":"Lesozavodsk","NAME_IT":"Lesozavodsk","NAME_JA":"レソザヴォーツク","NAME_KO":"레소자보츠크","NAME_NL":"Lesozavodsk","NAME_PL":"Lesozawodzk","NAME_SV":"Lesozavodsk","NAME_TR":"Lesozavodsk","NAME_VI":"Lesozavodsk","NE_ID":1159146699,"NAME_FA":"لسوزاودسک","NAME_HE":"לסוזבודסק","NAME_UK":"Лісозаводськ","NAME_UR":"لیسوزاوو","NAME_ZHT":"列索扎沃茨克","GEONAMESID":2020812,"FCLASS_ISO":null,"FCLASS_US":null,"FCLASS_FR":null,"FCLASS_RU":null,"FCLASS_ES":null,"FCLASS_CN":null,"FCLASS_TW":null,"FCLASS_IN":null,"FCLASS_NP":null,"FCLASS_PK":null,"FCLASS_DE":null,"FCLASS_GB":null,"FCLASS_BR":null,"FCLASS_IL":null,"FCLASS_PS":null,"FCLASS_SA":null,"FCLASS_EG":null,"FCLASS_MA":null,"FCLASS_PT":null,"FCLASS_AR":null,"FCLASS_JP":null,"FCLASS_KO":null,"FCLASS_VN":null,"FCLASS_TR":null,"FCLASS_ID":null,"FCLASS_PL":null,"FCLASS_GR":null,"FCLASS_IT":null,"FCLASS_NL":null,"FCLASS_SE":null,"FCLASS_BD":null,"FCLASS_UA":null,"FCLASS_TLC":null},"geometry":{"type":"Point","coordinates":[133.429777800000011,45.4747553]}},
{"type":"Feature","properties":{"SCALERANK":6,"NATSCALE":30,"LABELRANK":2,"FEATURECLA":"Populated place","NAME":"Neryungri","NAMEPAR":null,"NAMEALT":null,"NAMEASCII":"Neryungri","ADM0CAP":0,"CAPIN":null,"WORLDCITY":0,"MEGACITY":0,"SOV0NAME":"Russia","SOV_A3":"RUS","ADM0NAME":"Russia","ADM0_A3":"RUS","ADM1NAME":"Sakha (Yakutia)","ISO_A2":"RU","NOTE":null,"LATITUDE":56.674046,"LONGITUDE":124.710362,"POP_MAX":66320,"POP_MIN":408,"POP_OTHER":0,"RANK_MAX":8,"RANK_MIN":2,"MEGANAME":null,"LS_NAME":"Neryungri","MAX_POP10":408,"MAX_POP20":0,"MAX_POP50":0,"MAX_POP300":0,"MAX_POP310":0,"MAX_NATSCA":10,"MIN_AREAKM":1,"MAX_AREAKM":1,"MIN_AREAMI":1,"MAX_AREAMI":1,"MIN_PERKM":7,"MAX_PERKM":7,"MIN_PERMI":4,"MAX_PERMI":4,"MIN_BBXMIN":124.7,"MAX_BBXMIN":124.7,"MIN_BBXMAX":124.725,"MAX_BBXMAX":124.725,"MIN_BBYMIN":56.658333,"MAX_BBYMIN":56.658333,"MIN_BBYMAX":56.666667,"MAX_BBYMAX":56.666667,"MEAN_BBXC":124.7125,"MEAN_BBYC":56.6625,"TIMEZONE":"Asia/Yakutsk","UN_FID":0,"POP1950":0,"POP1955":0,"POP1960":0,"POP1965":0,"POP1970":0,"POP1975":0,"POP1980":0,"POP1985":0,"POP1990":0,"POP1995":0,"POP2000":0,"POP2005":0,"POP2010":0,"POP2015":0,"POP2020":0,"POP2025":0,"POP2050":0,"MIN_ZOOM":6.0,"WIKIDATAID":"Q172470","WOF_ID":890480509,"CAPALT":0,"NAME_EN":"Neryungri","NAME_DE":"Nerjungri","NAME_ES":"Nériungri","NAME_FR":"Nerioungri","NAME_PT":"Neryungri","NAME_RU":"Нерюнгри","NAME_ZH":"涅留恩格里","LABEL":null,"NAME_AR":"نريونغري","NAME_BN":"নেরিউংরি","NAME_EL":"Νεριούνγκρι","NAME_HI":"नेरीयूंगरी","NAME_HU":"Nyerjungri","NAME_ID":"Neryungri","NAME_IT":"Nerjungri","NAME_JA":"ネリュングリ","NAME_KO":"네륜그리","NAME_NL":"Nerjoengri","NAME_PL":"Neriungri","NAME_SV":"Nerjungri","NAME_TR":"Neryungri","NAME_VI":"Neryungri","NE_ID":1159146721,"NAME_FA":"نریونگری","NAME_HE":"נריונגרי","NAME_UK":"Нерюнгрі","NAME_UR":"نیریونگری","NAME_ZHT":"涅留恩格里","GEONAMESID":2019309,"FCLASS_ISO":null,"FCLASS_US":null,"FCLASS_FR":null,"FCLASS_RU":null,"FCLASS_ES":null,"FCLASS_CN":null,"FCLASS_TW":null,"FCLASS_IN":null,"FCLASS_NP":null,"FCLASS_PK":null,"FCLASS_DE":null,"FCLASS_GB":null,"FCLASS_BR":null,"FCLASS_IL":null,"FCLASS_PS":null,"FCLASS_SA":null,"FCLASS_EG":null,"FCLASS_MA":null,"FCLASS_PT":null,"FCLASS_AR":null,"FCLASS_JP":null,"FCLASS_KO":null,"FCLASS_VN":null,"FCLASS_TR":null,"FCLASS_ID":null,"FCLASS_PL":null,"FCLASS_GR":null,"FCLASS_IT":null,"FCLASS_NL":null,"FCLASS_SE":null,"FCLASS_BD":null,"FCLASS_UA":null,"FCLASS_TLC":null},"geometry":{"type":"Point","coordinates":[124.7103617,56.6740458]}},
{"type":"Feature","properties":{"SCALERANK":6,"NATSCALE":30,"LABELRANK":2,"FEATURECLA":"Admin-1 capital","NAME":"Birobidzhan","NAMEPAR":null,"NAMEALT":null,"NAMEASCII":"Birobidzhan","ADM0CAP":0,"CAPIN":null,"WORLDCITY":0,"MEGACITY":0,"SOV0NAME":"Russia","SOV_A3":"RUS","ADM0NAME":"Russia","ADM0_A3":"RUS","ADM1NAME":"Yevrey","ISO_A2":"RU","NOTE":null,"LATITUDE":48.797421,"LONGITUDE":132.950789,"POP_MAX":76146,"POP_MIN":73899,"POP_OTHER":72003,"RANK_MAX":8,"RANK_MIN":8,"MEGANAME":null,"LS_NAME":"Birobidzhan","MAX_POP10":73899,"MAX_POP20":73899,"MAX_POP50":0,"MAX_POP300":0,"MAX_POP310":0,"MAX_NATSCA":20,"MIN_AREAKM":58,"MAX_AREAKM":58,"MIN_AREAMI":23,"MAX_AREAMI":23,"MIN_PERKM":62,"MAX_PERKM":62,"MIN_PERMI":39,"MAX_PERMI":39,"MIN_BBXMIN":132.85,"MAX_BBXMIN":132.85,"MIN_BBXMAX":132.991667,"MAX_BBXMAX":132.991667,"MIN_BBYMIN":48.733333,"MAX_BBYMIN":48.733333,"MIN_BBYMAX":48.833333,"MAX_BBYMAX":48.833333,"MEAN_BBXC":132.921723,"MEAN_BBYC":48.780623,"TIMEZONE":"Asia/Vladivostok","UN_FID":0,"POP1950":0,"POP1955":0,"POP1960":0,"POP1965":0,"POP1970":0,"POP1975":0,"POP1980":0,"POP1985":0,"POP1990":0,"POP1995":0,"POP2000":0,"POP2005":0,"POP2010":0,"POP2015":0,"POP2020":0,"POP2025":0,"POP2050":0,"MIN_ZOOM":6.0,"WIKIDATAID":"Q7769","WOF_ID":102015229,"CAPALT":0,"NAME_EN":"Birobidzhan","NAME_DE":"Birobidschan","NAME_ES":"Birobidzhán","NAME_FR":"Birobidjan","NAME_PT":"Birobidjan","NAME_RU":"Биробиджан","NAME_ZH":"比罗比詹","LABEL":null,"NAME_AR":"بيروبيجان","NAME_BN":"বি্রুবিডজাহা","NAME_EL":"Μπιρομπιτζάν","NAME_HI":"बिरोबिदजान","NAME_HU":"Birobidzsan","NAME_ID":"Birobidzhan","NAME_IT":"Birobidžan","NAME_JA":"ビロビジャン","NAME_KO":"비로비잔","NAME_NL":"Birobidzjan","NAME_PL":"Birobidżan","NAME_SV":"Birobidzjan","NAME_TR":"Birobican","NAME_VI":"Birobidzhan","NE_ID":1159146751,"NAME_FA":"بیروبیجان","NAME_HE":"בירוביג'ן","NAME_UK":"Біробіджан","NAME_UR":"بیروبیجان","NAME_ZHT":"比罗比詹","GEONAMESID":2026643,"FCLASS_ISO":null,"FCLASS_US":null,"FCLASS_FR":null,"FCLASS_RU":null,"FCLASS_ES":null,"FCLASS_CN":null,"FCLASS_TW":null,"FCLASS_IN":null,"FCLASS_NP":null,"FCLASS_PK":null,"FCLASS_DE":null,"FCLASS_GB":null,"FCLASS_BR":null,"FCLASS_IL":null,"FCLASS_PS":null,"FCLASS_SA":null,"FCLASS_EG":null,"FCLASS_MA":null,"FCLASS_PT":null,"FCLASS_AR":null,"FCLASS_JP":null,"FCLASS_KO":null,"FCLASS_VN":null,"FCLASS_TR":null,"FCLASS_ID":null,"FCLASS_PL":null,"FCLASS_GR":null,"FCLASS_IT":null,"FCLASS_NL":null,"FCLASS_SE":null,"FCLASS_BD":null,"FCLASS_UA":null,"FCLASS_TLC":null},"geometry":{"type":"Point","coordinates":[132.9507889,48.7974207]}},
{"type":"Feature","properties":{"SCALERANK":6,"NATSCALE":30,"LABELRANK":2,"FEATURECLA":"Admin-1 capital","NAME":"Komsomolsk na Amure","NAMEPAR":null,"NAMEALT":null,"NAMEASCII":"Komsomolsk na Amure","ADM0CAP":0,"CAPIN":null,"WORLDCITY":0,"MEGACITY":0,"SOV0NAME":"Russia","SOV_A3":"RUS","ADM0NAME":"Russia","ADM0_A3":"RUS","ADM1NAME":"Khabarovsk","ISO_A2":"RU","NOTE":null,"LATITUDE":50.554988,"LONGITUDE":137.019998,"POP_MAX":275908,"POP_MIN":252840,"POP_OTHER":245706,"RANK_MAX":10,"RANK_MIN":10,"MEGANAME":null,"LS_NAME":"Komsomolsk na Amure","MAX_POP10":252840,"MAX_POP20":0,"MAX_POP50":0,"MAX_POP300":0,"MAX_POP310":0,"MAX_NATSCA":10,"MIN_AREAKM":115,"MAX_AREAKM":115,"MIN_AREAMI":44,"MAX_AREAMI":44,"MIN_PERKM":108,"MAX_PERKM":108,"MIN_PERMI":67,"MAX_PERMI":67,"MIN_BBXMIN":136.9,"MAX_BBXMIN":136.9,"MIN_BBXMAX":137.15,"MAX_BBXMAX":137.15,"MIN_BBYMIN":50.516667,"MAX_BBYMIN":50.516667,"MIN_BBYMAX":50.633333,"MAX_BBYMAX":50.633333,"MEAN_BBXC":137.019286,"MEAN_BBYC":50.577183,"TIMEZONE":"Asia/Vladivostok","UN_FID":0,"POP1950":0,"POP1955":0,"POP1960":0,"POP1965":0,"POP1970":0,"POP1975":0,"POP1980":0,"POP1985":0,"POP1990":0,"POP1995":0,"POP2000":0,"POP2005":0,"POP2010":0,"POP2015":0,"POP2020":0,"POP2025":0,"POP2050":0,"MIN_ZOOM":6.0,"WIKIDATAID":"Q154801","WOF_ID":102015409,"CAPALT":0,"NAME_EN":"Komsomolsk-on-Amur","NAME_DE":"Komsomolsk am Amur","NAME_ES":"Komsomolsk del Amur","NAME_FR":"Komsomolsk-sur-l'Amour","NAME_PT":"Komsomolsk-na-Amure","NAME_RU":"Комсомольск-на-Амуре","NAME_ZH":"阿穆尔河畔共青城","LABEL":null,"NAME_AR":"كومسومولسك-نا-أموري","NAME_BN":"কমসোমোলস্ক অন আমোর","NAME_EL":"Κομσομόλσκ ον Αμούρ","NAME_HI":"कोम्सोमोल्स्क-ऑन-अमूर","NAME_HU":"Komszomolszk-na-Amure","NAME_ID":"Komsomolsk-on-Amur","NAME_IT":"Komsomol'sk-na-Amure","NAME_JA":"コムソモリスク・ナ・アムーレ","NAME_KO":"콤소몰스크나아무레","NAME_NL":"Komsomolsk aan de Amoer","NAME_PL":"Komsomolsk nad Amurem","NAME_SV":"Komsomolsk-na-Amure","NAME_TR":"Komsomolsk-na-Amure","NAME_VI":"Komsomolsk-na-Amure","NE_ID":1159146759,"NAME_FA":"کامسامولسک بر آمور","NAME_HE":"קומסומולסק על אמור","NAME_UK":"Комсомольськ-на-Амурі","NAME_UR":"کومسومولسک نا آمور","NAME_ZHT":"阿穆尔河畔共青城","GEONAMESID":2021851,"FCLASS_ISO":null,"FCLASS_US":null,"FCLASS_FR":null,"FCLASS_RU":null,"FCLASS_ES":null,"FCLASS_CN":null,"FCLASS_TW":null,"FCLASS_IN":null,"FCLASS_NP":null,"FCLASS_PK":null,"FCLASS_DE":null,"FCLASS_GB":null,"FCLASS_BR":null,"FCLASS_IL":null,"FCLASS_PS":null,"FCLASS_SA":null,"FCLASS_EG":null,"FCLASS_MA":null,"FCLASS_PT":null,"FCLASS_AR":null,"FCLASS_JP":null,"FCLASS_KO":null,"FCLASS_VN":null,"FCLASS_TR":null,"FCLASS_ID":null,"FCLASS_PL":null,"FCLASS_GR":null,"FCLASS_IT":null,"FCLASS_NL":null,"FCLASS_SE":null,"FCLASS_BD":null,"FCLASS_UA":null,"FCLASS_TLC":null},"geometry":{"type":"Point","coordinates":[137.0199979,50.5549878]}},
{"type":"Feature","properties":{"SCALERANK":6,"NATSCALE":30,"LABELRANK":6,"FEATURECLA":"Admin-1 capital","NAME":"Chongjin","NAMEPAR":null,"NAMEALT":"Ch'ongjin","NAMEASCII":"Chongjin","ADM0CAP":0,"CAPIN":null,"WORLDCITY":0,"MEGACITY":0,"SOV0NAME":"Korea, North","SOV_A3":"PRK","ADM0NAME":"North Korea","ADM0_A3":"PRK","ADM1NAME":"Hamgyong-bukto","ISO_A2":"KP","NOTE":null,"LATITUDE":41.784619,"LONGITUDE":129.79,"POP_MAX":672614,"POP_MIN":327000,"POP_OTHER":671992,"RANK_MAX":11,"RANK_MIN":10,"MEGANAME":null,"LS_NAME":"Chongjin","MAX_POP10":672614,"MAX_POP20":672614,"MAX_POP50":0,"MAX_POP300":0,"MAX_POP310":0,"MAX_NATSCA":20,"MIN_AREAKM":81,"MAX_AREAKM":81,"MIN_AREAMI":31,"MAX_AREAMI":31,"MIN_PERKM":90,"MAX_PERKM":90,"MIN_PERMI":56,"MAX_PERMI":56,"MIN_BBXMIN":129.65,"MAX_BBXMIN":129.65,"MIN_BBXMAX":129.85,"MAX_BBXMAX":129.85,"MIN_BBYMIN":41.7,"MAX_BBYMIN":41.7,"MIN_BBYMAX":41.85,"MAX_BBYMAX":41.85,"MEAN_BBXC":129.748413,"MEAN_BBYC":41.768783,"TIMEZONE":"Asia/Pyongyang","UN_FID":0,"POP1950":0,"POP1955":0,"POP1960":0,"POP1965":0,"POP1970":0,"POP1975":0,"POP1980":0,"POP1985":0,"POP1990":0,"POP1995":0,"POP2000":0,"POP2005":0,"POP2010":0,"POP2015":0,"POP2020":0,"POP2025":0,"POP2050":0,"MIN_ZOOM":6.0,"WIKIDATAID":"Q109336","WOF_ID":1141908589,"CAPALT":0,"NAME_EN":"Chongjin","NAME_DE":"Ch’ŏngjin","NAME_ES":"Ch'ŏngjin","NAME_FR":"Ch'ŏngjin","NAME_PT":"Chongjin","NAME_RU":"Чхонджин","NAME_ZH":"清津","LABEL":null,"NAME_AR":"تشونغجين","NAME_BN":"চোংজিন","NAME_EL":"Τσονγκτζίν","NAME_HI":"चोंग्जिन","NAME_HU":"Cshongdzsin","NAME_ID":"Chongjin","NAME_IT":"Chongjin","NAME_JA":"清津市","NAME_KO":"청진시","NAME_NL":"Ch'ŏngjin","NAME_PL":"Ch'ŏngjin","NAME_SV":"Chongjin","NAME_TR":"Chongjin","NAME_VI":"Chongjin","NE_ID":1159146827,"NAME_FA":"چونگجین","NAME_HE":"צ'ונגג'ין","NAME_UK":"Чхонджін","NAME_UR":"چونگجن","NAME_ZHT":"清津市","GEONAMESID":2044757,"FCLASS_ISO":null,"FCLASS_US":null,"FCLASS_FR":null,"FCLASS_RU":null,"FCLASS_ES":null,"FCLASS_CN":null,"FCLASS_TW":null,"FCLASS_IN":null,"FCLASS_NP":null,"FCLASS_PK":null,"FCLASS_DE":null,"FCLASS_GB":null,"FCLASS_BR":null,"FCLASS_IL":null,"FCLASS_PS":null,"FCLASS_SA":null,"FCLASS_EG":null,"FCLASS_MA":null,"FCLASS_PT":null,"FCLASS_AR":null,"FCLASS_JP":null,"FCLASS_KO":null,"FCLASS_VN":null,"FCLASS_TR":null,"FCLASS_ID":null,"FCLASS_PL":null,"FCLASS_GR":null,"FCLASS_IT":null,"FCLASS_NL":null,"FCLASS_SE":null,"FCLASS_BD":null,"FCLASS_UA":null,"FCLASS_TLC":null},"geometry":{"type":"Point","coordinates":[129.79,41.7846188]}},
{"type":"Feature","properties":{"SCALERANK":6,"NATSCALE":30,"LABELRANK":6,"FEATURECLA":"Populated place","NAME":"Kimchaek","NAMEPAR":null,"NAMEALT":null,"NAMEASCII":"Kimchaek","ADM0CAP":0,"CAPIN":null,"WORLDCITY":0,"MEGACITY":0,"SOV0NAME":"Korea, North","SOV_A3":"PRK","ADM0NAME":"North Korea","ADM0_A3":"PRK","ADM1NAME":"Hamgyong-bukto","ISO_A2":"KP","NOTE":null,"LATITUDE":40.672309,"LONGITUDE":129.202749,"POP_MAX":187270,"POP_MIN":187270,"POP_OTHER":187117,"RANK_MAX":9,"RANK_MIN":9,"MEGANAME":null,"LS_NAME":"Kimchaek","MAX_POP10":187270,"MAX_POP20":187270,"MAX_POP50":187270,"MAX_POP300":0,"MAX_POP310":0,"MAX_NATSCA":50,"MIN_AREAKM":44,"MAX_AREAKM":44,"MIN_AREAMI":17,"MAX_AREAMI":17,"MIN_PERKM":63,"MAX_PERKM":63,"MIN_PERMI":39,"MAX_PERMI":39,"MIN_BBXMIN":129.141667,"MAX_BBXMIN":129.141667,"MIN_BBXMAX":129.25,"MAX_BBXMAX":129.25,"MIN_BBYMIN":40.641667,"MAX_BBYMIN":40.641667,"MIN_BBYMAX":40.75,"MAX_BBYMAX":40.75,"MEAN_BBXC":129.194608,"MEAN_BBYC":40.700123,"TIMEZONE":null,"UN_FID":0,"POP1950":0,"POP1955":0,"POP1960":0,"POP1965":0,"POP1970":0,"POP1975":0,"POP1980":0,"POP1985":0,"POP1990":0,"POP1995":0,"POP2000":0,"POP2005":0,"POP2010":0,"POP2015":0,"POP2020":0,"POP2025":0,"POP2050":0,"MIN_ZOOM":6.0,"WIKIDATAID":"Q714873","WOF_ID":1141908591,"CAPALT":0,"NAME_EN":"Kimchaek","NAME_DE":"Kimch’aek","NAME_ES":"Kimch'aek","NAME_FR":"Kimch'aek","NAME_PT":"Kimchaek","NAME_RU":"Кимчхэк","NAME_ZH":"金策","LABEL":null,"NAME_AR":"كيمتشايك","NAME_BN":"কিমচায়েক","NAME_EL":"Κίμτσεκ","NAME_HI":"किमचाएक","NAME_HU":"Kim Cshek-város","NAME_ID":"Kimchaek","NAME_IT":"Kimch'aek","NAME_JA":"金策市","NAME_KO":"김책시","NAME_NL":"Kimch'aek","NAME_PL":"Kimch'aek","NAME_SV":"Kimchaek","NAME_TR":"Kimchaek","NAME_VI":"Kimchaek","NE_ID":1159146829,"NAME_FA":"کیمچائک","NAME_HE":"קימצ'אק","NAME_UK":"Кімчхек","NAME_UR":"کمچائک","NAME_ZHT":"金策市","GEONAMESID":-1,"FCLASS_ISO":null,"FCLASS_US":null,"FCLASS_FR":null,"FCLASS_RU":null,"FCLASS_ES":null,"FCLASS_CN":null,"FCLASS_TW":null,"FCLASS_IN":null,"FCLASS_NP":null,"FCLASS_PK":null,"FCLASS_DE":null,"FCLASS_GB":null,"FCLASS_BR":null,"FCLASS_IL":null,"FCLASS_PS":null,"FCLASS_SA":null,"FCLASS_EG":null,"FCLASS_MA":null,"FCLASS_PT":null,"FCLASS_AR":null,"FCLASS_JP":null,"FCLASS_KO":null,"FCLASS_VN":null,"FCLASS_TR":null,"FCLASS_ID":null,"FCLASS_PL":null,"FCLASS_GR":null,"FCLASS_IT":null,"FCLASS_NL":null,"FCLASS_SE":null,"FCLASS_BD":null,"FCLASS_UA":null,"FCLASS_TLC":null},"geometry":{"type":"Point","coordinates":[129.202749,40.6723094]}},
{"type":"Feature","properties":{"SCALERANK":6,"NATSCALE":30,"LABELRANK":6,"FEATURECLA":"Admin-1 capital","NAME":"Hamhung","NAMEPAR":null,"NAMEALT":null,"NAMEASCII":"Hamhung","ADM0CAP":0,"CAPIN":null,"WORLDCITY":0,"MEGACITY":1,"SOV0NAME":"Korea, North","SOV_A3":"PRK","ADM0NAME":"North Korea","ADM0_A3":"PRK","ADM1NAME":"Hamgyong-namdo","ISO_A2":"KP","NOTE":null,"LATITUDE":39.912002,"LONGITUDE":127.543488,"POP_MAX":773000,"POP_MIN":418341,"POP_OTHER":395250,"RANK_MAX":11,"RANK_MIN":10,"MEGANAME":"Hamhung","LS_NAME":"Hamhung","MAX_POP10":418341,"MAX_POP20":0,"MAX_POP50":0,"MAX_POP300":0,"MAX_POP310":0,"MAX_NATSCA":10,"MIN_AREAKM":74,"MAX_AREAKM":74,"MIN_AREAMI":28,"MAX_AREAMI":28,"MIN_PERKM":98,"MAX_PERKM":98,"MIN_PERMI":61,"MAX_PERMI":61,"MIN_BBXMIN":127.475,"MAX_BBXMIN":127.475,"MIN_BBXMAX":127.59394,"MAX_BBXMAX":127.59394,"MIN_BBYMIN":39.841667,"MAX_BBYMIN":39.841667,"MIN_BBYMAX":40.008333,"MAX_BBYMAX":40.008333,"MEAN_BBXC":127.536518,"MEAN_BBYC":39.915267,"TIMEZONE":"Asia/Pyongyang","UN_FID":325,"POP1950":169,"POP1955":219,"POP1960":285,"POP1965":370,"POP1970":451,"POP1975":518,"POP1980":594,"POP1985":669,"POP1990":705,"POP1995":712,"POP2000":732,"POP2005":762,"POP2010":773,"POP2015":788,"POP2020":818,"POP2025":851,"POP2050":882,"MIN_ZOOM":6.0,"WIKIDATAID":"Q109356","WOF_ID":890442051,"CAPALT":0,"NAME_EN":"Hamhung","NAME_DE":"Hamhŭng","NAME_ES":"Hamhung","NAME_FR":"Hamhŭng","NAME_PT":"Hamhung","NAME_RU":"Хамхын","NAME_ZH":"咸兴","LABEL":null,"NAME_AR":"هامهنغ","NAME_BN":"হ্যামহুং","NAME_EL":"Χάμχουνγκ","NAME_HI":"हमहुंग","NAME_HU":"Hamhung","NAME_ID":"Hamhung","NAME_IT":"Hamhŭng","NAME_JA":"咸興市","NAME_KO":"함흥시","NAME_NL":"Hamhŭng","NAME_PL":"Hamhŭng","NAME_SV":"Hamhung","NAME_TR":"Hamhung","NAME_VI":"Hamhung","NE_ID":1159146831,"NAME_FA":"هامهونگ","NAME_HE":"המהונג","NAME_UK":"Хамхин","NAME_UR":"ہامہونگ","NAME_ZHT":"咸興市","GEONAMESID":1877449,"FCLASS_ISO":null,"FCLASS_US":null,"FCLASS_FR":null,"FCLASS_RU":null,"FCLASS_ES":null,"FCLASS_CN":null,"FCLASS_TW":null,"FCLASS_IN":null,"FCLASS_NP":null,"FCLASS_PK":null,"FCLASS_DE":null,"FCLASS_GB":null,"FCLASS_BR":null,"FCLASS_IL":null,"FCLASS_PS":null,"FCLASS_SA":null,"FCLASS_EG":null,"FCLASS_MA":null,"FCLASS_PT":null,"FCLASS_AR":null,"FCLASS_JP":null,"FCLASS_KO":null,"FCLASS_VN":null,"FCLASS_TR":null,"FCLASS_ID":null,"FCLASS_PL":null,"FCLASS_GR":null,"FCLASS_IT":null,"FCLASS_NL":null,"FCLASS_SE":null,"FCLASS_BD":null,"FCLASS_UA":null,"FCLASS_TLC":null},"geometry":{"type":"Point","coordinates":[127.5434883,39.912002]}},
{"type":"Feature","properties":{"SCALERANK":6,"NATSCALE":30,"LABELRANK":7,"FEATURECLA":"Admin-1 capital","NAME":"Baruun-Urt","NAMEPAR":null,"NAMEALT":"Baruun Urt","NAMEASCII":"Baruun Urt","ADM0CAP":0,"CAPIN":null,"WORLDCITY":0,"MEGACITY":0,"SOV0NAME":"Mongolia","SOV_A3":"MNG","ADM0NAME":"Mongolia","ADM0_A3":"MNG","ADM1NAME":"Sühbaatar","ISO_A2":"MN","NOTE":null,"LATITUDE":46.699978,"LONGITUDE":113.283307,"POP_MAX":15805,"POP_MIN":15805,"POP_OTHER":0,"RANK_MAX":6,"RANK_MIN":6,"MEGANAME":null,"LS_NAME":null,"MAX_POP10":0,"MAX_POP20":0,"MAX_POP50":0,"MAX_POP300":0,"MAX_POP310":0,"MAX_NATSCA":0,"MIN_AREAKM":0,"MAX_AREAKM":0,"MIN_AREAMI":0,"MAX_AREAMI":0,"MIN_PERKM":0,"MAX_PERKM":0,"MIN_PERMI":0,"MAX_PERMI":0,"MIN_BBXMIN":0.0,"MAX_BBXMIN":0.0,"MIN_BBXMAX":0.0,"MAX_BBXMAX":0.0,"MIN_BBYMIN":0.0,"MAX_BBYMIN":0.0,"MIN_BBYMAX":0.0,"MAX_BBYMAX":0.0,"MEAN_BBXC":0.0,"MEAN_BBYC":0.0,"TIMEZONE":"Asia/Ulaanbaatar","UN_FID":0,"POP1950":0,"POP1955":0,"POP1960":0,"POP1965":0,"POP1970":0,"POP1975":0,"POP1980":0,"POP1985":0,"POP1990":0,"POP1995":0,"POP2000":0,"POP2005":0,"POP2010":0,"POP2015":0,"POP2020":0,"POP2025":0,"POP2050":0,"MIN_ZOOM":6.0,"WIKIDATAID":"Q809657","WOF_ID":421191717,"CAPALT":0,"NAME_EN":"Baruun-Urt","NAME_DE":"Baruun-Urt","NAME_ES":"Baruun-Urt","NAME_FR":"Baruun-Urt","NAME_PT":"Baruun-Urt","NAME_RU":"Баруун-Урт","NAME_ZH":"西乌尔特县","LABEL":null,"NAME_AR":"بارون-اورت","NAME_BN":"বারুন-উর্ত","NAME_EL":"Μπαρούουν-Ούρτ","NAME_HI":"बरून-उर्त","NAME_HU":"Barún-Urt","NAME_ID":"Baruun-Urt","NAME_IT":"Baruun-Urt","NAME_JA":"バルーン・ウルト","NAME_KO":"바론오르트","NAME_NL":"Baruun-Urt","NAME_PL":"Baruun-Urt","NAME_SV":"Baruun-Urt","NAME_TR":"Barun-Urt","NAME_VI":"Baruun-Urt","NE_ID":1159146859,"NAME_FA":"بارون-یورت","NAME_HE":"בארון אורט","NAME_UK":"Баруун-Урт","NAME_UR":"باروون-اورت","NAME_ZHT":"西烏爾特縣","GEONAMESID":2032614,"FCLASS_ISO":null,"FCLASS_US":null,"FCLASS_FR":null,"FCLASS_RU":null,"FCLASS_ES":null,"FCLASS_CN":null,"FCLASS_TW":null,"FCLASS_IN":null,"FCLASS_NP":null,"FCLASS_PK":null,"FCLASS_DE":null,"FCLASS_GB":null,"FCLASS_BR":null,"FCLASS_IL":null,"FCLASS_PS":null,"FCLASS_SA":null,"FCLASS_EG":null,"FCLASS_MA":null,"FCLASS_PT":null,"FCLASS_AR":null,"FCLASS_JP":null,"FCLASS_KO":null,"FCLASS_VN":null,"FCLASS_TR":null,"FCLASS_ID":null,"FCLASS_PL":null,"FCLASS_GR":null,"FCLASS_IT":null,"FCLASS_NL":null,"FCLASS_SE":null,"FCLASS_BD":null,"FCLASS_UA":null,"FCLASS_TLC":null},"geometry":{"type":"Point","coordinates":[113.2833073,46.6999776]}},
{"type":"Feature","properties":{"SCALERANK":6,"NATSCALE":30,"LABELRANK":1,"FEATURECLA":"Populated place","NAME":"Tumen","NAMEPAR":null,"NAMEALT":null,"NAMEASCII":"Tumen","ADM0CAP":0,"CAPIN":null,"WORLDCITY":0,"MEGACITY":0,"SOV0NAME":"China","SOV_A3":"CHN","ADM0NAME":"China","ADM0_A3":"CHN","ADM1NAME":"Jilin","ISO_A2":"CN","NOTE":null,"LATITUDE":42.969999,"LONGITUDE":129.820076,"POP_MAX":99721,"POP_MIN":78719,"POP_OTHER":99721,"RANK_MAX":8,"RANK_MIN":8,"MEGANAME":null,"LS_NAME":"Tumen","MAX_POP10":99721,"MAX_POP20":99721,"MAX_POP50":99721,"MAX_POP300":0,"MAX_POP310":0,"MAX_NATSCA":50,"MIN_AREAKM":16,"MAX_AREAKM":16,"MIN_AREAMI":6,"MAX_AREAMI":6,"MIN_PERKM":24,"MAX_PERKM":24,"MIN_PERMI":15,"MAX_PERMI":15,"MIN_BBXMIN":129.816667,"MAX_BBXMIN":129.816667,"MIN_BBXMAX":129.866667,"MAX_BBXMAX":129.866667,"MIN_BBYMIN":42.941667,"MAX_BBYMIN":42.941667,"MIN_BBYMAX":42.991667,"MAX_BBYMAX":42.991667,"MEAN_BBXC":129.841167,"MEAN_BBYC":42.9655,"TIMEZONE":"Asia/Harbin","UN_FID":0,"POP1950":0,"POP1955":0,"POP1960":0,"POP1965":0,"POP1970":0,"POP1975":0,"POP1980":0,"POP1985":0,"POP1990":0,"POP1995":0,"POP2000":0,"POP2005":0,"POP2010":0,"POP2015":0,"POP2020":0,"POP2025":0,"POP2050":0,"MIN_ZOOM":6.0,"WIKIDATAID":"Q713323","WOF_ID":890514683,"CAPALT":0,"NAME_EN":"Tumen","NAME_DE":"Tumen","NAME_ES":"Ciudad de Tumen","NAME_FR":"Tumen","NAME_PT":"Tumen","NAME_RU":"Тумэнь","NAME_ZH":"图们","LABEL":null,"NAME_AR":"تومين","NAME_BN":"তুমেন","NAME_EL":"Τουμέν","NAME_HI":"तुमेन","NAME_HU":"Tumen","NAME_ID":"Tumen","NAME_IT":"Tumen","NAME_JA":"図們市","NAME_KO":"투먼시","NAME_NL":"Tumen","NAME_PL":"Tumen","NAME_SV":"Tumen","NAME_TR":"Tumen","NAME_VI":"Đồ Môn","NE_ID":1159147117,"NAME_FA":"تومن","NAME_HE":"טומן","NAME_UK":"Тумень","NAME_UR":"تومین","NAME_ZHT":"圖們市","GEONAMESID":2034340,"FCLASS_ISO":null,"FCLASS_US":null,"FCLASS_FR":null,"FCLASS_RU":null,"FCLASS_ES":null,"FCLASS_CN":null,"FCLASS_TW":null,"FCLASS_IN":null,"FCLASS_NP":null,"FCLASS_PK":null,"FCLASS_DE":null,"FCLASS_GB":null,"FCLASS_BR":null,"FCLASS_IL":null,"FCLASS_PS":null,"FCLASS_SA":null,"FCLASS_EG":null,"FCLASS_MA":null,"FCLASS_PT":null,"FCLASS_AR":null,"FCLASS_JP":null,"FCLASS_KO":null,"FCLASS_VN":null,"FCLASS_TR":null,"FCLASS_ID":null,"FCLASS_PL":null,"FCLASS_GR":null,"FCLASS_IT":null,"FCLASS_NL":null,"FCLASS_SE":null,"FCLASS_BD":null,"FCLASS_UA":null,"FCLASS_TLC":null},"geometry":{"type":"Point","coordinates":[129.8200756,42.9699986]}},
{"type":"Feature","properties":{"SCALERANK":6,"NATSCALE":30,"LABELRANK":1,"FEATURECLA":"Populated place","NAME":"Arxan","NAMEPAR":null,"NAMEALT":null,"NAMEASCII":"Arxan","ADM0CAP":0,"CAPIN":null,"WORLDCITY":0,"MEGACITY":0,"SOV0NAME":"China","SOV_A3":"CHN","ADM0NAME":"China","ADM0_A3":"CHN","ADM1NAME":"Nei Mongol","ISO_A2":"CN","NOTE":null,"LATITUDE":47.183307,"LONGITUDE":119.96662,"POP_MAX":32023,"POP_MIN":32023,"POP_OTHER":0,"RANK_MAX":7,"RANK_MIN":7,"MEGANAME":null,"LS_NAME":"Arxan","MAX_POP10":32023,"MAX_POP20":32023,"MAX_POP50":0,"MAX_POP300":0,"MAX_POP310":0,"MAX_NATSCA":20,"MIN_AREAKM":5,"MAX_AREAKM":5,"MIN_AREAMI":2,"MAX_AREAMI":2,"MIN_PERKM":9,"MAX_PERKM":9,"MIN_PERMI":6,"MAX_PERMI":6,"MIN_BBXMIN":119.925,"MAX_BBXMIN":119.925,"MIN_BBXMAX":119.95,"MAX_BBXMAX":119.95,"MIN_BBYMIN":47.158333,"MAX_BBYMIN":47.158333,"MIN_BBYMAX":47.183333,"MAX_BBYMAX":47.183333,"MEAN_BBXC":119.9375,"MEAN_BBYC":47.170833,"TIMEZONE":null,"UN_FID":0,"POP1950":0,"POP1955":0,"POP1960":0,"POP1965":0,"POP1970":0,"POP1975":0,"POP1980":0,"POP1985":0,"POP1990":0,"POP1995":0,"POP2000":0,"POP2005":0,"POP2010":0,"POP2015":0,"POP2020":0,"POP2025":0,"POP2050":0,"MIN_ZOOM":6.0,"WIKIDATAID":"Q717743","WOF_ID":1141908657,"CAPALT":0,"NAME_EN":"Arxan","NAME_DE":"Arxan","NAME_ES":"Arxan","NAME_FR":"Arxan","NAME_PT":"Arxan","NAME_RU":"Аршан","NAME_ZH":"阿尔山","LABEL":null,"NAME_AR":"أركسان","NAME_BN":"আরক্সান","NAME_EL":"Άρξαν","NAME_HI":"अरज़ान","NAME_HU":"Arxan","NAME_ID":"Arxan","NAME_IT":"Arxan","NAME_JA":"アルシャン市","NAME_KO":"아얼산시","NAME_NL":"Arxan","NAME_PL":"Arxan","NAME_SV":"Arxan","NAME_TR":"Arxan","NAME_VI":"Arxan","NE_ID":1159147135,"NAME_FA":"آرکزان","NAME_HE":"ארקסאן","NAME_UK":"Аршан","NAME_UR":"آرشان","NAME_ZHT":"阿尔山市","GEONAMESID":8054538,"FCLASS_ISO":null,"FCLASS_US":null,"FCLASS_FR":null,"FCLASS_RU":null,"FCLASS_ES":null,"FCLASS_CN":null,"FCLASS_TW":null,"FCLASS_IN":null,"FCLASS_NP":null,"FCLASS_PK":null,"FCLASS_DE":null,"FCLASS_GB":null,"FCLASS_BR":null,"FCLASS_IL":null,"FCLASS_PS":null,"FCLASS_SA":null,"FCLASS_EG":null,"FCLASS_MA":null,"FCLASS_PT":null,"FCLASS_AR":null,"FCLASS_JP":null,"FCLASS_KO":null,"FCLASS_VN":null,"FCLASS_TR":null,"FCLASS_ID":null,"FCLASS_PL":null,"FCLASS_GR":null,"FCLASS_IT":null,"FCLASS_NL":null,"FCLASS_SE":null,"FCLASS_BD":null,"FCLASS_UA":null,"FCLASS_TLC":null},"geometry":{"type":"Point","coordinates":[119.9666202,47.1833073]}},
{"type":"Feature","properties":{"SCALERANK":6,"NATSCALE":30,"LABELRANK":1,"FEATURECLA":"Populated place","NAME":"Manzhouli","NAMEPAR":null,"NAMEALT":null,"NAMEASCII":"Manzhouli","ADM0CAP":0,"CAPIN":null,"WORLDCITY":0,"MEGACITY":0,"SOV0NAME":"China","SOV_A3":"CHN","ADM0NAME":"China","ADM0_A3":"CHN","ADM1NAME":"Nei Mongol","ISO_A2":"CN","NOTE":null,"LATITUDE":49.599982,"LONGITUDE":117.429979,"POP_MAX":93620,"POP_MIN":54808,"POP_OTHER":0,"RANK_MAX":8,"RANK_MIN":8,"MEGANAME":null,"LS_NAME":"Manzhouli","MAX_POP10":93620,"MAX_POP20":93620,"MAX_POP50":0,"MAX_POP300":0,"MAX_POP310":0,"MAX_NATSCA":20,"MIN_AREAKM":18,"MAX_AREAKM":18,"MIN_AREAMI":7,"MAX_AREAMI":7,"MIN_PERKM":26,"MAX_PERKM":26,"MIN_PERMI":16,"MAX_PERMI":16,"MIN_BBXMIN":117.408333,"MAX_BBXMIN":117.408333,"MIN_BBXMAX":117.5,"MAX_BBXMAX":117.5,"MIN_BBYMIN":49.566667,"MAX_BBYMIN":49.566667,"MIN_BBYMAX":49.6,"MAX_BBYMAX":49.6,"MEAN_BBXC":117.452604,"MEAN_BBYC":49.583073,"TIMEZONE":"Asia/Harbin","UN_FID":0,"POP1950":0,"POP1955":0,"POP1960":0,"POP1965":0,"POP1970":0,"POP1975":0,"POP1980":0,"POP1985":0,"POP1990":0,"POP1995":0,"POP2000":0,"POP2005":0,"POP2010":0,"POP2015":0,"POP2020":0,"POP2025":0,"POP2050":0,"MIN_ZOOM":6.0,"WIKIDATAID":"Q890671","WOF_ID":102027887,"CAPALT":0,"NAME_EN":"Manchouli","NAME_DE":"Manjur","NAME_ES":"Manzhouli","NAME_FR":"Manzhouli","NAME_PT":"Manzhouli","NAME_RU":"Маньчжурия","NAME_ZH":"满洲里","LABEL":null,"NAME_AR":"مانتشولي","NAME_BN":"মানঝোউলি","NAME_EL":"Μανζουλί","NAME_HI":"मांज़ूली","NAME_HU":"Manzhouli","NAME_ID":"Manzhouli","NAME_IT":"Manzhouli","NAME_JA":"満州里市","NAME_KO":"만저우리시","NAME_NL":"Manzhouli","NAME_PL":"Manzhouli","NAME_SV":"Manzhouli","NAME_TR":"Manzhouli","NAME_VI":"Mãn Châu Lý","NE_ID":1159147137,"NAME_FA":"مانژولی","NAME_HE":"מנג'ואולי","NAME_UK":"Маньчжурія","NAME_UR":"مانژؤلی","NAME_ZHT":"滿洲里市","GEONAMESID":2035836,"FCLASS_ISO":null,"FCLASS_US":null,"FCLASS_FR":null,"FCLASS_RU":null,"FCLASS_ES":null,"FCLASS_CN":null,"FCLASS_TW":null,"FCLASS_IN":null,"FCLASS_NP":null,"FCLASS_PK":null,"FCLASS_DE":null,"FCLASS_GB":null,"FCLASS_BR":null,"FCLASS_IL":null,"FCLASS_PS":null,"FCLASS_SA":null,"FCLASS_EG":null,"FCLASS_MA":null,"FCLASS_PT":null,"FCLASS_AR":null,"FCLASS_JP":null,"FCLASS_KO":null,"FCLASS_VN":null,"FCLASS_TR":null,"FCLASS_ID":null,"FCLASS_PL":null,"FCLASS_GR":null,"FCLASS_IT":null,"FCLASS_NL":null,"FCLASS_SE":null,"FCLASS_BD":null,"FCLASS_UA":null,"FCLASS_TLC":null},"geometry":{"type":"Point","coordinates":[117.4299792,49.5999815]}},
{"type":"Feature","properties":{"SCALERANK":6,"NATSCALE":30,"LABELRANK":1,"FEATURECLA":"Populated place","NAME":"Heihe","NAMEPAR":null,"NAMEALT":null,"NAMEASCII":"Heihe","ADM0CAP":0,"CAPIN":null,"WORLDCITY":0,"MEGACITY":0,"SOV0NAME":"China","SOV_A3":"CHN","ADM0NAME":"China","ADM0_A3":"CHN","ADM1NAME":"Heilongjiang","ISO_A2":"CN","NOTE":null,"LATITUDE":50.250019,"LONGITUDE":127.446009,"POP_MAX":109427,"POP_MIN":419,"POP_OTHER":0,"RANK_MAX":9,"RANK_MIN":2,"MEGANAME":null,"LS_NAME":"Heihe","MAX_POP10":419,"MAX_POP20":419,"MAX_POP50":419,"MAX_POP300":0,"MAX_POP310":0,"MAX_NATSCA":50,"MIN_AREAKM":1,"MAX_AREAKM":1,"MIN_AREAMI":0,"MAX_AREAMI":0,"MIN_PERKM":5,"MAX_PERKM":5,"MIN_PERMI":3,"MAX_PERMI":3,"MIN_BBXMIN":127.45,"MAX_BBXMIN":127.45,"MIN_BBXMAX":127.466667,"MAX_BBXMAX":127.466667,"MIN_BBYMIN":50.216667,"MAX_BBYMIN":50.216667,"MIN_BBYMAX":50.225,"MAX_BBYMAX":50.225,"MEAN_BBXC":127.458333,"MEAN_BBYC":50.220833,"TIMEZONE":"Asia/Harbin","UN_FID":0,"POP1950":0,"POP1955":0,"POP1960":0,"POP1965":0,"POP1970":0,"POP1975":0,"POP1980":0,"POP1985":0,"POP1990":0,"POP1995":0,"POP2000":0,"POP2005":0,"POP2010":0,"POP2015":0,"POP2020":0,"POP2025":0,"POP2050":0,"MIN_ZOOM":6.0,"WIKIDATAID":"Q349983","WOF_ID":102027919,"CAPALT":0,"NAME_EN":"Heihe","NAME_DE":"Heihe","NAME_ES":"Heihe","NAME_FR":"Heihe","NAME_PT":"Heihe","NAME_RU":"Хэйхэ","NAME_ZH":"黑河","LABEL":null,"NAME_AR":"خيخه","NAME_BN":"হেইহো","NAME_EL":"Χέιχε","NAME_HI":"हेइहे","NAME_HU":"Heihe","NAME_ID":"Heihe","NAME_IT":"Heihe","NAME_JA":"黒河市","NAME_KO":"헤이허시","NAME_NL":"Heihe","NAME_PL":"Heihe","NAME_SV":"Heihe","NAME_TR":"Heihe","NAME_VI":"Hắc Hà","NE_ID":1159147141,"NAME_FA":"هایهی","NAME_HE":"הייהה","NAME_UK":"Хейхе","NAME_UR":"ہئیہے","NAME_ZHT":"黑河市","GEONAMESID":2036973,"FCLASS_ISO":null,"FCLASS_US":null,"FCLASS_FR":null,"FCLASS_RU":null,"FCLASS_ES":null,"FCLASS_CN":null,"FCLASS_TW":null,"FCLASS_IN":null,"FCLASS_NP":null,"FCLASS_PK":null,"FCLASS_DE":null,"FCLASS_GB":null,"FCLASS_BR":null,"FCLASS_IL":null,"FCLASS_PS":null,"FCLASS_SA":null,"FCLASS_EG":null,"FCLASS_MA":null,"FCLASS_PT":null,"FCLASS_AR":null,"FCLASS_JP":null,"FCLASS_KO":null,"FCLASS_VN":null,"FCLASS_TR":null,"FCLASS_ID":null,"FCLASS_PL":null,"FCLASS_GR":null,"FCLASS_IT":null,"FCLASS_NL":null,"FCLASS_SE":null,"FCLASS_BD":null,"FCLASS_UA":null,"FCLASS_TLC":null},"geometry":{"type":"Point","coordinates":[127.4460087,50.2500193]}},
{"type":"Feature","properties":{"SCALERANK":6,"NATSCALE":30,"LABELRANK":1,"FEATURECLA":"Populated place","NAME":"Qitaihe","NAMEPAR":null,"NAMEALT":null,"NAMEASCII":"Qitaihe","ADM0CAP":0,"CAPIN":null,"WORLDCITY":0,"MEGACITY":0,"SOV0NAME":"China","SOV_A3":"CHN","ADM0NAME":"China","ADM0_A3":"CHN","ADM1NAME":"Heilongjiang","ISO_A2":"CN","NOTE":null,"LATITUDE":45.799981,"LONGITUDE":130.850039,"POP_MAX":450617,"POP_MIN":345033,"POP_OTHER":410728,"RANK_MAX":10,"RANK_MIN":10,"MEGANAME":null,"LS_NAME":"Qitaihe","MAX_POP10":450617,"MAX_POP20":0,"MAX_POP50":0,"MAX_POP300":0,"MAX_POP310":0,"MAX_NATSCA":10,"MIN_AREAKM":211,"MAX_AREAKM":211,"MIN_AREAMI":81,"MAX_AREAMI":81,"MIN_PERKM":165,"MAX_PERKM":165,"MIN_PERMI":103,"MAX_PERMI":103,"MIN_BBXMIN":130.791667,"MAX_BBXMIN":130.791667,"MIN_BBXMAX":131.225,"MAX_BBXMAX":131.225,"MIN_BBYMIN":45.733333,"MAX_BBYMIN":45.733333,"MIN_BBYMAX":45.858333,"MAX_BBYMAX":45.858333,"MEAN_BBXC":130.971712,"MEAN_BBYC":45.794979,"TIMEZONE":"Asia/Harbin","UN_FID":0,"POP1950":0,"POP1955":0,"POP1960":0,"POP1965":0,"POP1970":0,"POP1975":0,"POP1980":0,"POP1985":0,"POP1990":0,"POP1995":0,"POP2000":0,"POP2005":0,"POP2010":0,"POP2015":0,"POP2020":0,"POP2025":0,"POP2050":0,"MIN_ZOOM":6.0,"WIKIDATAID":"Q349979","WOF_ID":890516381,"CAPALT":0,"NAME_EN":"Qitaihe","NAME_DE":"Qitaihe","NAME_ES":"Qitaihe","NAME_FR":"Qitaihe","NAME_PT":"Qitaihe","NAME_RU":"Цитайхэ","NAME_ZH":"七台河","LABEL":null,"NAME_AR":"كيتايهي","NAME_BN":"ছিথাইহো","NAME_EL":"Τσιτάιχε","NAME_HI":"कविताहै","NAME_HU":"Qitaihe","NAME_ID":"Qitaihe","NAME_IT":"Qitaihe","NAME_JA":"七台河市","NAME_KO":"치타이허시","NAME_NL":"Qitaihe","NAME_PL":"Qitaihe","NAME_SV":"Qitaihe","NAME_TR":"Qitaihe","NAME_VI":"Thất Đài Hà","NE_ID":1159147145,"NAME_FA":"کیتایهی","NAME_HE":"קיטאיחה","NAME_UK":"Цітайхе","NAME_UR":"چیتائہے","NAME_ZHT":"七台河市","GEONAMESID":2035261,"FCLASS_ISO":null,"FCLASS_US":null,"FCLASS_FR":null,"FCLASS_RU":null,"FCLASS_ES":null,"FCLASS_CN":null,"FCLASS_TW":null,"FCLASS_IN":null,"FCLASS_NP":null,"FCLASS_PK":null,"FCLASS_DE":null,"FCLASS_GB":null,"FCLASS_BR":null,"FCLASS_IL":null,"FCLASS_PS":null,"FCLASS_SA":null,"FCLASS_EG":null,"FCLASS_MA":null,"FCLASS_PT":null,"FCLASS_AR":null,"FCLASS_JP":null,"FCLASS_KO":null,"FCLASS_VN":null,"FCLASS_TR":null,"FCLASS_ID":null,"FCLASS_PL":null,"FCLASS_GR":null,"FCLASS_IT":null,"FCLASS_NL":null,"FCLASS_SE":null,"FCLASS_BD":null,"FCLASS_UA":null,"FCLASS_TLC":null},"geometry":{"type":"Point","coordinates":[131.009060458174076,45.767852012256661]}},
{"type":"Feature","properties":{"SCALERANK":6,"NATSCALE":30,"LABELRANK":1,"FEATURECLA":"Populated place","NAME":"Yichun","NAMEPAR":null,"NAMEALT":"Yichun, Heilongjiang","NAMEASCII":"Yichun","ADM0CAP":0,"CAPIN":null,"WORLDCITY":0,"MEGACITY":1,"SOV0NAME":"China","SOV_A3":"CHN","ADM0NAME":"China","ADM0_A3":"CHN","ADM1NAME":"Heilongjiang","ISO_A2":"CN","NOTE":null,"LATITUDE":47.701888,"LONGITUDE":128.898031,"POP_MAX":777000,"POP_MIN":109223,"POP_OTHER":0,"RANK_MAX":11,"RANK_MIN":9,"MEGANAME":"Yichun, Heilongjiang","LS_NAME":"Yichun","MAX_POP10":109223,"MAX_POP20":109223,"MAX_POP50":0,"MAX_POP300":0,"MAX_POP310":0,"MAX_NATSCA":20,"MIN_AREAKM":21,"MAX_AREAKM":21,"MIN_AREAMI":8,"MAX_AREAMI":8,"MIN_PERKM":30,"MAX_PERKM":30,"MIN_PERMI":18,"MAX_PERMI":18,"MIN_BBXMIN":128.833333,"MAX_BBXMIN":128.833333,"MIN_BBXMAX":128.925,"MAX_BBXMAX":128.925,"MIN_BBYMIN":47.7,"MAX_BBYMIN":47.7,"MIN_BBYMAX":47.741667,"MAX_BBYMAX":47.741667,"MEAN_BBXC":128.882545,"MEAN_BBYC":47.721509,"TIMEZONE":"Asia/Harbin","UN_FID":140,"POP1950":554,"POP1955":587,"POP1960":622,"POP1965":660,"POP1970":699,"POP1975":741,"POP1980":785,"POP1985":832,"POP1990":882,"POP1995":849,"POP2000":816,"POP2005":785,"POP2010":777,"POP2015":785,"POP2020":848,"POP2025":928,"POP2050":997,"MIN_ZOOM":6.0,"WIKIDATAID":"Q349976","WOF_ID":890516077,"CAPALT":0,"NAME_EN":"Yichun","NAME_DE":"Yichun","NAME_ES":"Yichun","NAME_FR":"Yichun","NAME_PT":"Yichun","NAME_RU":"Ичунь","NAME_ZH":"伊春","LABEL":null,"NAME_AR":"ييتشون","NAME_BN":"ইছুন","NAME_EL":"Γιτσούν","NAME_HI":"यिचुन","NAME_HU":"Yichun","NAME_ID":"Yichun","NAME_IT":"Yichun","NAME_JA":"伊春市","NAME_KO":"이춘시","NAME_NL":"Yichun","NAME_PL":"Yichun","NAME_SV":"Yichun","NAME_TR":"Yichun","NAME_VI":"Y Xuân","NE_ID":1159147147,"NAME_FA":"یایچان","NAME_HE":"יכון","NAME_UK":"Ічунь","NAME_UR":"یکھن","NAME_ZHT":"伊春市","GEONAMESID":2033413,"FCLASS_ISO":null,"FCLASS_US":null,"FCLASS_FR":null,"FCLASS_RU":null,"FCLASS_ES":null,"FCLASS_CN":null,"FCLASS_TW":null,"FCLASS_IN":null,"FCLASS_NP":null,"FCLASS_PK":null,"FCLASS_DE":null,"FCLASS_GB":null,"FCLASS_BR":null,"FCLASS_IL":null,"FCLASS_PS":null,"FCLASS_SA":null,"FCLASS_EG":null,"FCLASS_MA":null,"FCLASS_PT":null,"FCLASS_AR":null,"FCLASS_JP":null,"FCLASS_KO":null,"FCLASS_VN":null,"FCLASS_TR":null,"FCLASS_ID":null,"FCLASS_PL":null,"FCLASS_GR":null,"FCLASS_IT":null,"FCLASS_NL":null,"FCLASS_SE":null,"FCLASS_BD":null,"FCLASS_UA":null,"FCLASS_TLC":null},"geometry":{"type":"Point","coordinates":[128.8980309,47.7018883]}},
{"type":"Feature","properties":{"SCALERANK":6,"NATSCALE":30,"LABELRANK":1,"FEATURECLA":"Populated place","NAME":"Hegang","NAMEPAR":null,"NAMEALT":null,"NAMEASCII":"Hegang","ADM0CAP":0,"CAPIN":null,"WORLDCITY":0,"MEGACITY":0,"SOV0NAME":"China","SOV_A3":"CHN","ADM0NAME":"China","ADM0_A3":"CHN","ADM1NAME":"Heilongjiang","ISO_A2":"CN","NOTE":null,"LATITUDE":47.400012,"LONGITUDE":130.370016,"POP_MAX":743307,"POP_MIN":572360,"POP_OTHER":0,"RANK_MAX":11,"RANK_MIN":11,"MEGANAME":null,"LS_NAME":"Hegang","MAX_POP10":572360,"MAX_POP20":0,"MAX_POP50":0,"MAX_POP300":0,"MAX_POP310":0,"MAX_NATSCA":10,"MIN_AREAKM":116,"MAX_AREAKM":116,"MIN_AREAMI":45,"MAX_AREAMI":45,"MIN_PERKM":92,"MAX_PERKM":92,"MIN_PERMI":57,"MAX_PERMI":57,"MIN_BBXMIN":130.175,"MAX_BBXMIN":130.175,"MIN_BBXMAX":130.358333,"MAX_BBXMAX":130.358333,"MIN_BBYMIN":47.2,"MAX_BBYMIN":47.2,"MIN_BBYMAX":47.391667,"MAX_BBYMAX":47.391667,"MEAN_BBXC":130.27298,"MEAN_BBYC":47.29899,"TIMEZONE":"Asia/Harbin","UN_FID":0,"POP1950":0,"POP1955":0,"POP1960":0,"POP1965":0,"POP1970":0,"POP1975":0,"POP1980":0,"POP1985":0,"POP1990":0,"POP1995":0,"POP2000":0,"POP2005":0,"POP2010":0,"POP2015":0,"POP2020":0,"POP2025":0,"POP2050":0,"MIN_ZOOM":6.0,"WIKIDATAID":"Q349982","WOF_ID":890515821,"CAPALT":0,"NAME_EN":"Hegang","NAME_DE":"Hegang","NAME_ES":"Hegang","NAME_FR":"Hegang","NAME_PT":"Hegang","NAME_RU":"Хэган","NAME_ZH":"鹤岗","LABEL":null,"NAME_AR":"هيغانغ","NAME_BN":"হকাং","NAME_EL":"Χεγκάνγκ","NAME_HI":"हीगैंग","NAME_HU":"Hegang","NAME_ID":"Hegang","NAME_IT":"Hegang","NAME_JA":"鶴崗市","NAME_KO":"허강시","NAME_NL":"Hegang","NAME_PL":"Hegang","NAME_SV":"Hegang","NAME_TR":"Hegang","NAME_VI":"Hạc Cương","NE_ID":1159147149,"NAME_FA":"هنگانگ","NAME_HE":"הגאנג","NAME_UK":"Хеган","NAME_UR":"ہیگانگ","NAME_ZHT":"鶴崗市","GEONAMESID":2036986,"FCLASS_ISO":null,"FCLASS_US":null,"FCLASS_FR":null,"FCLASS_RU":null,"FCLASS_ES":null,"FCLASS_CN":null,"FCLASS_TW":null,"FCLASS_IN":null,"FCLASS_NP":null,"FCLASS_PK":null,"FCLASS_DE":null,"FCLASS_GB":null,"FCLASS_BR":null,"FCLASS_IL":null,"FCLASS_PS":null,"FCLASS_SA":null,"FCLASS_EG":null,"FCLASS_MA":null,"FCLASS_PT":null,"FCLASS_AR":null,"FCLASS_JP":null,"FCLASS_KO":null,"FCLASS_VN":null,"FCLASS_TR":null,"FCLASS_ID":null,"FCLASS_PL":null,"FCLASS_GR":null,"FCLASS_IT":null,"FCLASS_NL":null,"FCLASS_SE":null,"FCLASS_BD":null,"FCLASS_UA":null,"FCLASS_TLC":null},"geometry":{"type":"Point","coordinates":[130.296731763812801,47.346627065750809]}},
{"type":"Feature","properties":{"SCALERANK":6,"NATSCALE":30,"LABELRANK":1,"FEATURECLA":"Populated place","NAME":"Nenjiang","NAMEPAR":null,"NAMEALT":null,"NAMEASCII":"Nenjiang","ADM0CAP":0,"CAPIN":null,"WORLDCITY":0,"MEGACITY":0,"SOV0NAME":"China","SOV_A3":"CHN","ADM0NAME":"China","ADM0_A3":"CHN","ADM1NAME":"Heilongjiang","ISO_A2":"CN","NOTE":null,"LATITUDE":49.179981,"LONGITUDE":125.23002,"POP_MAX":87236,"POP_MIN":72134,"POP_OTHER":71159,"RANK_MAX":8,"RANK_MIN":8,"MEGANAME":null,"LS_NAME":"Nenjiang","MAX_POP10":72134,"MAX_POP20":72134,"MAX_POP50":0,"MAX_POP300":0,"MAX_POP310":0,"MAX_NATSCA":20,"MIN_AREAKM":29,"MAX_AREAKM":29,"MIN_AREAMI":11,"MAX_AREAMI":11,"MIN_PERKM":43,"MAX_PERKM":43,"MIN_PERMI":27,"MAX_PERMI":27,"MIN_BBXMIN":125.183333,"MAX_BBXMIN":125.183333,"MIN_BBXMAX":125.275,"MAX_BBXMAX":125.275,"MIN_BBYMIN":49.133333,"MAX_BBYMIN":49.133333,"MIN_BBYMAX":49.2,"MAX_BBYMAX":49.2,"MEAN_BBXC":125.230801,"MEAN_BBYC":49.168546,"TIMEZONE":"Asia/Harbin","UN_FID":0,"POP1950":0,"POP1955":0,"POP1960":0,"POP1965":0,"POP1970":0,"POP1975":0,"POP1980":0,"POP1985":0,"POP1990":0,"POP1995":0,"POP2000":0,"POP2005":0,"POP2010":0,"POP2015":0,"POP2020":0,"POP2025":0,"POP2050":0,"MIN_ZOOM":6.0,"WIKIDATAID":"Q6991629","WOF_ID":890513705,"CAPALT":0,"NAME_EN":"Nenjiang","NAME_DE":"Nenjiang","NAME_ES":"Nenjiang","NAME_FR":"Nenjiang","NAME_PT":"Nenjiang","NAME_RU":"Нэньцзян","NAME_ZH":"嫩江镇","LABEL":"Nenjiang","NAME_AR":"نينجيانغ","NAME_BN":"নেনজিয়ান","NAME_EL":"Νεντζιάνγκ","NAME_HI":"नेंजीयांग","NAME_HU":"Nenjiang","NAME_ID":"Nenjiang","NAME_IT":"Nenjiang","NAME_JA":"嫩江鎮","NAME_KO":"넨장","NAME_NL":"Nenjiang","NAME_PL":"Nenjiang","NAME_SV":"Nenjiang","NAME_TR":"Nenjiang","NAME_VI":"Nộn Giang","NE_ID":1159147151,"NAME_FA":"ننجیانگ","NAME_HE":"ננג'יאנג","NAME_UK":"Неньцзян","NAME_UR":"نینجیانگ","NAME_ZHT":"嫩江镇","GEONAMESID":2035601,"FCLASS_ISO":null,"FCLASS_US":null,"FCLASS_FR":null,"FCLASS_RU":null,"FCLASS_ES":null,"FCLASS_CN":null,"FCLASS_TW":null,"FCLASS_IN":null,"FCLASS_NP":null,"FCLASS_PK":null,"FCLASS_DE":null,"FCLASS_GB":null,"FCLASS_BR":null,"FCLASS_IL":null,"FCLASS_PS":null,"FCLASS_SA":null,"FCLASS_EG":null,"FCLASS_MA":null,"FCLASS_PT":null,"FCLASS_AR":null,"FCLASS_JP":null,"FCLASS_KO":null,"FCLASS_VN":null,"FCLASS_TR":null,"FCLASS_ID":null,"FCLASS_PL":null,"FCLASS_GR":null,"FCLASS_IT":null,"FCLASS_NL":null,"FCLASS_SE":null,"FCLASS_BD":null,"FCLASS_UA":null,"FCLASS_TLC":null},"geometry":{"type":"Point","coordinates":[125.2300199,49.1799813]}},
{"type":"Feature","properties":{"SCALERANK":6,"NATSCALE":30,"LABELRANK":1,"FEATURECLA":"Populated place","NAME":"Nehe","NAMEPAR":null,"NAMEALT":null,"NAMEASCII":"Nehe","ADM0CAP":0,"CAPIN":null,"WORLDCITY":0,"MEGACITY":0,"SOV0NAME":"China","SOV_A3":"CHN","ADM0NAME":"China","ADM0_A3":"CHN","ADM1NAME":"Heilongjiang","ISO_A2":"CN","NOTE":null,"LATITUDE":48.489998,"LONGITUDE":124.880015,"POP_MAX":108253,"POP_MIN":41622,"POP_OTHER":41390,"RANK_MAX":9,"RANK_MIN":7,"MEGANAME":null,"LS_NAME":"Nehe","MAX_POP10":41622,"MAX_POP20":41622,"MAX_POP50":0,"MAX_POP300":0,"MAX_POP310":0,"MAX_NATSCA":20,"MIN_AREAKM":22,"MAX_AREAKM":22,"MIN_AREAMI":8,"MAX_AREAMI":8,"MIN_PERKM":30,"MAX_PERKM":30,"MIN_PERMI":18,"MAX_PERMI":18,"MIN_BBXMIN":124.808333,"MAX_BBXMIN":124.808333,"MIN_BBXMAX":124.908333,"MAX_BBXMAX":124.908333,"MIN_BBYMIN":48.458333,"MAX_BBYMIN":48.458333,"MIN_BBYMAX":48.508333,"MAX_BBYMAX":48.508333,"MEAN_BBXC":124.860307,"MEAN_BBYC":48.482675,"TIMEZONE":"Asia/Harbin","UN_FID":0,"POP1950":0,"POP1955":0,"POP1960":0,"POP1965":0,"POP1970":0,"POP1975":0,"POP1980":0,"POP1985":0,"POP1990":0,"POP1995":0,"POP2000":0,"POP2005":0,"POP2010":0,"POP2015":0,"POP2020":0,"POP2025":0,"POP2050":0,"MIN_ZOOM":6.0,"WIKIDATAID":"Q1332600","WOF_ID":890512961,"CAPALT":0,"NAME_EN":"Nehe","NAME_DE":"Nehe","NAME_ES":"Nehe","NAME_FR":"Nehe","NAME_PT":"Nehe","NAME_RU":"Нэхэ","NAME_ZH":"讷河","LABEL":null,"NAME_AR":"نيهي","NAME_BN":"নেহো","NAME_EL":"Νέχε","NAME_HI":"नेहे","NAME_HU":"Nehe","NAME_ID":"Nehe","NAME_IT":"Nehe","NAME_JA":"訥河市","NAME_KO":"너허시","NAME_NL":"Nehe","NAME_PL":"Nehe","NAME_SV":"Nehe","NAME_TR":"Nehe","NAME_VI":"Nột Hà","NE_ID":1159147153,"NAME_FA":"نهه","NAME_HE":"נחה","NAME_UK":"Нехе","NAME_UR":"نیہے","NAME_ZHT":"訥河市","GEONAMESID":2035610,"FCLASS_ISO":null,"FCLASS_US":null,"FCLASS_FR":null,"FCLASS_RU":null,"FCLASS_ES":null,"FCLASS_CN":null,"FCLASS_TW":null,"FCLASS_IN":null,"FCLASS_NP":null,"FCLASS_PK":null,"FCLASS_DE":null,"FCLASS_GB":null,"FCLASS_BR":null,"FCLASS_IL":null,"FCLASS_PS":null,"FCLASS_SA":null,"FCLASS_EG":null,"FCLASS_MA":null,"FCLASS_PT":null,"FCLASS_AR":null,"FCLASS_JP":null,"FCLASS_KO":null,"FCLASS_VN":null,"FCLASS_TR":null,"FCLASS_ID":null,"FCLASS_PL":null,"FCLASS_GR":null,"FCLASS_IT":null,"FCLASS_NL":null,"FCLASS_SE":null,"FCLASS_BD":null,"FCLASS_UA":null,"FCLASS_TLC":null},"geometry":{"type":"Point","coordinates":[124.8800154,48.4899976]}},
{"type":"Feature","properties":{"SCALERANK":6,"NATSCALE":30,"LABELRANK":1,"FEATURECLA":"Populated place","NAME":"Mudangiang","NAMEPAR":null,"NAMEALT":"Mudanjiang","NAMEASCII":"Mudangiang","ADM0CAP":0,"CAPIN":null,"WORLDCITY":0,"MEGACITY":1,"SOV0NAME":"China","SOV_A3":"CHN","ADM0NAME":"China","ADM0_A3":"CHN","ADM1NAME":"Heilongjiang","ISO_A2":"CN","NOTE":null,"LATITUDE":44.576963,"LONGITUDE":129.588066,"POP_MAX":1244000,"POP_MIN":665915,"POP_OTHER":702067,"RANK_MAX":12,"RANK_MIN":11,"MEGANAME":"Mudanjiang","LS_NAME":"Mudangiang","MAX_POP10":732112,"MAX_POP20":732112,"MAX_POP50":732112,"MAX_POP300":0,"MAX_POP310":0,"MAX_NATSCA":50,"MIN_AREAKM":175,"MAX_AREAKM":175,"MIN_AREAMI":68,"MAX_AREAMI":68,"MIN_PERKM":178,"MAX_PERKM":178,"MIN_PERMI":110,"MAX_PERMI":110,"MIN_BBXMIN":129.516667,"MAX_BBXMIN":129.516667,"MIN_BBXMAX":129.725,"MAX_BBXMAX":129.725,"MIN_BBYMIN":44.475,"MAX_BBYMIN":44.475,"MIN_BBYMAX":44.708333,"MAX_BBYMAX":44.708333,"MEAN_BBXC":129.622582,"MEAN_BBYC":44.587179,"TIMEZONE":"Asia/Harbin","UN_FID":83,"POP1950":209,"POP1955":245,"POP1960":287,"POP1965":337,"POP1970":396,"POP1975":464,"POP1980":545,"POP1985":640,"POP1990":751,"POP1995":868,"POP2000":1004,"POP2005":1171,"POP2010":1244,"POP2015":1355,"POP2020":1521,"POP2025":1662,"POP2050":1778,"MIN_ZOOM":6.0,"WIKIDATAID":"Q217646","WOF_ID":102027885,"CAPALT":0,"NAME_EN":"Mudanjiang","NAME_DE":"Mudanjiang","NAME_ES":"Mudanjiang","NAME_FR":"Mudanjiang","NAME_PT":"Mudanjiang","NAME_RU":"Муданьцзян","NAME_ZH":"牡丹江","LABEL":null,"NAME_AR":"مودانجيانغ","NAME_BN":"মুতানচিয়াং","NAME_EL":"Μουνταντζιάνγκ","NAME_HI":"मुदान्जियांग","NAME_HU":"Mudangiang","NAME_ID":"Mudanjiang","NAME_IT":"Mudanjiang","NAME_JA":"牡丹江市","NAME_KO":"무단장시","NAME_NL":"Mudanjiang","NAME_PL":"Mudanjiang","NAME_SV":"Mudanjiang","NAME_TR":"Mudanjiang","NAME_VI":"Mẫu Đơn Giang","NE_ID":1159147155,"NAME_FA":"مودانجیانگ","NAME_HE":"מודנגיאנג","NAME_UK":"Муданьцзян","NAME_UR":"مودانجیانگ","NAME_ZHT":"牡丹江市","GEONAMESID":2035715,"FCLASS_ISO":null,"FCLASS_US":null,"FCLASS_FR":null,"FCLASS_RU":null,"FCLASS_ES":null,"FCLASS_CN":null,"FCLASS_TW":null,"FCLASS_IN":null,"FCLASS_NP":null,"FCLASS_PK":null,"FCLASS_DE":null,"FCLASS_GB":null,"FCLASS_BR":null,"FCLASS_IL":null,"FCLASS_PS":null,"FCLASS_SA":null,"FCLASS_EG":null,"FCLASS_MA":null,"FCLASS_PT":null,"FCLASS_AR":null,"FCLASS_JP":null,"FCLASS_KO":null,"FCLASS_VN":null,"FCLASS_TR":null,"FCLASS_ID":null,"FCLASS_PL":null,"FCLASS_GR":null,"FCLASS_IT":null,"FCLASS_NL":null,"FCLASS_SE":null,"FCLASS_BD":null,"FCLASS_UA":null,"FCLASS_TLC":null},"geometry":{"type":"Point","coordinates":[129.5880663,44.5769628]}},
{"type":"Feature","properties":{"SCALERANK":4,"NATSCALE":50,"LABELRANK":1,"FEATURECLA":"Populated place","NAME":"Jilin","NAMEPAR":null,"NAMEALT":null,"NAMEASCII":"Jilin","ADM0CAP":0,"CAPIN":null,"WORLDCITY":0,"MEGACITY":1,"SOV0NAME":"China","SOV_A3":"CHN","ADM0NAME":"China","ADM0_A3":"CHN","ADM1NAME":"Jilin","ISO_A2":"CN","NOTE":null,"LATITUDE":43.851917,"LONGITUDE":126.548097,"POP_MAX":2396000,"POP_MIN":1881977,"POP_OTHER":1895806,"RANK_MAX":12,"RANK_MIN":12,"MEGANAME":"Jilin","LS_NAME":"Jilin","MAX_POP10":1976757,"MAX_POP20":0,"MAX_POP50":0,"MAX_POP300":0,"MAX_POP310":0,"MAX_NATSCA":10,"MIN_AREAKM":436,"MAX_AREAKM":436,"MIN_AREAMI":168,"MAX_AREAMI":168,"MIN_PERKM":404,"MAX_PERKM":404,"MIN_PERMI":251,"MAX_PERMI":251,"MIN_BBXMIN":126.316667,"MAX_BBXMIN":126.316667,"MIN_BBXMAX":126.675,"MAX_BBXMAX":126.675,"MIN_BBYMIN":43.733333,"MAX_BBYMIN":43.733333,"MIN_BBYMAX":44.058333,"MAX_BBYMAX":44.058333,"MEAN_BBXC":126.517194,"MEAN_BBYC":43.907344,"TIMEZONE":"Asia/Harbin","UN_FID":61,"POP1950":396,"POP1955":464,"POP1960":542,"POP1965":634,"POP1970":741,"POP1975":867,"POP1980":1014,"POP1985":1164,"POP1990":1320,"POP1995":1596,"POP2000":1928,"POP2005":2255,"POP2010":2396,"POP2015":2606,"POP2020":2916,"POP2025":3171,"POP2050":3376,"MIN_ZOOM":5.6,"WIKIDATAID":"Q92277","WOF_ID":102027901,"CAPALT":0,"NAME_EN":"Jilin City","NAME_DE":"Jilin","NAME_ES":"Ciudad de Jilin","NAME_FR":"Jilin","NAME_PT":"Jilin","NAME_RU":"Гирин","NAME_ZH":"吉林","LABEL":null,"NAME_AR":"مدينة جيلين","NAME_BN":"চিলিন নগরী","NAME_EL":"Τζίλιν Σίτι","NAME_HI":"जिलिन सिटी","NAME_HU":"Csilin","NAME_ID":"Kota Jilin","NAME_IT":"Jilin","NAME_JA":"吉林市","NAME_KO":"지린시","NAME_NL":"Jilin","NAME_PL":"Jilin","NAME_SV":"Jilin","NAME_TR":"Jilin","NAME_VI":"Cát Lâm","NE_ID":1159149151,"NAME_FA":"جیلین","NAME_HE":"ג'ילין","NAME_UK":"Гірін","NAME_UR":"جیلن شہر","NAME_ZHT":"吉林市","GEONAMESID":2036502,"FCLASS_ISO":null,"FCLASS_US":null,"FCLASS_FR":null,"FCLASS_RU":null,"FCLASS_ES":null,"FCLASS_CN":null,"FCLASS_TW":null,"FCLASS_IN":null,"FCLASS_NP":null,"FCLASS_PK":null,"FCLASS_DE":null,"FCLASS_GB":null,"FCLASS_BR":null,"FCLASS_IL":null,"FCLASS_PS":null,"FCLASS_SA":null,"FCLASS_EG":null,"FCLASS_MA":null,"FCLASS_PT":null,"FCLASS_AR":null,"FCLASS_JP":null,"FCLASS_KO":null,"FCLASS_VN":null,"FCLASS_TR":null,"FCLASS_ID":null,"FCLASS_PL":null,"FCLASS_GR":null,"FCLASS_IT":null,"FCLASS_NL":null,"FCLASS_SE":null,"FCLASS_BD":null,"FCLASS_UA":null,"FCLASS_TLC":null},"geometry":{"type":"Point","coordinates":[126.5480968,43.8519166]}},
{"type":"Feature","properties":{"SCALERANK":4,"NATSCALE":50,"LABELRANK":2,"FEATURECLA":"Admin-1 capital","NAME":"Blagoveshchensk","NAMEPAR":null,"NAMEALT":null,"NAMEASCII":"Blagoveshchensk","ADM0CAP":0,"CAPIN":null,"WORLDCITY":0,"MEGACITY":0,"SOV0NAME":"Russia","SOV_A3":"RUS","ADM0NAME":"Russia","ADM0_A3":"RUS","ADM1NAME":"Amur","ISO_A2":"RU","NOTE":null,"LATITUDE":50.266608,"LONGITUDE":127.533342,"POP_MAX":221296,"POP_MIN":192126,"POP_OTHER":0,"RANK_MAX":10,"RANK_MIN":9,"MEGANAME":null,"LS_NAME":"Blagoveshchensk","MAX_POP10":192126,"MAX_POP20":192126,"MAX_POP50":192126,"MAX_POP300":0,"MAX_POP310":0,"MAX_NATSCA":50,"MIN_AREAKM":47,"MAX_AREAKM":47,"MIN_AREAMI":18,"MAX_AREAMI":18,"MIN_PERKM":46,"MAX_PERKM":46,"MIN_PERMI":29,"MAX_PERMI":29,"MIN_BBXMIN":127.475,"MAX_BBXMIN":127.475,"MIN_BBXMAX":127.6,"MAX_BBXMAX":127.6,"MIN_BBYMIN":50.241667,"MAX_BBYMIN":50.241667,"MIN_BBYMAX":50.35,"MAX_BBYMAX":50.35,"MEAN_BBXC":127.540833,"MEAN_BBYC":50.28628,"TIMEZONE":"Asia/Yakutsk","UN_FID":0,"POP1950":0,"POP1955":0,"POP1960":0,"POP1965":0,"POP1970":0,"POP1975":0,"POP1980":0,"POP1985":0,"POP1990":0,"POP1995":0,"POP2000":0,"POP2005":0,"POP2010":0,"POP2015":0,"POP2020":0,"POP2025":0,"POP2050":0,"MIN_ZOOM":5.6,"WIKIDATAID":"Q6934","WOF_ID":102015119,"CAPALT":0,"NAME_EN":"Blagoveshchensk","NAME_DE":"Blagoweschtschensk","NAME_ES":"Blagovéshchensk","NAME_FR":"Blagovechtchensk","NAME_PT":"Blagoveschensk","NAME_RU":"Благовещенск","NAME_ZH":"海兰泡","LABEL":null,"NAME_AR":"بلاغوفيشتشينسك","NAME_BN":"ব্লাগোভেসচেনস্ক","NAME_EL":"Μπλαγκοβέσενσκ","NAME_HI":"ब्लागोवेस्चेन्स्क","NAME_HU":"Blagovescsenszk","NAME_ID":"Blagoveshchensk","NAME_IT":"Blagoveščensk","NAME_JA":"ブラゴヴェシチェンスク","NAME_KO":"블라고베셴스크","NAME_NL":"Blagovesjtsjensk","NAME_PL":"Błagowieszczeńsk","NAME_SV":"Blagovesjtjensk","NAME_TR":"Blagoveşçensk","NAME_VI":"Blagoveshchensk","NE_ID":1159149625,"NAME_FA":"بلاگووشچنسک","NAME_HE":"בלאגובשצ'נסק","NAME_UK":"Благовєщенськ","NAME_UR":"بلاگوویشچینسک","NAME_ZHT":"海蘭泡","GEONAMESID":2026609,"FCLASS_ISO":null,"FCLASS_US":null,"FCLASS_FR":null,"FCLASS_RU":null,"FCLASS_ES":null,"FCLASS_CN":null,"FCLASS_TW":null,"FCLASS_IN":null,"FCLASS_NP":null,"FCLASS_PK":null,"FCLASS_DE":null,"FCLASS_GB":null,"FCLASS_BR":null,"FCLASS_IL":null,"FCLASS_PS":null,"FCLASS_SA":null,"FCLASS_EG":null,"FCLASS_MA":null,"FCLASS_PT":null,"FCLASS_AR":null,"FCLASS_JP":null,"FCLASS_KO":null,"FCLASS_VN":null,"FCLASS_TR":null,"FCLASS_ID":null,"FCLASS_PL":null,"FCLASS_GR":null,"FCLASS_IT":null,"FCLASS_NL":null,"FCLASS_SE":null,"FCLASS_BD":null,"FCLASS_UA":null,"FCLASS_TLC":null},"geometry":{"type":"Point","coordinates":[127.5333418,50.2666075]}},
{"type":"Feature","properties":{"SCALERANK":4,"NATSCALE":50,"LABELRANK":2,"FEATURECLA":"Populated place","NAME":"Bukachacha","NAMEPAR":null,"NAMEALT":null,"NAMEASCII":"Bukachacha","ADM0CAP":0,"CAPIN":null,"WORLDCITY":0,"MEGACITY":0,"SOV0NAME":"Russia","SOV_A3":"RUS","ADM0NAME":"Russia","ADM0_A3":"RUS","ADM1NAME":"Chita","ISO_A2":"RU","NOTE":null,"LATITUDE":52.983341,"LONGITUDE":116.916626,"POP_MAX":3372,"POP_MIN":497,"POP_OTHER":0,"RANK_MAX":4,"RANK_MIN":2,"MEGANAME":null,"LS_NAME":"Bukachacha","MAX_POP10":497,"MAX_POP20":497,"MAX_POP50":497,"MAX_POP300":0,"MAX_POP310":0,"MAX_NATSCA":50,"MIN_AREAKM":2,"MAX_AREAKM":2,"MIN_AREAMI":1,"MAX_AREAMI":1,"MIN_PERKM":6,"MAX_PERKM":6,"MIN_PERMI":4,"MAX_PERMI":4,"MIN_BBXMIN":116.891667,"MAX_BBXMIN":116.891667,"MIN_BBXMAX":116.908333,"MAX_BBXMAX":116.908333,"MIN_BBYMIN":52.966667,"MAX_BBYMIN":52.966667,"MIN_BBYMAX":52.983333,"MAX_BBYMAX":52.983333,"MEAN_BBXC":116.901389,"MEAN_BBYC":52.976389,"TIMEZONE":"Asia/Yakutsk","UN_FID":0,"POP1950":0,"POP1955":0,"POP1960":0,"POP1965":0,"POP1970":0,"POP1975":0,"POP1980":0,"POP1985":0,"POP1990":0,"POP1995":0,"POP2000":0,"POP2005":0,"POP2010":0,"POP2015":0,"POP2020":0,"POP2025":0,"POP2050":0,"MIN_ZOOM":5.6,"WIKIDATAID":"Q1003237","WOF_ID":102014497,"CAPALT":0,"NAME_EN":"Bukachacha","NAME_DE":"Bukatschatscha","NAME_ES":"Bukachacha","NAME_FR":"Bukachacha","NAME_PT":"Bukachacha","NAME_RU":"Букачача","NAME_ZH":"布卡恰恰","LABEL":null,"NAME_AR":"بوكاتشاتشا","NAME_BN":"বুকাচাচা","NAME_EL":"Μπουκατσάτσα","NAME_HI":"बुकाचाचा","NAME_HU":"Bukachacha","NAME_ID":"Bukachacha","NAME_IT":"Bukachacha","NAME_JA":"ブカチャチャ","NAME_KO":"부카차차","NAME_NL":"Boekatsjatsja","NAME_PL":"Bukachacha","NAME_SV":"Bukatjatja","NAME_TR":"Bukachacha","NAME_VI":"Bukachacha","NE_ID":1159149629,"NAME_FA":"بوکاچاچا","NAME_HE":"בוקצ'אצ'ה","NAME_UK":"Букачача","NAME_UR":"بوکاچاچا","NAME_ZHT":"布卡查查","GEONAMESID":2026023,"FCLASS_ISO":null,"FCLASS_US":null,"FCLASS_FR":null,"FCLASS_RU":null,"FCLASS_ES":null,"FCLASS_CN":null,"FCLASS_TW":null,"FCLASS_IN":null,"FCLASS_NP":null,"FCLASS_PK":null,"FCLASS_DE":null,"FCLASS_GB":null,"FCLASS_BR":null,"FCLASS_IL":null,"FCLASS_PS":null,"FCLASS_SA":null,"FCLASS_EG":null,"FCLASS_MA":null,"FCLASS_PT":null,"FCLASS_AR":null,"FCLASS_JP":null,"FCLASS_KO":null,"FCLASS_VN":null,"FCLASS_TR":null,"FCLASS_ID":null,"FCLASS_PL":null,"FCLASS_GR":null,"FCLASS_IT":null,"FCLASS_NL":null,"FCLASS_SE":null,"FCLASS_BD":null,"FCLASS_UA":null,"FCLASS_TLC":null},"geometry":{"type":"Point","coordinates":[116.9166255,52.9833409]}},
{"type":"Feature","properties":{"SCALERANK":4,"NATSCALE":50,"LABELRANK":2,"FEATURECLA":"Populated place","NAME":"Dalnegorsk","NAMEPAR":null,"NAMEALT":null,"NAMEASCII":"Dalnegorsk","ADM0CAP":0,"CAPIN":null,"WORLDCITY":0,"MEGACITY":0,"SOV0NAME":"Russia","SOV_A3":"RUS","ADM0NAME":"Russia","ADM0_A3":"RUS","ADM1NAME":"Primor'ye","ISO_A2":"RU","NOTE":null,"LATITUDE":44.537216,"LONGITUDE":135.517247,"POP_MAX":8123,"POP_MIN":8123,"POP_OTHER":8123,"RANK_MAX":5,"RANK_MIN":5,"MEGANAME":null,"LS_NAME":"Dalnegorsk","MAX_POP10":8123,"MAX_POP20":8123,"MAX_POP50":8123,"MAX_POP300":0,"MAX_POP310":0,"MAX_NATSCA":50,"MIN_AREAKM":7,"MAX_AREAKM":7,"MIN_AREAMI":3,"MAX_AREAMI":3,"MIN_PERKM":18,"MAX_PERKM":18,"MIN_PERMI":11,"MAX_PERMI":11,"MIN_BBXMIN":135.483333,"MAX_BBXMIN":135.483333,"MIN_BBXMAX":135.541667,"MAX_BBXMAX":135.541667,"MIN_BBYMIN":44.533333,"MAX_BBYMIN":44.533333,"MIN_BBYMAX":44.566667,"MAX_BBYMAX":44.566667,"MEAN_BBXC":135.513258,"MEAN_BBYC":44.551894,"TIMEZONE":null,"UN_FID":0,"POP1950":0,"POP1955":0,"POP1960":0,"POP1965":0,"POP1970":0,"POP1975":0,"POP1980":0,"POP1985":0,"POP1990":0,"POP1995":0,"POP2000":0,"POP2005":0,"POP2010":0,"POP2015":0,"POP2020":0,"POP2025":0,"POP2050":0,"MIN_ZOOM":5.6,"WIKIDATAID":"Q7054","WOF_ID":1141909205,"CAPALT":0,"NAME_EN":"Dalnegorsk","NAME_DE":"Dalnegorsk","NAME_ES":"Dalnegorsk","NAME_FR":"Dalnegorsk","NAME_PT":"Dalnegorsk","NAME_RU":"Дальнегорск","NAME_ZH":"达利涅戈尔斯克","LABEL":null,"NAME_AR":"دالنيغورسك","NAME_BN":"দালনেগর্স্ক","NAME_EL":"Νταλνεγκόρσκ","NAME_HI":"डालनेगोर्स्क","NAME_HU":"Dalnyegorszk","NAME_ID":"Dalnegorsk","NAME_IT":"Dal'negorsk","NAME_JA":"ダリネゴルスク","NAME_KO":"달네고르스크","NAME_NL":"Dalnegorsk","NAME_PL":"Dalniegorsk","NAME_SV":"Dalnegorsk","NAME_TR":"Dalnegorsk","NAME_VI":"Dalnegorsk","NE_ID":1159149631,"NAME_FA":"دالنگورسک","NAME_HE":"דלנגורסק","NAME_UK":"Дальнєгорськ","NAME_UR":"دالنیگورسک","NAME_ZHT":"達利涅戈爾斯克","GEONAMESID":-1,"FCLASS_ISO":null,"FCLASS_US":null,"FCLASS_FR":null,"FCLASS_RU":null,"FCLASS_ES":null,"FCLASS_CN":null,"FCLASS_TW":null,"FCLASS_IN":null,"FCLASS_NP":null,"FCLASS_PK":null,"FCLASS_DE":null,"FCLASS_GB":null,"FCLASS_BR":null,"FCLASS_IL":null,"FCLASS_PS":null,"FCLASS_SA":null,"FCLASS_EG":null,"FCLASS_MA":null,"FCLASS_PT":null,"FCLASS_AR":null,"FCLASS_JP":null,"FCLASS_KO":null,"FCLASS_VN":null,"FCLASS_TR":null,"FCLASS_ID":null,"FCLASS_PL":null,"FCLASS_GR":null,"FCLASS_IT":null,"FCLASS_NL":null,"FCLASS_SE":null,"FCLASS_BD":null,"FCLASS_UA":null,"FCLASS_TLC":null},"geometry":{"type":"Point","coordinates":[135.5172473,44.5372156]}},
{"type":"Feature","properties":{"SCALERANK":4,"NATSCALE":50,"LABELRANK":2,"FEATURECLA":"Admin-1 capital","NAME":"Khabarovsk","NAMEPAR":null,"NAMEALT":null,"NAMEASCII":"Khabarovsk","ADM0CAP":0,"CAPIN":null,"WORLDCITY":0,"MEGACITY":0,"SOV0NAME":"Russia","SOV_A3":"RUS","ADM0NAME":"Russia","ADM0_A3":"RUS","ADM1NAME":"Khabarovsk","ISO_A2":"RU","NOTE":null,"LATITUDE":48.454987,"LONGITUDE":135.120011,"POP_MAX":579000,"POP_MIN":546411,"POP_OTHER":538439,"RANK_MAX":11,"RANK_MIN":11,"MEGANAME":null,"LS_NAME":"Khabarovsk","MAX_POP10":546411,"MAX_POP20":546411,"MAX_POP50":546411,"MAX_POP300":0,"MAX_POP310":0,"MAX_NATSCA":50,"MIN_AREAKM":207,"MAX_AREAKM":207,"MIN_AREAMI":80,"MAX_AREAMI":80,"MIN_PERKM":136,"MAX_PERKM":136,"MIN_PERMI":85,"MAX_PERMI":85,"MIN_BBXMIN":134.983333,"MAX_BBXMIN":134.983333,"MIN_BBXMAX":135.2,"MAX_BBXMAX":135.2,"MIN_BBYMIN":48.325,"MAX_BBYMIN":48.325,"MIN_BBYMAX":48.591667,"MAX_BBYMAX":48.591667,"MEAN_BBXC":135.100539,"MEAN_BBYC":48.462133,"TIMEZONE":"Asia/Vladivostok","UN_FID":0,"POP1950":0,"POP1955":0,"POP1960":0,"POP1965":0,"POP1970":0,"POP1975":0,"POP1980":0,"POP1985":0,"POP1990":0,"POP1995":0,"POP2000":0,"POP2005":0,"POP2010":0,"POP2015":0,"POP2020":0,"POP2025":0,"POP2050":0,"MIN_ZOOM":5.6,"WIKIDATAID":"Q4454","WOF_ID":102015519,"CAPALT":0,"NAME_EN":"Khabarovsk","NAME_DE":"Chabarowsk","NAME_ES":"Jabárovsk","NAME_FR":"Khabarovsk","NAME_PT":"Khabarovsk","NAME_RU":"Хабаровск","NAME_ZH":"伯力","LABEL":null,"NAME_AR":"خاباروفسك","NAME_BN":"খাবারোভস্ক","NAME_EL":"Χαμπάροφσκ","NAME_HI":"ख़ाबारोव्स्क","NAME_HU":"Habarovszk","NAME_ID":"Khabarovsk","NAME_IT":"Chabarovsk","NAME_JA":"ハバロフスク","NAME_KO":"하바롭스크","NAME_NL":"Chabarovsk","NAME_PL":"Chabarowsk","NAME_SV":"Chabarovsk","NAME_TR":"Habarovsk","NAME_VI":"Khabarovsk","NE_ID":1159149653,"NAME_FA":"خاباروفسک","NAME_HE":"חברובסק","NAME_UK":"Хабаровськ","NAME_UR":"خابارووسک","NAME_ZHT":"伯力","GEONAMESID":2022890,"FCLASS_ISO":null,"FCLASS_US":null,"FCLASS_FR":null,"FCLASS_RU":null,"FCLASS_ES":null,"FCLASS_CN":null,"FCLASS_TW":null,"FCLASS_IN":null,"FCLASS_NP":null,"FCLASS_PK":null,"FCLASS_DE":null,"FCLASS_GB":null,"FCLASS_BR":null,"FCLASS_IL":null,"FCLASS_PS":null,"FCLASS_SA":null,"FCLASS_EG":null,"FCLASS_MA":null,"FCLASS_PT":null,"FCLASS_AR":null,"FCLASS_JP":null,"FCLASS_KO":null,"FCLASS_VN":null,"FCLASS_TR":null,"FCLASS_ID":null,"FCLASS_PL":null,"FCLASS_GR":null,"FCLASS_IT":null,"FCLASS_NL":null,"FCLASS_SE":null,"FCLASS_BD":null,"FCLASS_UA":null,"FCLASS_TLC":null},"geometry":{"type":"Point","coordinates":[135.1200105,48.4549868]}},
{"type":"Feature","properties":{"SCALERANK":4,"NATSCALE":50,"LABELRANK":6,"FEATURECLA":"Admin-1 capital","NAME":"Wonsan","NAMEPAR":null,"NAMEALT":null,"NAMEASCII":"Wonsan","ADM0CAP":0,"CAPIN":null,"WORLDCITY":0,"MEGACITY":0,"SOV0NAME":"Korea, North","SOV_A3":"PRK","ADM0NAME":"North Korea","ADM0_A3":"PRK","ADM1NAME":"Kangwon-do","ISO_A2":"KP","NOTE":null,"LATITUDE":39.16049,"LONGITUDE":127.430816,"POP_MAX":329207,"POP_MIN":315643,"POP_OTHER":311650,"RANK_MAX":10,"RANK_MIN":10,"MEGANAME":null,"LS_NAME":"Wonsan","MAX_POP10":315643,"MAX_POP20":315643,"MAX_POP50":315643,"MAX_POP300":0,"MAX_POP310":0,"MAX_NATSCA":50,"MIN_AREAKM":43,"MAX_AREAKM":43,"MIN_AREAMI":16,"MAX_AREAMI":16,"MIN_PERKM":60,"MAX_PERKM":60,"MIN_PERMI":37,"MAX_PERMI":37,"MIN_BBXMIN":127.366667,"MAX_BBXMIN":127.366667,"MIN_BBXMAX":127.508333,"MAX_BBXMAX":127.508333,"MIN_BBYMIN":39.116667,"MAX_BBYMIN":39.116667,"MIN_BBYMAX":39.183333,"MAX_BBYMAX":39.183333,"MEAN_BBXC":127.440625,"MEAN_BBYC":39.15,"TIMEZONE":"Asia/Pyongyang","UN_FID":0,"POP1950":0,"POP1955":0,"POP1960":0,"POP1965":0,"POP1970":0,"POP1975":0,"POP1980":0,"POP1985":0,"POP1990":0,"POP1995":0,"POP2000":0,"POP2005":0,"POP2010":0,"POP2015":0,"POP2020":0,"POP2025":0,"POP2050":0,"MIN_ZOOM":5.6,"WIKIDATAID":"Q109374","WOF_ID":890440273,"CAPALT":0,"NAME_EN":"Wonsan","NAME_DE":"Wŏnsan","NAME_ES":"Wŏnsan","NAME_FR":"Wonsan","NAME_PT":"Wonsan","NAME_RU":"Вонсан","NAME_ZH":"元山","LABEL":null,"NAME_AR":"وونسان","NAME_BN":"ওয়ানসান","NAME_EL":"Ουονσάν","NAME_HI":"वोनसान","NAME_HU":"Vonszan","NAME_ID":"Wŏnsan","NAME_IT":"Wŏnsan","NAME_JA":"元山市","NAME_KO":"원산시","NAME_NL":"Wŏnsan","NAME_PL":"Wŏnsan","NAME_SV":"Wonsan","NAME_TR":"Wonsan","NAME_VI":"Wonsan","NE_ID":1159149713,"NAME_FA":"ونسان","NAME_HE":"וונסן","NAME_UK":"Вонсан","NAME_UR":"وونسان","NAME_ZHT":"元山市","GEONAMESID":1866923,"FCLASS_ISO":null,"FCLASS_US":null,"FCLASS_FR":null,"FCLASS_RU":null,"FCLASS_ES":null,"FCLASS_CN":null,"FCLASS_TW":null,"FCLASS_IN":null,"FCLASS_NP":null,"FCLASS_PK":null,"FCLASS_DE":null,"FCLASS_GB":null,"FCLASS_BR":null,"FCLASS_IL":null,"FCLASS_PS":null,"FCLASS_SA":null,"FCLASS_EG":null,"FCLASS_MA":null,"FCLASS_PT":null,"FCLASS_AR":null,"FCLASS_JP":null,"FCLASS_KO":null,"FCLASS_VN":null,"FCLASS_TR":null,"FCLASS_ID":null,"FCLASS_PL":null,"FCLASS_GR":null,"FCLASS_IT":null,"FCLASS_NL":null,"FCLASS_SE":null,"FCLASS_BD":null,"FCLASS_UA":null,"FCLASS_TLC":null},"geometry":{"type":"Point","coordinates":[127.4308158,39.1604895]}},
{"type":"Feature","properties":{"SCALERANK":4,"NATSCALE":50,"LABELRANK":7,"FEATURECLA":"Admin-1 capital","NAME":"Choibalsan","NAMEPAR":null,"NAMEALT":"Choybalsan","NAMEASCII":"Choybalsan","ADM0CAP":0,"CAPIN":null,"WORLDCITY":0,"MEGACITY":0,"SOV0NAME":"Mongolia","SOV_A3":"MNG","ADM0NAME":"Mongolia","ADM0_A3":"MNG","ADM1NAME":"Dornod","ISO_A2":"MN","NOTE":null,"LATITUDE":48.066587,"LONGITUDE":114.506023,"POP_MAX":33376,"POP_MIN":33376,"POP_OTHER":0,"RANK_MAX":7,"RANK_MIN":7,"MEGANAME":null,"LS_NAME":"Choybalsan","MAX_POP10":0,"MAX_POP20":0,"MAX_POP50":33376,"MAX_POP300":0,"MAX_POP310":0,"MAX_NATSCA":50,"MIN_AREAKM":25,"MAX_AREAKM":25,"MIN_AREAMI":10,"MAX_AREAMI":10,"MIN_PERKM":56,"MAX_PERKM":56,"MIN_PERMI":35,"MAX_PERMI":35,"MIN_BBXMIN":114.45,"MAX_BBXMIN":114.45,"MIN_BBXMAX":114.591667,"MAX_BBXMAX":114.591667,"MIN_BBYMIN":48.041667,"MAX_BBYMIN":48.041667,"MIN_BBYMAX":48.125,"MAX_BBYMAX":48.125,"MEAN_BBXC":114.528788,"MEAN_BBYC":48.080303,"TIMEZONE":"Asia/Ulaanbaatar","UN_FID":0,"POP1950":0,"POP1955":0,"POP1960":0,"POP1965":0,"POP1970":0,"POP1975":0,"POP1980":0,"POP1985":0,"POP1990":0,"POP1995":0,"POP2000":0,"POP2005":0,"POP2010":0,"POP2015":0,"POP2020":0,"POP2025":0,"POP2050":0,"MIN_ZOOM":5.6,"WIKIDATAID":"Q318245","WOF_ID":421168931,"CAPALT":0,"NAME_EN":"Choibalsan","NAME_DE":"Tschoibalsan","NAME_ES":"Choybalsan","NAME_FR":"Choybalsan","NAME_PT":"Choybalsan","NAME_RU":"Чойбалсан","NAME_ZH":"乔巴山","LABEL":null,"NAME_AR":"تشويبالسان","NAME_BN":"চৌইবালসান","NAME_EL":"Τσοϊμπαλσάν","NAME_HI":"चोइबल्सान","NAME_HU":"Csojbalszan","NAME_ID":"Choibalsan","NAME_IT":"Choibalsan","NAME_JA":"チョイバルサン市","NAME_KO":"처이발상","NAME_NL":"Tsjojbalsan","NAME_PL":"Czojbalsan","NAME_SV":"Tjojbalsan","NAME_TR":"Çoybalsan","NAME_VI":"Choibalsan","NE_ID":1159149721,"NAME_FA":"چویبالسان","NAME_HE":"צ'ויבלסאן","NAME_UK":"Чойбалсан","NAME_UR":"چوئبالسان","NAME_ZHT":"喬巴山","GEONAMESID":2032054,"FCLASS_ISO":null,"FCLASS_US":null,"FCLASS_FR":null,"FCLASS_RU":null,"FCLASS_ES":null,"FCLASS_CN":null,"FCLASS_TW":null,"FCLASS_IN":null,"FCLASS_NP":null,"FCLASS_PK":null,"FCLASS_DE":null,"FCLASS_GB":null,"FCLASS_BR":null,"FCLASS_IL":null,"FCLASS_PS":null,"FCLASS_SA":null,"FCLASS_EG":null,"FCLASS_MA":null,"FCLASS_PT":null,"FCLASS_AR":null,"FCLASS_JP":null,"FCLASS_KO":null,"FCLASS_VN":null,"FCLASS_TR":null,"FCLASS_ID":null,"FCLASS_PL":null,"FCLASS_GR":null,"FCLASS_IT":null,"FCLASS_NL":null,"FCLASS_SE":null,"FCLASS_BD":null,"FCLASS_UA":null,"FCLASS_TLC":null},"geometry":{"type":"Point","coordinates":[114.5060233,48.0665867]}},
{"type":"Feature","properties":{"SCALERANK":4,"NATSCALE":50,"LABELRANK":1,"FEATURECLA":"Populated place","NAME":"Ulan Hot","NAMEPAR":null,"NAMEALT":"Ulanhot","NAMEASCII":"Ulanhot","ADM0CAP":0,"CAPIN":null,"WORLDCITY":0,"MEGACITY":0,"SOV0NAME":"China","SOV_A3":"CHN","ADM0NAME":"China","ADM0_A3":"CHN","ADM1NAME":"Nei Mongol","ISO_A2":"CN","NOTE":null,"LATITUDE":46.080016,"LONGITUDE":122.080031,"POP_MAX":241894,"POP_MIN":165846,"POP_OTHER":232116,"RANK_MAX":10,"RANK_MIN":9,"MEGANAME":null,"LS_NAME":"Ulanhot","MAX_POP10":241894,"MAX_POP20":241894,"MAX_POP50":241894,"MAX_POP300":0,"MAX_POP310":0,"MAX_NATSCA":50,"MIN_AREAKM":78,"MAX_AREAKM":78,"MIN_AREAMI":30,"MAX_AREAMI":30,"MIN_PERKM":70,"MAX_PERKM":70,"MIN_PERMI":43,"MAX_PERMI":43,"MIN_BBXMIN":121.991667,"MAX_BBXMIN":121.991667,"MIN_BBXMAX":122.141667,"MAX_BBXMAX":122.141667,"MIN_BBYMIN":46.033333,"MAX_BBYMIN":46.033333,"MIN_BBYMAX":46.141667,"MAX_BBYMAX":46.141667,"MEAN_BBXC":122.064981,"MEAN_BBYC":46.08222,"TIMEZONE":"Asia/Harbin","UN_FID":0,"POP1950":0,"POP1955":0,"POP1960":0,"POP1965":0,"POP1970":0,"POP1975":0,"POP1980":0,"POP1985":0,"POP1990":0,"POP1995":0,"POP2000":0,"POP2005":0,"POP2010":0,"POP2015":0,"POP2020":0,"POP2025":0,"POP2050":0,"MIN_ZOOM":5.6,"WIKIDATAID":"Q1000383","WOF_ID":890515815,"CAPALT":0,"NAME_EN":"Ulan Hot","NAME_DE":"Ulanhot","NAME_ES":"Ulanhot","NAME_FR":"Ulan Hot","NAME_PT":"Ulanhot","NAME_RU":"Улан-Хото","NAME_ZH":"乌兰浩特","LABEL":null,"NAME_AR":"أولان هوت","NAME_BN":"উলান হট","NAME_EL":"Ουλάν Χοτ","NAME_HI":"उलान हॉट","NAME_HU":"Ulanhot","NAME_ID":"Ulan Hot","NAME_IT":"Ulan Hot","NAME_JA":"ウランホト市","NAME_KO":"우란하오터시","NAME_NL":"Ulanhot","NAME_PL":"Ulanhot","NAME_SV":"Ulanhot","NAME_TR":"Ulan Hot","NAME_VI":"Ulan Hot","NE_ID":1159149945,"NAME_FA":"اولان هوت","NAME_HE":"אולנהוט","NAME_UK":"Улан-Хото","NAME_UR":"اولان ہوت","NAME_ZHT":"烏蘭浩特市","GEONAMESID":2034312,"FCLASS_ISO":null,"FCLASS_US":null,"FCLASS_FR":null,"FCLASS_RU":null,"FCLASS_ES":null,"FCLASS_CN":null,"FCLASS_TW":null,"FCLASS_IN":null,"FCLASS_NP":null,"FCLASS_PK":null,"FCLASS_DE":null,"FCLASS_GB":null,"FCLASS_BR":null,"FCLASS_IL":null,"FCLASS_PS":null,"FCLASS_SA":null,"FCLASS_EG":null,"FCLASS_MA":null,"FCLASS_PT":null,"FCLASS_AR":null,"FCLASS_JP":null,"FCLASS_KO":null,"FCLASS_VN":null,"FCLASS_TR":null,"FCLASS_ID":null,"FCLASS_PL":null,"FCLASS_GR":null,"FCLASS_IT":null,"FCLASS_NL":null,"FCLASS_SE":null,"FCLASS_BD":null,"FCLASS_UA":null,"FCLASS_TLC":null},"geometry":{"type":"Point","coordinates":[122.0800313,46.0800155]}},
{"type":"Feature","properties":{"SCALERANK":4,"NATSCALE":50,"LABELRANK":1,"FEATURECLA":"Populated place","NAME":"Hailar","NAMEPAR":null,"NAMEALT":null,"NAMEASCII":"Hailar","ADM0CAP":0,"CAPIN":null,"WORLDCITY":0,"MEGACITY":0,"SOV0NAME":"China","SOV_A3":"CHN","ADM0NAME":"China","ADM0_A3":"CHN","ADM1NAME":"Nei Mongol","ISO_A2":"CN","NOTE":null,"LATITUDE":49.19998,"LONGITUDE":119.700022,"POP_MAX":231171,"POP_MIN":211066,"POP_OTHER":224324,"RANK_MAX":10,"RANK_MIN":10,"MEGANAME":null,"LS_NAME":"Hailar","MAX_POP10":231171,"MAX_POP20":231171,"MAX_POP50":231171,"MAX_POP300":0,"MAX_POP310":0,"MAX_NATSCA":50,"MIN_AREAKM":52,"MAX_AREAKM":52,"MIN_AREAMI":20,"MAX_AREAMI":20,"MIN_PERKM":60,"MAX_PERKM":60,"MIN_PERMI":37,"MAX_PERMI":37,"MIN_BBXMIN":119.691667,"MAX_BBXMIN":119.691667,"MIN_BBXMAX":119.866667,"MAX_BBXMAX":119.866667,"MIN_BBYMIN":49.175,"MAX_BBYMIN":49.175,"MIN_BBYMAX":49.266667,"MAX_BBYMAX":49.266667,"MEAN_BBXC":119.759812,"MEAN_BBYC":49.222088,"TIMEZONE":"Asia/Harbin","UN_FID":0,"POP1950":0,"POP1955":0,"POP1960":0,"POP1965":0,"POP1970":0,"POP1975":0,"POP1980":0,"POP1985":0,"POP1990":0,"POP1995":0,"POP2000":0,"POP2005":0,"POP2010":0,"POP2015":0,"POP2020":0,"POP2025":0,"POP2050":0,"MIN_ZOOM":5.6,"WIKIDATAID":"Q986724","WOF_ID":102027923,"CAPALT":0,"NAME_EN":"Hailar","NAME_DE":"Hailar","NAME_ES":"Hailar","NAME_FR":"Hailar","NAME_PT":"Hailar","NAME_RU":"Хайлар","NAME_ZH":"海拉尔区","LABEL":null,"NAME_AR":"هيلار","NAME_BN":"হাইলার","NAME_EL":"Χαϊλάρ","NAME_HI":"हैलर","NAME_HU":"Hajlar","NAME_ID":"Hailar","NAME_IT":"Hailar","NAME_JA":"ハイラル区","NAME_KO":"하이라얼구","NAME_NL":"Hailar","NAME_PL":"Hailar","NAME_SV":"Hailar","NAME_TR":"Hailar","NAME_VI":"Hailar","NE_ID":1159149947,"NAME_FA":"هایلار","NAME_HE":"האילאר","NAME_UK":"Хайлар","NAME_UR":"حایلار ضلع","NAME_ZHT":"海拉爾區","GEONAMESID":2037078,"FCLASS_ISO":null,"FCLASS_US":null,"FCLASS_FR":null,"FCLASS_RU":null,"FCLASS_ES":null,"FCLASS_CN":null,"FCLASS_TW":null,"FCLASS_IN":null,"FCLASS_NP":null,"FCLASS_PK":null,"FCLASS_DE":null,"FCLASS_GB":null,"FCLASS_BR":null,"FCLASS_IL":null,"FCLASS_PS":null,"FCLASS_SA":null,"FCLASS_EG":null,"FCLASS_MA":null,"FCLASS_PT":null,"FCLASS_AR":null,"FCLASS_JP":null,"FCLASS_KO":null,"FCLASS_VN":null,"FCLASS_TR":null,"FCLASS_ID":null,"FCLASS_PL":null,"FCLASS_GR":null,"FCLASS_IT":null,"FCLASS_NL":null,"FCLASS_SE":null,"FCLASS_BD":null,"FCLASS_UA":null,"FCLASS_TLC":null},"geometry":{"type":"Point","coordinates":[119.7000215,49.1999801]}},
{"type":"Feature","properties":{"SCALERANK":4,"NATSCALE":50,"LABELRANK":1,"FEATURECLA":"Populated place","NAME":"Jiamusi","NAMEPAR":null,"NAMEALT":null,"NAMEASCII":"Jiamusi","ADM0CAP":0,"CAPIN":null,"WORLDCITY":0,"MEGACITY":1,"SOV0NAME":"China","SOV_A3":"CHN","ADM0NAME":"China","ADM0_A3":"CHN","ADM1NAME":"Heilongjiang","ISO_A2":"CN","NOTE":null,"LATITUDE":46.831967,"LONGITUDE":130.348072,"POP_MAX":1020000,"POP_MIN":549549,"POP_OTHER":0,"RANK_MAX":12,"RANK_MIN":11,"MEGANAME":"Jiamusi","LS_NAME":"Jiamusi","MAX_POP10":715703,"MAX_POP20":715703,"MAX_POP50":715703,"MAX_POP300":0,"MAX_POP310":0,"MAX_NATSCA":50,"MIN_AREAKM":187,"MAX_AREAKM":187,"MIN_AREAMI":72,"MAX_AREAMI":72,"MIN_PERKM":177,"MAX_PERKM":177,"MIN_PERMI":110,"MAX_PERMI":110,"MIN_BBXMIN":130.133333,"MAX_BBXMIN":130.133333,"MIN_BBXMAX":130.525,"MAX_BBXMAX":130.525,"MIN_BBYMIN":46.725,"MAX_BBYMIN":46.725,"MIN_BBYMAX":46.866667,"MAX_BBYMAX":46.866667,"MEAN_BBXC":130.346803,"MEAN_BBYC":46.796069,"TIMEZONE":"Asia/Harbin","UN_FID":58,"POP1950":220,"POP1955":253,"POP1960":290,"POP1965":332,"POP1970":381,"POP1975":437,"POP1980":502,"POP1985":575,"POP1990":660,"POP1995":750,"POP2000":853,"POP2005":969,"POP2010":1020,"POP2015":1099,"POP2020":1229,"POP2025":1345,"POP2050":1441,"MIN_ZOOM":5.1,"WIKIDATAID":"Q29003","WOF_ID":102027905,"CAPALT":0,"NAME_EN":"Jiamusi","NAME_DE":"Jiamusi","NAME_ES":"Jiamusi","NAME_FR":"Jiamusi","NAME_PT":"Jiamusi","NAME_RU":"Цзямусы","NAME_ZH":"佳木斯","LABEL":null,"NAME_AR":"جياموسى","NAME_BN":"চিয়ামুসি","NAME_EL":"Τζιαμούσι","NAME_HI":"जियामुसी","NAME_HU":"Csiamusze","NAME_ID":"Jiamusi","NAME_IT":"Jiamusi","NAME_JA":"ジャムス市","NAME_KO":"자무쓰시","NAME_NL":"Jiamusi","NAME_PL":"Jiamusi","NAME_SV":"Jiamusi","NAME_TR":"Jiamusi","NAME_VI":"Giai Mộc Tư","NE_ID":1159149949,"NAME_FA":"جیاموسی","NAME_HE":"ג'יאמוסי","NAME_UK":"Цзямусі","NAME_UR":"جیاموسی","NAME_ZHT":"佳木斯市","GEONAMESID":2036581,"FCLASS_ISO":null,"FCLASS_US":null,"FCLASS_FR":null,"FCLASS_RU":null,"FCLASS_ES":null,"FCLASS_CN":null,"FCLASS_TW":null,"FCLASS_IN":null,"FCLASS_NP":null,"FCLASS_PK":null,"FCLASS_DE":null,"FCLASS_GB":null,"FCLASS_BR":null,"FCLASS_IL":null,"FCLASS_PS":null,"FCLASS_SA":null,"FCLASS_EG":null,"FCLASS_MA":null,"FCLASS_PT":null,"FCLASS_AR":null,"FCLASS_JP":null,"FCLASS_KO":null,"FCLASS_VN":null,"FCLASS_TR":null,"FCLASS_ID":null,"FCLASS_PL":null,"FCLASS_GR":null,"FCLASS_IT":null,"FCLASS_NL":null,"FCLASS_SE":null,"FCLASS_BD":null,"FCLASS_UA":null,"FCLASS_TLC":null},"geometry":{"type":"Point","coordinates":[130.3480716,46.8319672]}},
{"type":"Feature","properties":{"SCALERANK":4,"NATSCALE":50,"LABELRANK":1,"FEATURECLA":"Populated place","NAME":"Bei'an","NAMEPAR":null,"NAMEALT":"Beian","NAMEASCII":"Beian","ADM0CAP":0,"CAPIN":null,"WORLDCITY":0,"MEGACITY":0,"SOV0NAME":"China","SOV_A3":"CHN","ADM0NAME":"China","ADM0_A3":"CHN","ADM1NAME":"Heilongjiang","ISO_A2":"CN","NOTE":null,"LATITUDE":48.239005,"LONGITUDE":126.482037,"POP_MAX":154936,"POP_MIN":154936,"POP_OTHER":0,"RANK_MAX":9,"RANK_MIN":9,"MEGANAME":null,"LS_NAME":"Beian","MAX_POP10":154936,"MAX_POP20":154936,"MAX_POP50":154936,"MAX_POP300":0,"MAX_POP310":0,"MAX_NATSCA":50,"MIN_AREAKM":56,"MAX_AREAKM":56,"MIN_AREAMI":21,"MAX_AREAMI":21,"MIN_PERKM":93,"MAX_PERKM":93,"MIN_PERMI":58,"MAX_PERMI":58,"MIN_BBXMIN":126.4,"MAX_BBXMIN":126.4,"MIN_BBXMAX":126.625,"MAX_BBXMAX":126.625,"MIN_BBYMIN":48.216667,"MAX_BBYMIN":48.216667,"MIN_BBYMAX":48.333333,"MAX_BBYMAX":48.333333,"MEAN_BBXC":126.499785,"MEAN_BBYC":48.258204,"TIMEZONE":null,"UN_FID":0,"POP1950":0,"POP1955":0,"POP1960":0,"POP1965":0,"POP1970":0,"POP1975":0,"POP1980":0,"POP1985":0,"POP1990":0,"POP1995":0,"POP2000":0,"POP2005":0,"POP2010":0,"POP2015":0,"POP2020":0,"POP2025":0,"POP2050":0,"MIN_ZOOM":5.6,"WIKIDATAID":"Q814616","WOF_ID":1141909253,"CAPALT":0,"NAME_EN":"Bei'an","NAME_DE":"Bei’an","NAME_ES":"Bei’an","NAME_FR":"Bei'an","NAME_PT":"Bei’an","NAME_RU":"Бэйань","NAME_ZH":"北安","LABEL":null,"NAME_AR":"بيؤان","NAME_BN":"পেই-আন","NAME_EL":"Μπεϊάν","NAME_HI":"बेयान","NAME_HU":"Beian","NAME_ID":"Bei'an","NAME_IT":"Bei'an","NAME_JA":"北安市","NAME_KO":"베이안시","NAME_NL":"Bei'an","NAME_PL":"Bei'an","NAME_SV":"Bei'an","NAME_TR":"Bei'an","NAME_VI":"Bắc An","NE_ID":1159149953,"NAME_FA":"بیان","NAME_HE":"ביאן","NAME_UK":"Бейань","NAME_UR":"بیئآن","NAME_ZHT":"北安市","GEONAMESID":2038365,"FCLASS_ISO":null,"FCLASS_US":null,"FCLASS_FR":null,"FCLASS_RU":null,"FCLASS_ES":null,"FCLASS_CN":null,"FCLASS_TW":null,"FCLASS_IN":null,"FCLASS_NP":null,"FCLASS_PK":null,"FCLASS_DE":null,"FCLASS_GB":null,"FCLASS_BR":null,"FCLASS_IL":null,"FCLASS_PS":null,"FCLASS_SA":null,"FCLASS_EG":null,"FCLASS_MA":null,"FCLASS_PT":null,"FCLASS_AR":null,"FCLASS_JP":null,"FCLASS_KO":null,"FCLASS_VN":null,"FCLASS_TR":null,"FCLASS_ID":null,"FCLASS_PL":null,"FCLASS_GR":null,"FCLASS_IT":null,"FCLASS_NL":null,"FCLASS_SE":null,"FCLASS_BD":null,"FCLASS_UA":null,"FCLASS_TLC":null},"geometry":{"type":"Point","coordinates":[126.528603648499569,48.246263385961704]}},
{"type":"Feature","properties":{"SCALERANK":4,"NATSCALE":50,"LABELRANK":1,"FEATURECLA":"Populated place","NAME":"Daqing","NAMEPAR":null,"NAMEALT":null,"NAMEASCII":"Daqing","ADM0CAP":0,"CAPIN":null,"WORLDCITY":0,"MEGACITY":1,"SOV0NAME":"China","SOV_A3":"CHN","ADM0NAME":"China","ADM0_A3":"CHN","ADM1NAME":"Heilongjiang","ISO_A2":"CN","NOTE":null,"LATITUDE":46.581905,"LONGITUDE":124.998062,"POP_MAX":1693000,"POP_MIN":203488,"POP_OTHER":853242,"RANK_MAX":12,"RANK_MIN":10,"MEGANAME":"Daqing","LS_NAME":"Daqing","MAX_POP10":894299,"MAX_POP20":894299,"MAX_POP50":0,"MAX_POP300":0,"MAX_POP310":0,"MAX_NATSCA":20,"MIN_AREAKM":338,"MAX_AREAKM":338,"MIN_AREAMI":131,"MAX_AREAMI":131,"MIN_PERKM":410,"MAX_PERKM":410,"MIN_PERMI":255,"MAX_PERMI":255,"MIN_BBXMIN":124.8,"MAX_BBXMIN":124.8,"MIN_BBXMAX":125.175,"MAX_BBXMAX":125.175,"MIN_BBYMIN":46.416667,"MAX_BBYMIN":46.416667,"MIN_BBYMAX":46.708333,"MAX_BBYMAX":46.708333,"MEAN_BBXC":124.96454,"MEAN_BBYC":46.587078,"TIMEZONE":"Asia/Harbin","UN_FID":36,"POP1950":264,"POP1955":311,"POP1960":368,"POP1965":434,"POP1970":513,"POP1975":605,"POP1980":715,"POP1985":844,"POP1990":997,"POP1995":1167,"POP2000":1366,"POP2005":1594,"POP2010":1693,"POP2015":1842,"POP2020":2066,"POP2025":2252,"POP2050":2404,"MIN_ZOOM":5.1,"WIKIDATAID":"Q304848","WOF_ID":102027937,"CAPALT":0,"NAME_EN":"Daqing","NAME_DE":"Daqing","NAME_ES":"Daqing","NAME_FR":"Daqing","NAME_PT":"Daqing","NAME_RU":"Дацин","NAME_ZH":"大庆","LABEL":null,"NAME_AR":"داتشينغ","NAME_BN":"তাছিং","NAME_EL":"Τατσίνγκ","NAME_HI":"दक़िंग","NAME_HU":"Tacsing","NAME_ID":"Daqing","NAME_IT":"Daqing","NAME_JA":"大慶市","NAME_KO":"다칭시","NAME_NL":"Daqing","NAME_PL":"Daqing","NAME_SV":"Daqing","NAME_TR":"Daqing","NAME_VI":"Đại Khánh","NE_ID":1159149955,"NAME_FA":"داکینگ","NAME_HE":"דאגינג","NAME_UK":"Дацін","NAME_UR":"داچینگ","NAME_ZHT":"大慶市","GEONAMESID":2037860,"FCLASS_ISO":null,"FCLASS_US":null,"FCLASS_FR":null,"FCLASS_RU":null,"FCLASS_ES":null,"FCLASS_CN":null,"FCLASS_TW":null,"FCLASS_IN":null,"FCLASS_NP":null,"FCLASS_PK":null,"FCLASS_DE":null,"FCLASS_GB":null,"FCLASS_BR":null,"FCLASS_IL":null,"FCLASS_PS":null,"FCLASS_SA":null,"FCLASS_EG":null,"FCLASS_MA":null,"FCLASS_PT":null,"FCLASS_AR":null,"FCLASS_JP":null,"FCLASS_KO":null,"FCLASS_VN":null,"FCLASS_TR":null,"FCLASS_ID":null,"FCLASS_PL":null,"FCLASS_GR":null,"FCLASS_IT":null,"FCLASS_NL":null,"FCLASS_SE":null,"FCLASS_BD":null,"FCLASS_UA":null,"FCLASS_TLC":null},"geometry":{"type":"Point","coordinates":[124.9980622,46.581905]}},
{"type":"Feature","properties":{"SCALERANK":4,"NATSCALE":50,"LABELRANK":1,"FEATURECLA":"Populated place","NAME":"Jixi","NAMEPAR":null,"NAMEALT":"Jixi, Heilongjiang","NAMEASCII":"Jixi","ADM0CAP":0,"CAPIN":null,"WORLDCITY":0,"MEGACITY":1,"SOV0NAME":"China","SOV_A3":"CHN","ADM0NAME":"China","ADM0_A3":"CHN","ADM1NAME":"Heilongjiang","ISO_A2":"CN","NOTE":null,"LATITUDE":45.301906,"LONGITUDE":130.968085,"POP_MAX":965000,"POP_MIN":403759,"POP_OTHER":460608,"RANK_MAX":11,"RANK_MIN":10,"MEGANAME":"Jixi, Heilongjiang","LS_NAME":"Jixi","MAX_POP10":477426,"MAX_POP20":477426,"MAX_POP50":0,"MAX_POP300":0,"MAX_POP310":0,"MAX_NATSCA":20,"MIN_AREAKM":148,"MAX_AREAKM":148,"MIN_AREAMI":57,"MAX_AREAMI":57,"MIN_PERKM":160,"MAX_PERKM":160,"MIN_PERMI":99,"MAX_PERMI":99,"MIN_BBXMIN":130.858333,"MAX_BBXMIN":130.858333,"MIN_BBXMAX":131.2,"MAX_BBXMAX":131.2,"MIN_BBYMIN":45.258333,"MAX_BBYMIN":45.258333,"MIN_BBYMAX":45.391667,"MAX_BBYMAX":45.391667,"MEAN_BBXC":131.012602,"MEAN_BBYC":45.327024,"TIMEZONE":"Asia/Harbin","UN_FID":66,"POP1950":177,"POP1955":222,"POP1960":280,"POP1965":352,"POP1970":442,"POP1975":556,"POP1980":700,"POP1985":792,"POP1990":835,"POP1995":871,"POP2000":908,"POP2005":947,"POP2010":965,"POP2015":1006,"POP2020":1105,"POP2025":1208,"POP2050":1295,"MIN_ZOOM":5.6,"WIKIDATAID":"Q28979","WOF_ID":102027895,"CAPALT":0,"NAME_EN":"Jixi","NAME_DE":"Jixi","NAME_ES":"Jixi","NAME_FR":"Jixi","NAME_PT":"Jixi","NAME_RU":"Цзиси","NAME_ZH":"鸡西","LABEL":null,"NAME_AR":"جيشى","NAME_BN":"চিশি","NAME_EL":"Τζιξί","NAME_HI":"जिक्षी","NAME_HU":"Csihszi","NAME_ID":"Jixi","NAME_IT":"Jixi","NAME_JA":"鶏西市","NAME_KO":"지시시","NAME_NL":"Jixi","NAME_PL":"Jixi","NAME_SV":"Jixi","NAME_TR":"Jixi","NAME_VI":"Kê Tây","NE_ID":1159149957,"NAME_FA":"جیشی","NAME_HE":"ג'יקסי","NAME_UK":"Цзісі","NAME_UR":"جیشی","NAME_ZHT":"雞西市","GEONAMESID":2036389,"FCLASS_ISO":null,"FCLASS_US":null,"FCLASS_FR":null,"FCLASS_RU":null,"FCLASS_ES":null,"FCLASS_CN":null,"FCLASS_TW":null,"FCLASS_IN":null,"FCLASS_NP":null,"FCLASS_PK":null,"FCLASS_DE":null,"FCLASS_GB":null,"FCLASS_BR":null,"FCLASS_IL":null,"FCLASS_PS":null,"FCLASS_SA":null,"FCLASS_EG":null,"FCLASS_MA":null,"FCLASS_PT":null,"FCLASS_AR":null,"FCLASS_JP":null,"FCLASS_KO":null,"FCLASS_VN":null,"FCLASS_TR":null,"FCLASS_ID":null,"FCLASS_PL":null,"FCLASS_GR":null,"FCLASS_IT":null,"FCLASS_NL":null,"FCLASS_SE":null,"FCLASS_BD":null,"FCLASS_UA":null,"FCLASS_TLC":null},"geometry":{"type":"Point","coordinates":[130.9680854,45.3019056]}},
{"type":"Feature","properties":{"SCALERANK":3,"NATSCALE":110,"LABELRANK":2,"FEATURECLA":"Admin-1 capital","NAME":"Chita","NAMEPAR":null,"NAMEALT":null,"NAMEASCII":"Chita","ADM0CAP":0,"CAPIN":null,"WORLDCITY":0,"MEGACITY":0,"SOV0NAME":"Russia","SOV_A3":"RUS","ADM0NAME":"Russia","ADM0_A3":"RUS","ADM1NAME":"Chita","ISO_A2":"RU","NOTE":null,"LATITUDE":52.055026,"LONGITUDE":113.465002,"POP_MAX":308500,"POP_MIN":277807,"POP_OTHER":276812,"RANK_MAX":10,"RANK_MIN":10,"MEGANAME":null,"LS_NAME":"Chita","MAX_POP10":277807,"MAX_POP20":277807,"MAX_POP50":277807,"MAX_POP300":277807,"MAX_POP310":0,"MAX_NATSCA":100,"MIN_AREAKM":60,"MAX_AREAKM":60,"MIN_AREAMI":23,"MAX_AREAMI":23,"MIN_PERKM":56,"MAX_PERKM":56,"MIN_PERMI":35,"MAX_PERMI":35,"MIN_BBXMIN":113.416667,"MAX_BBXMIN":113.416667,"MIN_BBXMAX":113.558333,"MAX_BBXMAX":113.558333,"MIN_BBYMIN":51.991667,"MAX_BBYMIN":51.991667,"MIN_BBYMAX":52.1,"MAX_BBYMAX":52.1,"MEAN_BBXC":113.478947,"MEAN_BBYC":52.041886,"TIMEZONE":"Asia/Yakutsk","UN_FID":0,"POP1950":0,"POP1955":0,"POP1960":0,"POP1965":0,"POP1970":0,"POP1975":0,"POP1980":0,"POP1985":0,"POP1990":0,"POP1995":0,"POP2000":0,"POP2005":0,"POP2010":0,"POP2015":0,"POP2020":0,"POP2025":0,"POP2050":0,"MIN_ZOOM":5.0,"WIKIDATAID":"Q53139","WOF_ID":102014609,"CAPALT":0,"NAME_EN":"Chita","NAME_DE":"Tschita","NAME_ES":"Chitá","NAME_FR":"Tchita","NAME_PT":"Chita","NAME_RU":"Чита","NAME_ZH":"赤塔","LABEL":null,"NAME_AR":"تشيتا","NAME_BN":"চিটা","NAME_EL":"Τσιτά","NAME_HI":"चिता","NAME_HU":"Csita","NAME_ID":"Chita","NAME_IT":"Čita","NAME_JA":"チタ","NAME_KO":"치타","NAME_NL":"Tsjita","NAME_PL":"Czyta","NAME_SV":"Tjita","NAME_TR":"Çita","NAME_VI":"Chita","NE_ID":1159150737,"NAME_FA":"چیتا","NAME_HE":"צ'יטה","NAME_UK":"Чита","NAME_UR":"چیتا","NAME_ZHT":"赤塔","GEONAMESID":2025339,"FCLASS_ISO":null,"FCLASS_US":null,"FCLASS_FR":null,"FCLASS_RU":null,"FCLASS_ES":null,"FCLASS_CN":null,"FCLASS_TW":null,"FCLASS_IN":null,"FCLASS_NP":null,"FCLASS_PK":null,"FCLASS_DE":null,"FCLASS_GB":null,"FCLASS_BR":null,"FCLASS_IL":null,"FCLASS_PS":null,"FCLASS_SA":null,"FCLASS_EG":null,"FCLASS_MA":null,"FCLASS_PT":null,"FCLASS_AR":null,"FCLASS_JP":null,"FCLASS_KO":null,"FCLASS_VN":null,"FCLASS_TR":null,"FCLASS_ID":null,"FCLASS_PL":null,"FCLASS_GR":null,"FCLASS_IT":null,"FCLASS_NL":null,"FCLASS_SE":null,"FCLASS_BD":null,"FCLASS_UA":null,"FCLASS_TLC":null},"geometry":{"type":"Point","coordinates":[113.4650016,52.0550255]}},
{"type":"Feature","properties":{"SCALERANK":3,"NATSCALE":110,"LABELRANK":2,"FEATURECLA":"Admin-1 capital","NAME":"Vladivostok","NAMEPAR":null,"NAMEALT":null,"NAMEASCII":"Vladivostok","ADM0CAP":0,"CAPIN":null,"WORLDCITY":0,"MEGACITY":0,"SOV0NAME":"Russia","SOV_A3":"RUS","ADM0NAME":"Russia","ADM0_A3":"RUS","ADM1NAME":"Primor'ye","ISO_A2":"RU","NOTE":null,"LATITUDE":43.130015,"LONGITUDE":131.910026,"POP_MAX":587022,"POP_MIN":586212,"POP_OTHER":565528,"RANK_MAX":11,"RANK_MIN":11,"MEGANAME":null,"LS_NAME":"Vladivostok","MAX_POP10":586212,"MAX_POP20":586212,"MAX_POP50":586212,"MAX_POP300":586212,"MAX_POP310":0,"MAX_NATSCA":100,"MIN_AREAKM":98,"MAX_AREAKM":98,"MIN_AREAMI":38,"MAX_AREAMI":38,"MIN_PERKM":105,"MAX_PERKM":105,"MIN_PERMI":65,"MAX_PERMI":65,"MIN_BBXMIN":131.841667,"MAX_BBXMIN":131.841667,"MIN_BBXMAX":132.05,"MAX_BBXMAX":132.05,"MIN_BBYMIN":43.075,"MAX_BBYMIN":43.075,"MIN_BBYMAX":43.258333,"MAX_BBYMAX":43.258333,"MEAN_BBXC":131.939423,"MEAN_BBYC":43.143429,"TIMEZONE":"Asia/Vladivostok","UN_FID":0,"POP1950":0,"POP1955":0,"POP1960":0,"POP1965":0,"POP1970":0,"POP1975":0,"POP1980":0,"POP1985":0,"POP1990":0,"POP1995":0,"POP2000":0,"POP2005":0,"POP2010":0,"POP2015":0,"POP2020":0,"POP2025":0,"POP2050":0,"MIN_ZOOM":5.0,"WIKIDATAID":"Q959","WOF_ID":890479243,"CAPALT":0,"NAME_EN":"Vladivostok","NAME_DE":"Wladiwostok","NAME_ES":"Vladivostok","NAME_FR":"Vladivostok","NAME_PT":"Vladivostok","NAME_RU":"Владивосток","NAME_ZH":"海参崴","LABEL":null,"NAME_AR":"فلاديفوستوك","NAME_BN":"ভ্লাদিভস্তক","NAME_EL":"Βλαδιβοστόκ","NAME_HI":"व्लादिवोस्तोक","NAME_HU":"Vlagyivosztok","NAME_ID":"Vladivostok","NAME_IT":"Vladivostok","NAME_JA":"ウラジオストク","NAME_KO":"블라디보스토크","NAME_NL":"Vladivostok","NAME_PL":"Władywostok","NAME_SV":"Vladivostok","NAME_TR":"Vladivostok","NAME_VI":"Vladivostok","NE_ID":1159150739,"NAME_FA":"ولادیوستوک","NAME_HE":"ולדיווסטוק","NAME_UK":"Владивосток","NAME_UR":"ولادی وستوک","NAME_ZHT":"海參崴","GEONAMESID":2013348,"FCLASS_ISO":null,"FCLASS_US":null,"FCLASS_FR":null,"FCLASS_RU":null,"FCLASS_ES":null,"FCLASS_CN":null,"FCLASS_TW":null,"FCLASS_IN":null,"FCLASS_NP":null,"FCLASS_PK":null,"FCLASS_DE":null,"FCLASS_GB":null,"FCLASS_BR":null,"FCLASS_IL":null,"FCLASS_PS":null,"FCLASS_SA":null,"FCLASS_EG":null,"FCLASS_MA":null,"FCLASS_PT":null,"FCLASS_AR":null,"FCLASS_JP":null,"FCLASS_KO":null,"FCLASS_VN":null,"FCLASS_TR":null,"FCLASS_ID":null,"FCLASS_PL":null,"FCLASS_GR":null,"FCLASS_IT":null,"FCLASS_NL":null,"FCLASS_SE":null,"FCLASS_BD":null,"FCLASS_UA":null,"FCLASS_TLC":null},"geometry":{"type":"Point","coordinates":[131.910025600000012,43.1300147]}},
{"type":"Feature","properties":{"SCALERANK":3,"NATSCALE":110,"LABELRANK":1,"FEATURECLA":"Populated place","NAME":"Qiqihar","NAMEPAR":null,"NAMEALT":"Qiqihaer","NAMEASCII":"Qiqihar","ADM0CAP":0,"CAPIN":null,"WORLDCITY":0,"MEGACITY":1,"SOV0NAME":"China","SOV_A3":"CHN","ADM0NAME":"China","ADM0_A3":"CHN","ADM1NAME":"Heilongjiang","ISO_A2":"CN","NOTE":null,"LATITUDE":47.346923,"LONGITUDE":123.988046,"POP_MAX":1641000,"POP_MIN":882364,"POP_OTHER":880100,"RANK_MAX":12,"RANK_MIN":11,"MEGANAME":"Qiqihaer","LS_NAME":"Qiqihar","MAX_POP10":932377,"MAX_POP20":932512,"MAX_POP50":932512,"MAX_POP300":932512,"MAX_POP310":0,"MAX_NATSCA":100,"MIN_AREAKM":135,"MAX_AREAKM":138,"MIN_AREAMI":52,"MAX_AREAMI":53,"MIN_PERKM":102,"MAX_PERKM":105,"MIN_PERMI":64,"MAX_PERMI":65,"MIN_BBXMIN":123.883333,"MAX_BBXMIN":123.883333,"MIN_BBXMAX":124.075,"MAX_BBXMAX":124.075,"MIN_BBYMIN":47.225,"MAX_BBYMIN":47.225,"MIN_BBYMAX":47.416667,"MAX_BBYMAX":47.416667,"MEAN_BBXC":123.969766,"MEAN_BBYC":47.338546,"TIMEZONE":"Asia/Harbin","UN_FID":96,"POP1950":721,"POP1955":784,"POP1960":851,"POP1965":924,"POP1970":1004,"POP1975":1090,"POP1980":1184,"POP1985":1288,"POP1990":1401,"POP1995":1466,"POP2000":1535,"POP2005":1607,"POP2010":1641,"POP2015":1712,"POP2020":1876,"POP2025":2043,"POP2050":2182,"MIN_ZOOM":4.0,"WIKIDATAID":"Q205922","WOF_ID":102027881,"CAPALT":0,"NAME_EN":"Qiqihar","NAME_DE":"Qiqihar","NAME_ES":"Qiqihar","NAME_FR":"Qiqihar","NAME_PT":"Qiqihar","NAME_RU":"Цицикар","NAME_ZH":"齐齐哈尔","LABEL":null,"NAME_AR":"كيكيهار","NAME_BN":"ছিছিহার","NAME_EL":"Κίκιχαρ","NAME_HI":"कीकीहार","NAME_HU":"Csicsihar","NAME_ID":"Qiqihar","NAME_IT":"Qiqihar","NAME_JA":"チチハル市","NAME_KO":"치치하얼시","NAME_NL":"Qiqihar","NAME_PL":"Qiqihar","NAME_SV":"Qiqihar","NAME_TR":"Qiqihar","NAME_VI":"Tề Tề Cáp Nhĩ","NE_ID":1159150895,"NAME_FA":"چیچیهار","NAME_HE":"קוקיחאר","NAME_UK":"Ціцікар","NAME_UR":"چہچہیار","NAME_ZHT":"齊齊哈爾市","GEONAMESID":2035265,"FCLASS_ISO":null,"FCLASS_US":null,"FCLASS_FR":null,"FCLASS_RU":null,"FCLASS_ES":null,"FCLASS_CN":null,"FCLASS_TW":null,"FCLASS_IN":null,"FCLASS_NP":null,"FCLASS_PK":null,"FCLASS_DE":null,"FCLASS_GB":null,"FCLASS_BR":null,"FCLASS_IL":null,"FCLASS_PS":null,"FCLASS_SA":null,"FCLASS_EG":null,"FCLASS_MA":null,"FCLASS_PT":null,"FCLASS_AR":null,"FCLASS_JP":null,"FCLASS_KO":null,"FCLASS_VN":null,"FCLASS_TR":null,"FCLASS_ID":null,"FCLASS_PL":null,"FCLASS_GR":null,"FCLASS_IT":null,"FCLASS_NL":null,"FCLASS_SE":null,"FCLASS_BD":null,"FCLASS_UA":null,"FCLASS_TLC":null},"geometry":{"type":"Point","coordinates":[123.9880464,47.3469229]}},
{"type":"Feature","properties":{"SCALERANK":2,"NATSCALE":200,"LABELRANK":1,"FEATURECLA":"Admin-1 capital","NAME":"Harbin","NAMEPAR":null,"NAMEALT":"Haerbin","NAMEASCII":"Harbin","ADM0CAP":0,"CAPIN":null,"WORLDCITY":0,"MEGACITY":1,"SOV0NAME":"China","SOV_A3":"CHN","ADM0NAME":"China","ADM0_A3":"CHN","ADM1NAME":"Heilongjiang","ISO_A2":"CN","NOTE":null,"LATITUDE":45.75193,"LONGITUDE":126.648039,"POP_MAX":3621000,"POP_MIN":3229883,"POP_OTHER":3416547,"RANK_MAX":12,"RANK_MIN":12,"MEGANAME":"Haerbin","LS_NAME":"Harbin","MAX_POP10":3652507,"MAX_POP20":3652507,"MAX_POP50":3699432,"MAX_POP300":3699432,"MAX_POP310":0,"MAX_NATSCA":100,"MIN_AREAKM":945,"MAX_AREAKM":1009,"MIN_AREAMI":365,"MAX_AREAMI":390,"MIN_PERKM":762,"MAX_PERKM":825,"MIN_PERMI":473,"MAX_PERMI":513,"MIN_BBXMIN":126.175,"MAX_BBXMIN":126.333333,"MIN_BBXMAX":126.941667,"MAX_BBXMAX":126.941667,"MIN_BBYMIN":45.541667,"MAX_BBYMIN":45.541667,"MIN_BBYMAX":46.066667,"MAX_BBYMAX":46.066667,"MEAN_BBXC":126.636789,"MEAN_BBYC":45.74635,"TIMEZONE":"Asia/Harbin","UN_FID":47,"POP1950":1012,"POP1955":1276,"POP1960":1610,"POP1965":1968,"POP1970":2122,"POP1975":2288,"POP1980":2467,"POP1985":2702,"POP1990":2991,"POP1995":3209,"POP2000":3444,"POP2005":3566,"POP2010":3621,"POP2015":3753,"POP2020":4083,"POP2025":4421,"POP2050":4696,"MIN_ZOOM":3.7,"WIKIDATAID":"Q42956","WOF_ID":102027921,"CAPALT":0,"NAME_EN":"Harbin","NAME_DE":"Harbin","NAME_ES":"Harbin","NAME_FR":"Harbin","NAME_PT":"Harbin","NAME_RU":"Харбин","NAME_ZH":"哈尔滨","LABEL":null,"NAME_AR":"هاربن","NAME_BN":"হারপিন","NAME_EL":"Χαρμπίν","NAME_HI":"हारबिन","NAME_HU":"Harbin","NAME_ID":"Harbin","NAME_IT":"Harbin","NAME_JA":"ハルビン市","NAME_KO":"하얼빈시","NAME_NL":"Harbin","NAME_PL":"Harbin","NAME_SV":"Harbin","NAME_TR":"Harbin","NAME_VI":"Cáp Nhĩ Tân","NE_ID":1159151397,"NAME_FA":"هاربین","NAME_HE":"חרבין","NAME_UK":"Харбін","NAME_UR":"ہاربن","NAME_ZHT":"哈爾濱市","GEONAMESID":2037013,"FCLASS_ISO":null,"FCLASS_US":null,"FCLASS_FR":null,"FCLASS_RU":null,"FCLASS_ES":null,"FCLASS_CN":null,"FCLASS_TW":null,"FCLASS_IN":null,"FCLASS_NP":null,"FCLASS_PK":null,"FCLASS_DE":null,"FCLASS_GB":null,"FCLASS_BR":null,"FCLASS_IL":null,"FCLASS_PS":null,"FCLASS_SA":null,"FCLASS_EG":null,"FCLASS_MA":null,"FCLASS_PT":null,"FCLASS_AR":null,"FCLASS_JP":null,"FCLASS_KO":null,"FCLASS_VN":null,"FCLASS_TR":null,"FCLASS_ID":null,"FCLASS_PL":null,"FCLASS_GR":null,"FCLASS_IT":null,"FCLASS_NL":null,"FCLASS_SE":null,"FCLASS_BD":null,"FCLASS_UA":null,"FCLASS_TLC":null},"geometry":{"type":"Point","coordinates":[126.648039,45.7519298]}}
]
}
